utc,freq_khz,dx_call,wpm,snr_db,spotter
19:00:00,14041.2,N5RZ,39,14,OK1HRA
19:00:01,14030.4,EA6BF,29,47,DK3WW
19:00:01,14031.5,EA1X,37,11,DK3WW
19:00:01,14031.5,EA1X,37,10,LZ3CB
19:00:01,14031.5,EA1X,38,14,LZ4AE
19:00:01,14038.0,E70T,34,4,M1GEO
19:00:01,14048.0,G3SNT,25,2,LZ3CB
19:00:02,14030.4,EA6BF,31,20,DK9IP-1
19:00:02,14031.5,EA1X,37,16,LZ7AA
19:00:02,14034.4,KG9X,38,15,W6YX
19:00:02,14034.4,KG9X,38,11,ZF9CW
19:00:02,14037.4,K2WK,34,34,ZF9CW
19:00:02,14039.6,W8CAR,38,18,W6YX
19:00:02,14041.2,N5RZ,39,24,W8WWV
19:00:02,14041.3,N5RZ,39,33,W6YX
19:00:02,14041.3,N5RZ,38,43,ZF9CW
19:00:02,14041.3,N5RZ,39,12,N2YCH
19:00:03,14035.2,VE3JM,33,4,N6TV
19:00:03,14040.0,KC9IL,28,12,N9CO
19:00:03,14041.3,N5RZ,39,16,K5TR
19:00:03,14041.3,N5RZ,39,23,N6TV
19:00:03,14041.3,N5RZ,40,13,W3RGA
19:00:03,14041.3,N5RZ,39,13,WE9V
19:00:04,14027.4,N8KH,37,10,DL8LAS-3
19:00:04,14028.0,HA6NL,32,5,DP5G
19:00:04,14030.4,EA6BF,32,37,HG8A
19:00:04,14030.4,EA6BF,33,42,DL8LAS-3
19:00:04,14031.5,EA1X,39,14,RK3TD-2
19:00:04,14041.3,N5RZ,40,12,K9IMM
19:00:04,14041.3,N5RZ,38,6,WT8P
19:00:04,14043.2,K5UV,38,21,K9IMM
19:00:04,14043.2,K5UV,37,10,K9LC
19:00:05,14027.0,W5TM,38,22,K7EK
19:00:05,14027.4,N8KH,37,7,W2NAF
19:00:05,14030.4,AD4EB,37,8,W2NAF
19:00:05,14030.4,EA6BF,33,35,MM9PSY
19:00:05,14030.4,EA6BF,31,43,DL8LAS-1
19:00:05,14031.0,K3WW,41,9,DL8LAS-1
19:00:05,14031.5,EA1X,37,8,BH4RRG
19:00:05,14041.3,N5RZ,39,32,K1RA-4
19:00:05,14041.3,N5RZ,39,20,K7EK
19:00:05,14041.3,N5RZ,40,16,N2EPE
19:00:05,14043.2,K5UV,37,7,K1RA-4
19:00:05,14043.2,K5UV,37,12,NG7M
19:00:05,14044.6,W0GAS,29,5,K7EK
19:00:06,14027.8,W8FN,39,35,W1NT-2
19:00:06,14030.4,EA6BF,31,44,OK1FCJ
19:00:06,14035.2,VE3JM,34,7,IT9GSF
19:00:06,14037.6,N4HAI,28,10,W1NT-2
19:00:06,14041.3,N5RZ,39,34,KD7EFG
19:00:06,14043.2,K5UV,37,14,W1NT-2
19:00:06,14055.0,EA4DE,17,29,IT9GSF
19:00:06,14072.8,I5EEE,23,24,IT9GSF
19:00:07,14027.8,W8FN,40,12,DL1HWS
19:00:07,14028.0,W8FN,40,9,DL5RCN
19:00:07,14030.6,EA6BF,28,21,DL5RCN
19:00:07,14031.0,K3WW,40,12,S53WW
19:00:07,14035.2,EC5ACA,17,8,DL5RCN
19:00:07,14055.0,EA4DE,17,20,S53WW
19:00:08,14027.7,W8FN,39,32,KM3T-5
19:00:08,14027.8,W8FN,40,17,AC0C-1
19:00:08,14027.8,W8FN,39,31,KM3T-3
19:00:08,14030.4,EA6BF,31,43,MM0ZBH
19:00:08,14030.4,AD4EB,36,8,S53A
19:00:08,14031.0,K3WW,40,22,K4PP
19:00:08,14041.0,TA3DKT,32,15,SE5E
19:00:08,14043.2,K5UV,37,10,KM3T-3
19:00:08,14055.0,EA4DE,17,22,SE5E
19:00:08,14055.0,EA4DE,17,24,S53A
19:00:09,14027.4,N8KH,37,8,ND7K
19:00:09,14027.4,N8KH,37,12,WA7LNW
19:00:09,14027.7,W8FN,40,9,ND7K
19:00:09,14027.8,W8FN,39,18,TI7W
19:00:09,14027.8,W8FN,39,30,KM3T-2
19:00:09,14027.8,W8FN,39,13,WA7LNW
19:00:09,14028.0,HA6NL,32,4,DK0KK
19:00:09,14031.0,K3WW,34,25,TI7W
19:00:09,14031.5,EA1X,39,12,SZ1A
19:00:09,14039.6,W8CAR,39,33,K3PA-1
19:00:09,14041.3,N5RZ,40,9,KM3T-2
19:00:09,14041.3,N5RZ,39,38,ND7K
19:00:09,14043.2,K5UV,37,17,K6FOD
19:00:09,14043.2,K5UV,38,14,TI7W
19:00:09,14043.2,K5UV,37,17,ND7K
19:00:09,14055.0,EA4DE,17,15,OH6BG
19:00:10,14026.6,W1WEF,35,4,N7VVX
19:00:10,14027.7,W8FN,39,11,VE6WZ
19:00:10,14027.8,W8FN,38,30,W2NNN
19:00:10,14031.0,K3WW,40,18,VE6WZ
19:00:10,14041.2,N5RZ,40,16,VE6WZ
19:00:10,14055.0,EA4DE,17,12,ES2RR
19:00:11,14027.7,W8FN,39,11,VE6WZ-3
19:00:11,14027.8,W8FN,40,31,W1NT-6
19:00:11,14031.0,K3WW,40,18,VE6WZ-3
19:00:11,14031.0,K3WW,40,13,HA2NA
19:00:11,14035.0,ON7PQ,29,5,W1NT-6
19:00:11,14041.2,N5RZ,40,16,VE6WZ-3
19:00:11,14055.0,EA4DE,17,26,DK3WW
19:00:11,14055.0,EA4DE,17,19,HA2NA
19:00:12,14027.8,W8FN,39,10,W6YX
19:00:12,14030.3,EA6BF,29,30,DR4W
19:00:12,14031.0,K3WW,40,25,W6YX
19:00:12,14031.0,K3WW,37,8,G4ZFE
19:00:12,14043.2,K5UV,38,19,W8WWV
19:00:12,14043.2,K5UV,37,17,W6YX
19:00:13,14027.4,N8KH,37,10,DL8LAS
19:00:13,14027.8,W8FN,39,12,DK0TE
19:00:13,14031.0,K3WW,41,9,DL8LAS
19:00:13,14031.0,K3WW,40,33,K5TR
19:00:13,14031.0,K3WW,41,14,N6TV
19:00:13,14031.0,K3WW,40,13,DK0TE
19:00:13,14041.3,N5RZ,39,11,N9CO
19:00:13,14055.0,EA4DE,17,16,S50U
19:00:13,14057.0,N2ETH,19,17,N9CO
19:00:14,14027.8,W8FN,38,7,DK9IP
19:00:14,14027.8,W8FN,40,16,K9IMM
19:00:14,14031.0,K3WW,40,26,K7CO
19:00:14,14039.6,W8CAR,38,26,WX7V/5
19:00:14,14042.4,KT5U,31,6,K7CO
19:00:14,14043.2,K5UV,37,12,WE9V
19:00:14,14055.1,EA4DE,17,11,HG8A
19:00:14,14056.9,N2ETH,19,9,WE9V
19:00:14,14057.0,N2ETH,19,7,K9IMM
19:00:15,14027.5,PA3DBS,31,11,RK3TD-2
19:00:15,14033.0,OH6NVC,28,12,LZ5DI
19:00:15,14033.0,OH6NVC,28,14,IK3STG
19:00:15,14041.3,N5RZ,39,14,KH6LC
19:00:16,14027.4,N8KH,38,9,DL8LAS-1
19:00:16,14027.7,W8FN,40,22,IT9GSF
19:00:16,14027.8,W8FN,38,14,OE9GHV
19:00:16,14027.8,W8FN,39,25,WC2L
19:00:16,14035.0,ON7PQ,29,5,W1NT-2
19:00:16,14041.3,N5RZ,39,10,IT9GSF
19:00:17,14027.5,PA3DBS,31,12,RK3TD
19:00:17,14027.8,W8FN,39,13,S53WW
19:00:17,14027.8,W8FN,40,17,W2MV
19:00:17,14031.1,K3WW,40,15,IK4VET
19:00:17,14034.4,KG9X,39,20,KD7EFG
19:00:17,14035.5,N3OC,26,3,AK6RI-1
19:00:18,14025.1,VB7F,31,22,AC0C-1
19:00:18,14031.0,K3WW,39,10,ZL4YL
19:00:18,14033.0,OH6NVC,28,20,EA2RCF-4
19:00:18,14033.0,OH6NVC,28,24,F4GOU
19:00:19,14023.6,WT9U,39,24,KM3T-2
19:00:19,14027.7,W8FN,39,7,DK0KK
19:00:19,14027.8,W8FN,40,32,S53A
19:00:19,14028.1,W8XAL,36,17,K6FOD
19:00:19,14028.1,W8XAL,35,10,KM3T-2
19:00:19,14030.4,EA6BF,37,34,OH6BG
19:00:19,14031.1,K3WW,39,18,K5EM
19:00:19,14031.3,K5SJC,33,5,K6FOD
19:00:19,14032.7,N4BP,31,4,K6FOD
19:00:19,14033.0,OH6NVC,28,16,EA5WU
19:00:19,14041.3,N5RZ,40,10,KM3T-5
19:00:20,14023.6,WT9U,41,22,WA7LNW
19:00:20,14023.6,WT9U,37,14,VE6WZ
19:00:20,14025.1,VB7F,31,23,ND7K
19:00:20,14025.1,VB7F,31,18,WA7LNW
19:00:20,14025.1,VB7F,31,15,N7VVX
19:00:20,14027.8,W8FN,39,9,K3PA-1
19:00:20,14028.1,W8XAL,36,39,K3PA-1
19:00:20,14028.1,W8XAL,36,28,ND7K
19:00:20,14028.1,W8XAL,35,5,VE6WZ
19:00:20,14028.2,W8XAL,35,12,W2NNN
19:00:20,14030.0,N7US,37,10,VE6WZ
19:00:20,14030.4,AD4EB,34,5,WA7LNW
19:00:20,14038.6,K4PI,37,8,VE6WZ
19:00:21,14023.6,WT9U,37,14,VE6WZ-3
19:00:21,14027.5,PA3DBS,31,9,LZ3CB
19:00:21,14028.1,W8XAL,35,5,VE6WZ-3
19:00:21,14038.6,K4PI,37,5,DO4DXA
19:00:22,14012.0,M0PKD,18,15,LZ4AE
19:00:22,14012.0,M0PKD,19,15,LZ4AE
19:00:22,14012.0,M0PKD,18,21,W1NT-6
19:00:22,14012.0,M0PKD,18,17,LZ7AA
19:00:22,14023.6,WT9U,38,11,W1NT-6
19:00:22,14024.8,K1VUT,32,38,W8WWV
19:00:22,14025.1,VB7F,31,26,W8WWV
19:00:22,14028.1,W8XAL,36,20,WB6BEE
19:00:22,14028.1,W8XAL,35,23,W8WWV
19:00:22,14033.0,OH6NVC,28,10,LZ4AE
19:00:22,14033.0,OH6NVC,27,10,LZ4AE
19:00:22,14033.0,OH6NVC,28,9,LZ7AA
19:00:22,14035.5,NA4J,33,19,W1NT-6
19:00:22,14037.7,N3SD,37,19,W1NT-6
19:00:22,14039.2,K7RL,40,30,WB6BEE
19:00:23,14023.6,WT9U,38,21,W6YX
19:00:23,14023.6,WT9U,40,10,ZF9CW
19:00:23,14023.6,WT9U,40,21,K5TR
19:00:23,14024.8,K1VUT,32,18,W8WTS
19:00:23,14024.8,K1VUT,32,15,K5TR
19:00:23,14025.1,VB7F,32,33,W6YX
19:00:23,14025.1,VB7F,31,14,ZF9CW
19:00:23,14025.1,VB7F,31,21,VE7CC
19:00:23,14025.1,VB7F,31,21,VE7CC
19:00:23,14025.1,VB7F,31,31,K5TR
19:00:23,14027.7,W8FN,39,9,K5TR
19:00:23,14027.8,W8FN,39,33,ZF9CW
19:00:23,14027.8,W8FN,39,30,N2YCH
19:00:23,14028.1,W8XAL,36,21,ZF9CW
19:00:23,14028.1,W8XAL,35,18,K5TR
19:00:23,14028.2,W8XAL,35,11,N2YCH
19:00:23,14030.0,N7US,37,5,VE7CC
19:00:23,14030.0,N7US,37,5,VE7CC
19:00:23,14030.4,EA6BF,34,15,EI4HQ
19:00:23,14033.0,OH6NVC,28,40,EI4HQ
19:00:23,14039.0,W7SW,25,45,K5TR
19:00:23,14039.3,K7RL,39,20,W8WTS
19:00:23,14039.3,K7RL,40,15,N2YCH
19:00:23,14039.3,K7RL,40,8,VE7CC
19:00:23,14039.3,K7RL,40,8,VE7CC
19:00:23,14040.5,NE5A,30,11,W6YX
19:00:24,14023.6,WT9U,38,14,N6TV
19:00:24,14024.8,K1VUT,32,19,WE9V
19:00:24,14025.1,VB7F,31,14,N6TV
19:00:24,14025.1,VB7F,31,26,K7CO
19:00:24,14025.1,VB7F,31,29,WE9V
19:00:24,14027.8,W8FN,39,5,HB9BXE
19:00:24,14027.8,W8FN,39,9,W3RGA
19:00:24,14027.8,W8FN,39,8,DM6EE
19:00:24,14027.8,W8FN,39,7,DP5G
19:00:24,14028.1,W8XAL,35,12,W3RGA
19:00:24,14028.1,W8XAL,35,13,N6TV
19:00:24,14028.1,W8XAL,35,19,K7CO
19:00:24,14031.3,K5SJC,33,18,WE9V
19:00:24,14037.7,N4HAI,28,16,WX7V/5
19:00:24,14037.7,N3SD,37,21,WX7V/5
19:00:24,14038.6,K4PI,37,10,KD2M
19:00:24,14039.0,W7SW,25,31,W3RGA
19:00:24,14039.0,W7SW,26,15,N6TV
19:00:24,14039.2,K7RL,40,32,WE9V
19:00:24,14039.3,K7RL,39,27,W3RGA
19:00:24,14039.3,K7RL,40,8,KD2M
19:00:24,14039.3,K7RL,38,40,K7CO
19:00:24,14041.3,N5RZ,36,14,K7CO
19:00:25,14012.0,M0PKD,19,23,IK7YTT
19:00:25,14012.0,M0PKD,18,7,LZ5DI
19:00:25,14024.8,K1VUT,33,30,K9IMM
19:00:25,14024.8,K1VUT,32,10,K9LC
19:00:25,14024.8,K1VUT,32,14,K7EK
19:00:25,14025.1,VB7F,30,17,K9IMM
19:00:25,14025.1,VB7F,31,22,K9LC
19:00:25,14025.1,VB7F,31,9,K1RA-4
19:00:25,14027.8,W8FN,39,35,AA4PA
19:00:25,14027.8,W8FN,40,8,K1RA-4
19:00:25,14028.1,W8XAL,35,29,K9IMM
19:00:25,14028.1,W8XAL,35,20,K9LC
19:00:25,14028.1,W8XAL,35,6,K7EK
19:00:25,14028.1,W8XAL,35,11,NG7M
19:00:25,14028.1,W8XAL,36,20,K1RA-4
19:00:25,14030.0,N7US,35,6,W2NAF
19:00:25,14031.3,K5SJC,33,6,K1RA-4
19:00:25,14033.1,OH6NVC,28,5,LZ5DI
19:00:25,14035.0,ON7PQ,29,3,RK3TD-2
19:00:25,14035.9,N6CHU,28,22,NG7M
19:00:25,14035.9,N6CHU,28,27,K1RA-4
19:00:25,14037.7,N3SD,39,7,WT8P
19:00:25,14038.6,K4PI,37,15,K1RA-4
19:00:25,14038.6,K4PI,37,14,W2NAF
19:00:25,14038.7,K4PI,37,31,K7EK
19:00:25,14039.0,W7SW,25,28,K9LC
19:00:25,14039.0,W7SW,26,31,NG7M
19:00:25,14039.0,W7SW,26,37,K1RA-4
19:00:25,14039.1,W7SW,25,23,K7EK
19:00:25,14039.2,K7RL,40,17,K9LC
19:00:25,14039.3,K7RL,39,26,K9IMM
19:00:25,14039.3,K7RL,40,21,AA4PA
19:00:25,14039.3,K7RL,39,13,WT8P
19:00:25,14039.3,K7RL,40,10,K7EK
19:00:25,14039.3,K7RL,40,35,K1RA-4
19:00:25,14039.3,K7RL,39,14,W2NAF
19:00:25,14040.6,NE5A,30,26,K7EK
19:00:26,14012.0,M0PKD,18,21,W1NT-2
19:00:26,14023.6,WT9U,37,23,W1NT-2
19:00:26,14025.1,VB7F,31,12,W1NT-2
19:00:26,14027.8,W8FN,39,9,N2EPE
19:00:26,14028.0,HA6NL,33,15,IK3STG
19:00:26,14028.1,W8XAL,35,11,N2EPE
19:00:26,14028.1,W8XAL,35,11,WC2L
19:00:26,14028.1,W8XAL,35,9,NU4F
19:00:26,14028.1,W8XAL,35,16,W1NT-2
19:00:26,14028.9,WA3AAN,34,10,NU4F
19:00:26,14031.3,K5SJC,33,7,KC4YVA
19:00:26,14034.1,VE5UO,31,7,N2EPE
19:00:26,14035.9,N6CHU,27,8,WC2L
19:00:26,14035.9,N6CHU,28,19,W1NT-2
19:00:26,14038.6,K4PI,37,29,WC2L
19:00:26,14039.0,W7SW,26,24,KC4YVA
19:00:26,14039.0,W7SW,26,40,W1NT-2
19:00:26,14039.3,K7RL,39,24,KC4YVA
19:00:26,14039.3,K7RL,39,21,WC2L
19:00:26,14039.3,K7RL,40,12,NU4F
19:00:26,14039.3,K7RL,40,31,W1NT-2
19:00:27,14012.0,M0PKD,18,30,IT9GSF
19:00:27,14025.1,VB7F,31,8,AK6RI-1
19:00:27,14028.0,HA6NL,32,14,JN1ILK
19:00:27,14028.0,HA6NL,32,13,IT9GSF
19:00:27,14028.1,W8XAL,35,12,AK6RI-1
19:00:27,14035.9,N6CHU,28,14,AK6RI-1
19:00:27,14039.0,W7SW,26,13,AK6RI-1
19:00:27,14039.3,K7RL,40,26,AK6RI-1
19:00:27,14041.3,N5RZ,38,17,AK6RI-1
19:00:27,14041.7,SM5IMO,33,15,IT9GSF
19:00:27,14042.6,KT5V,31,4,DL5RCN
19:00:28,14023.6,WT9U,38,25,KD7EFG
19:00:28,14023.6,WT9U,39,25,KM3T-3
19:00:28,14024.8,K1VUT,32,10,K4PP
19:00:28,14027.4,N8KH,37,22,KD7EFG
19:00:28,14028.1,W8XAL,35,7,K4PP
19:00:28,14028.1,W8XAL,36,14,N4HAC
19:00:28,14028.1,W8XAL,35,11,KM3T-3
19:00:28,14034.1,VE5UO,30,4,ZL4YL
19:00:28,14035.9,N6CHU,27,8,K4PP
19:00:28,14035.9,N6CHU,28,22,N4HAC
19:00:28,14035.9,N6CHU,27,10,KM3T-3
19:00:28,14039.0,W7SW,26,29,N4HAC
19:00:28,14039.0,W7SW,26,21,ZL4YL
19:00:28,14039.0,W7SW,25,41,KM3T-3
19:00:28,14039.3,K7RL,38,16,K4PP
19:00:28,14039.3,K7RL,40,31,N4HAC
19:00:28,14039.3,K7RL,40,17,KM3T-3
19:00:28,14040.5,NE5A,27,21,KD7EFG
19:00:28,14040.5,NE5A,31,7,K4PP
19:00:28,14041.3,N5RZ,38,10,KM3T-3
19:00:28,14041.5,K0RX,33,22,KM3T-3
19:00:28,14041.7,SM5IMO,32,13,EA2RCF-4
19:00:28,14042.4,KT5V,31,23,KD7EFG
19:00:29,14023.6,WT9U,39,37,AC0C-1
19:00:29,14023.6,WT9U,39,26,KM3T-5
19:00:29,14024.8,K1VUT,32,8,S53A
19:00:29,14024.8,K1VUT,32,17,TI7W
19:00:29,14025.1,VB7F,31,9,TI7W
19:00:29,14027.0,W5TM,38,10,AC0C-1
19:00:29,14028.1,W8XAL,35,38,AC0C-1
19:00:29,14028.1,W8XAL,34,5,VE6AO
19:00:29,14028.1,W8XAL,35,12,KM3T-5
19:00:29,14028.1,W8XAL,35,12,TI7W
19:00:29,14031.3,K5SJC,32,16,AC0C-1
19:00:29,14035.9,N6CHU,28,45,AC0C-1
19:00:29,14035.9,N6CHU,28,10,KM3T-5
19:00:29,14036.0,N6CHU,28,14,TI7W
19:00:29,14039.0,W7SW,26,46,AC0C-1
19:00:29,14039.0,W7SW,26,14,EA5WU
19:00:29,14039.0,W7SW,26,41,KM3T-5
19:00:29,14039.2,K7RL,37,18,KM3T-5
19:00:29,14039.3,K7RL,40,17,TI7W
19:00:29,14040.5,NE5A,29,6,S53A
19:00:30,14023.6,WT9U,39,37,K3PA-1
19:00:30,14023.6,WT9U,38,12,ND7K
19:00:30,14024.8,K1VUT,32,8,K3PA-1
19:00:30,14024.8,K1VUT,32,9,WA7LNW
19:00:30,14025.5,W8FJ,43,17,K5EM
19:00:30,14027.5,PA3DBS,31,9,RU9CZD
19:00:30,14028.2,W8XAL,38,17,K5EM
19:00:30,14031.3,K5SJC,33,17,K3PA-1
19:00:30,14034.0,VE5UO,32,9,K6FOD
19:00:30,14034.1,VE5UO,32,14,K5EM
19:00:30,14034.1,VE5UO,32,9,W2NNN
19:00:30,14035.9,N6CHU,27,15,K6FOD
19:00:30,14035.9,N6CHU,28,9,KM3T-2
19:00:30,14035.9,N6CHU,28,32,K3PA-1
19:00:30,14035.9,N6CHU,28,24,ND7K
19:00:30,14036.0,N6CHU,28,5,K5EM
19:00:30,14036.0,N6CHU,28,27,WA7LNW
19:00:30,14038.6,K4PI,37,15,ND7K
19:00:30,14039.0,W7SW,25,39,KM3T-2
19:00:30,14039.0,W7SW,25,38,K3PA-1
19:00:30,14039.1,W7SW,26,29,W2NNN
19:00:30,14039.3,K7RL,39,16,KM3T-2
19:00:30,14039.3,K7RL,40,23,W2NNN
19:00:30,14039.3,K7RL,40,36,ND7K
19:00:30,14040.5,NE5A,30,13,KM3T-2
19:00:30,14040.5,NE5A,30,16,WA7LNW
19:00:30,14041.5,K0RX,34,21,KM3T-2
19:00:30,14041.6,K0RX,34,17,W2NNN
19:00:30,14041.7,SM5IMO,32,24,RU9CZD
19:00:31,14032.0,N4IQ,36,9,VE6WZ
19:00:31,14032.7,N4BP,31,51,ES2RR
19:00:31,14035.0,ON7PQ,29,4,LZ3CB
19:00:31,14035.9,N6CHU,28,29,N7VVX
19:00:31,14036.8,F5SGI,30,2,LZ3CB
19:00:31,14039.0,W7SW,26,25,N7VVX
19:00:31,14039.3,K7RL,40,27,N7VVX
19:00:31,14041.5,K0RX,33,7,VE6WZ
19:00:32,14027.8,W8FN,39,14,DK9IP-1
19:00:32,14035.9,N6CHU,28,13,W1NT-6
19:00:32,14036.8,F5SGI,30,26,LZ4AE
19:00:32,14036.8,F5SGI,30,26,LZ4AE
19:00:32,14036.8,F5SGI,30,16,LZ7AA
19:00:32,14039.0,W7SW,26,26,W1NT-6
19:00:32,14039.3,K7RL,40,24,W1NT-6
19:00:32,14041.5,K0RX,33,7,VE6WZ-3
19:00:32,14042.3,KT5V,31,9,DR4W
19:00:32,14042.4,KT5V,31,5,DK9IP-1
19:00:33,14024.8,K1VUT,31,15,ZF9CW
19:00:33,14024.9,VB7F,31,13,VE4DRK
19:00:33,14027.5,PA3DBS,31,11,BD8CS
19:00:33,14028.0,HA6NL,32,17,BD8CS
19:00:33,14028.1,W8XAL,36,32,W6YX
19:00:33,14031.9,N4IQ,36,5,W6YX
19:00:33,14035.9,N6CHU,28,22,WB6BEE
19:00:33,14035.9,N6CHU,27,23,W8WWV
19:00:33,14035.9,N6CHU,28,36,W6YX
19:00:33,14036.0,N6CHU,28,21,ZF9CW
19:00:33,14036.8,F5SGI,30,17,BD8CS
19:00:33,14037.0,SM6M,31,13,WB6BEE
19:00:33,14039.0,W7SW,26,37,WB6BEE
19:00:33,14039.0,W7SW,26,34,W8WWV
19:00:33,14041.0,DK9PY,37,20,DL8LAS
19:00:33,14041.5,K0RX,33,24,WB6BEE
19:00:33,14041.5,K0RX,33,13,W8WTS
19:00:33,14042.3,KT5V,31,12,WB6BEE
19:00:34,14024.8,K1VUT,31,24,N9CO
19:00:34,14025.1,VB7F,31,8,W3RGA
19:00:34,14025.1,VB7F,31,14,N9CO
19:00:34,14027.8,W8FN,38,8,N9CO
19:00:34,14027.8,W8FN,39,7,HG8A
19:00:34,14027.8,W8FN,39,5,DL8LAS-3
19:00:34,14028.1,W8XAL,36,32,N9CO
19:00:34,14028.9,WA3AAN,34,14,K5TR
19:00:34,14031.3,K5SJC,32,19,N9CO
19:00:34,14031.9,N4IQ,36,8,K5TR
19:00:34,14034.1,VE5UO,31,9,N6TV
19:00:34,14034.1,VE5UO,31,26,WE9V
19:00:34,14035.5,NA4J,33,21,K7CO
19:00:34,14035.5,N3OC,40,16,WE9V
19:00:34,14035.9,N6CHU,28,30,N6TV
19:00:34,14035.9,N6CHU,27,19,WE9V
19:00:34,14036.0,N6CHU,28,38,K7CO
19:00:34,14039.3,K7RL,39,22,N9CO
19:00:34,14039.3,K7RL,39,34,N6TV
19:00:34,14041.5,K0RX,34,12,K5TR
19:00:34,14041.5,K0RX,34,11,W3RGA
19:00:34,14052.5,W4LOO,24,17,N6TV
19:00:35,14023.6,WT9U,38,25,AA4PA
19:00:35,14024.8,K1VUT,32,18,AA4PA
19:00:35,14027.5,PA3DBS,32,3,IK7YTT
19:00:35,14028.1,W8XAL,35,16,AA4PA
19:00:35,14028.9,WA3AAN,33,17,K9IMM
19:00:35,14031.3,K5SJC,32,10,K9IMM
19:00:35,14031.3,K5SJC,33,9,K9LC
19:00:35,14031.3,K5SJC,33,9,AA4PA
19:00:35,14032.5,KO4KW,37,44,K9IMM
19:00:35,14034.1,VE5UO,31,10,WX7V/5
19:00:35,14035.5,N3OC,40,36,AA4PA
19:00:35,14035.9,N6CHU,28,13,K9IMM
19:00:35,14036.0,N6CHU,28,22,WX7V/5
19:00:35,14036.8,F5SGI,30,40,IK7YTT
19:00:35,14039.3,K7RL,39,39,WX7V/5
19:00:35,14041.5,K0RX,33,11,AA4PA
19:00:36,14027.8,W8FN,39,9,W2NAF
19:00:36,14028.1,W8XAL,35,11,KC4YVA
19:00:36,14032.0,N4IQ,36,3,W2NAF
19:00:36,14033.0,OH6NVC,28,13,LZ4UX
19:00:36,14035.9,N6CHU,28,11,N2EPE
19:00:36,14041.0,DK9PY,37,20,DL8LAS-1
19:00:36,14041.5,K0RX,33,14,KC4YVA
19:00:36,14041.5,K0RX,33,22,N2EPE
19:00:36,14058.0,W7BTR,20,1,K1RA-4
19:00:37,14027.5,PA3DBS,31,9,YO5LD
19:00:37,14033.0,OH6NVC,27,11,S53WW
19:00:37,14036.8,F5SGI,30,27,ES5PC
19:00:37,14036.8,F5SGI,30,26,YO2KAR
19:00:37,14036.8,F5SGI,30,7,UY2RA
19:00:37,14041.5,K0RX,33,21,WC2L
19:00:37,14041.5,K0RX,33,22,W1NT-2
19:00:38,14027.6,PA3DBS,32,6,BG7IEJ
19:00:38,14027.8,W8FN,39,10,IK4VET
19:00:38,14028.9,WA3AAN,35,4,K4PP
19:00:38,14035.5,N3OC,40,14,WS3W
19:00:38,14036.8,F5SGI,30,25,UT5R
19:00:38,14036.9,F5SGI,30,12,BG7IEJ
19:00:39,14028.1,W8XAL,36,21,KD7EFG
19:00:39,14028.1,W8XAL,35,13,ZL4YL
19:00:39,14028.6,OH1SIC,27,20,EA5WU
19:00:39,14030.4,AD4EB,30,10,KD7EFG
19:00:39,14036.8,F5SGI,30,18,EA5WU
19:00:39,14039.3,K7RL,40,48,KD7EFG
19:00:39,14039.3,K7RL,40,8,ZL4YL
19:00:39,14041.5,K0RX,33,24,N4HAC
19:00:39,14041.5,K0RX,33,10,AC0C-1
19:00:39,14041.5,K0RX,34,23,KM3T-5
19:00:40,14025.1,VB7F,31,20,K3PA-1
19:00:40,14028.5,AI5IN,30,25,TI7W
19:00:40,14031.4,K5SJC,33,7,K5EM
19:00:40,14036.7,F5SGI,29,33,YO2CK
19:00:40,14036.8,F5SGI,30,36,OH6BG
19:00:41,14028.5,AB5SE,34,21,ND7K
19:00:41,14034.7,W7LG,31,5,VE6WZ
19:00:41,14035.5,NA4J,31,3,N7VVX
19:00:41,14041.5,K0RX,34,17,WA7LNW
19:00:41,14042.4,KT5V,30,9,VE6WZ
19:00:41,14052.5,W4LOO,24,36,WA7LNW
19:00:42,14034.7,W7LG,31,5,VE6WZ-3
19:00:43,14025.1,VB7F,31,12,WB6BEE
19:00:43,14025.1,VB7FCWT,31,34,W6YX
19:00:43,14027.8,W8FN,39,5,DL8LAS
19:00:43,14028.1,W8XAL,35,9,W1NT-6
19:00:43,14028.3,AI5IN,35,11,VE4DRK
19:00:43,14028.6,OH1SIC,27,8,BD8CS
19:00:43,14031.1,K5SJC,33,11,VE4DRK
19:00:43,14033.0,OH6NVC,27,13,BD8CS
19:00:43,14035.8,N6CHU,27,17,VE4DRK
19:00:43,14041.3,N5RZ,40,11,W1NT-6
19:00:43,14041.5,K0RX,33,18,W1NT-6
19:00:43,14041.5,K0RX,35,35,W8WWV
19:00:43,14041.6,K0RX,33,16,N2YCH
19:00:44,14035.9,N6CHU,28,8,W3RGA
19:00:44,14035.9,N6CHU,28,36,K5TR
19:00:44,14035.9,N6CHU,28,14,N9CO
19:00:44,14041.3,N5RZ,39,12,W8WTS
19:00:44,14043.2,K5UV,34,31,N9CO
19:00:45,14023.6,WT9U,39,20,K7CO
19:00:46,14041.5,K0RX,33,23,K1RA-4
19:00:46,14043.2,K5UV,37,15,AA4PA
19:00:47,14024.8,K1VUT,31,5,NU4F
19:00:47,14033.0,OH6NVC,28,18,IT9GSF
19:00:47,14037.1,SM6M,32,10,KC4YVA
19:00:47,14043.2,K5UV,37,7,IT9GSF
19:00:47,14045.3,N5NA,31,13,NU4F
19:00:47,14045.3,N5NA,33,26,W1NT-2
19:00:48,14032.7,N4BP,30,9,W2MV
19:00:49,14024.8,K1VUT,32,11,AC0C-1
19:00:49,14028.9,WA3AAN,34,25,KD7EFG
19:00:49,14031.3,K5SJC,33,19,KD7EFG
19:00:49,14032.5,KO4VW,38,40,KD7EFG
19:00:49,14032.7,HA7I,35,8,BG7IEJ
19:00:49,14037.0,SM6M,31,24,KM3T-3
19:00:49,14037.7,N3SD,40,4,S53A
19:00:49,14041.0,DK9PY,36,13,N4HAC
19:00:49,14043.2,K5UV,37,16,KD7EFG
19:00:49,14045.3,N5NA,33,13,K4PP
19:00:49,14045.3,N5NA,32,42,AC0C-1
19:00:49,14045.3,N5NA,33,28,S53A
19:00:49,14052.5,W4LOO,25,20,AC0C-1
19:00:50,14032.5,KO4VW,38,11,VE6AO
19:00:50,14032.5,KO4VW,37,22,TI7W
19:00:50,14043.2,K5UV,37,10,ZL4YL
19:00:50,14043.2,K5UV,37,9,KM3T-5
19:00:51,14024.4,K1DW,33,16,WA7LNW
19:00:51,14024.4,K1DW,34,11,VE6WZ
19:00:51,14031.3,K5SJC,32,5,VE6WZ
19:00:51,14032.5,KO4VW,33,43,WA7LNW
19:00:51,14032.5,KO4VW,38,16,N7VVX
19:00:51,14032.5,KO4VW,38,10,VE6WZ
19:00:51,14032.5,KO4VW,38,21,VE6WZ
19:00:51,14032.6,KO4VW,38,15,K5EM
19:00:51,14032.6,KO4VW,38,11,W2NNN
19:00:51,14032.6,HA7I,35,25,DO4DXA
19:00:51,14043.2,K5UV,37,21,K3PA-1
19:00:51,14043.2,K5UV,36,18,WA7LNW
19:00:51,14043.3,K5UV,37,9,K5EM
19:00:51,14045.3,N5NA,33,28,K3PA-1
19:00:51,14045.3,N5NA,33,24,WA7LNW
19:00:51,14045.3,N5NA,32,24,ND7K
19:00:51,14045.3,N5NA,32,5,VE6WZ
19:00:51,14045.4,N5NA,31,18,W2NNN
19:00:53,14024.4,K1DW,34,11,VE6WZ-3
19:00:53,14024.4,K1DW,34,15,WB6BEE
19:00:53,14031.3,K5SJC,32,5,VE6WZ-3
19:00:53,14031.3,K5SJC,32,10,WB6BEE
19:00:53,14032.5,KO4VW,38,21,VE6WZ-3
19:00:53,14032.6,HA7I,35,20,DK9IP-1
19:00:53,14032.6,HA7I,36,24,DR4W
19:00:53,14032.6,HA7I,36,18,EI4HQ
19:00:53,14034.1,AE5UO,34,4,WT9U
19:00:53,14045.3,N5NA,32,21,W1NT-6
19:00:53,14045.3,N5NA,32,5,VE6WZ-3
19:00:54,14024.4,K1DW,33,14,W8WWV
19:00:54,14024.4,K1DW,33,10,W6YX
19:00:54,14027.9,W8XAL,36,31,VE4DRK
19:00:54,14032.5,KO4VW,38,9,N2YCH
19:00:54,14032.5,KO4VW,37,24,ZF9CW
19:00:54,14032.5,KO4VW,38,27,W6YX
19:00:54,14032.6,HA7I,35,24,DK0TE
19:00:54,14032.6,HA7I,36,20,HB9BXE
19:00:54,14033.0,OH6NVC,28,4,HB9BXE
19:00:54,14043.1,K5UV,37,10,VE4DRK
19:00:54,14043.2,K5UV,37,15,ZF9CW
19:00:54,14045.2,N5NA,31,14,VE4DRK
19:00:54,14045.3,N5NA,32,14,DK0TE
19:00:54,14045.3,N5NA,32,14,ZF9CW
19:00:54,14045.3,N5NA,31,8,W6YX
19:00:54,14045.4,N5NA,32,21,N2YCH
19:00:55,14012.0,M0PKD,19,11,RK3TD-2
19:00:55,14012.1,M0PKD,19,7,LZ5DI
19:00:55,14024.4,K1DW,34,8,W3RGA
19:00:55,14024.4,K1DW,33,35,N9CO
19:00:55,14024.4,K1DW,33,20,WE9V
19:00:55,14032.5,KO4VW,38,19,W3RGA
19:00:55,14032.5,KO4VW,38,29,N9CO
19:00:55,14032.5,KO4VW,38,11,N6TV
19:00:55,14032.5,KO4VW,38,30,K7CO
19:00:55,14032.5,KO4VW,38,12,WX7V/5
19:00:55,14032.6,HA7I,36,27,N9CO
19:00:55,14035.5,N3OC,38,29,N9CO
19:00:55,14039.0,W7SW,25,39,WX7V/5
19:00:55,14043.2,K5UV,37,17,N6TV
19:00:55,14045.3,N5NA,33,24,W3RGA
19:00:55,14045.3,N5NA,32,25,WE9V
19:00:56,14024.4,K1DW,33,13,K9LC
19:00:56,14024.4,K1DW,34,9,WT8P
19:00:56,14024.4,K1DW,33,31,K9IMM
19:00:56,14024.4,K1DW,34,19,AA4PA
19:00:56,14024.4,K1DW,33,10,NG7M
19:00:56,14025.1,VB7F,31,9,NG7M
19:00:56,14032.5,KO4VW,38,27,K9LC
19:00:56,14032.5,KO4VW,38,9,WT8P
19:00:56,14032.5,KO4VW,38,25,NG7M
19:00:56,14034.1,VE5UO,32,3,WT8P
19:00:56,14045.3,N5NA,32,14,K9LC
19:00:56,14045.3,N5NA,32,26,WT8P
19:00:56,14045.3,N5NA,32,16,K9IMM
19:00:56,14045.3,N5NA,32,15,NG7M
19:00:56,14045.3,N5NA,33,35,K1RA-4
19:00:57,14024.4,K1DW,33,6,OK1FCJ
19:00:57,14032.5,KO4VW,38,25,N2EPE
19:00:57,14032.6,HA7I,37,26,OE9GHV
19:00:57,14033.3,KR2Q,37,14,NU4F
19:00:57,14036.3,IK3VUT,27,24,RK3TD
19:00:57,14039.0,W7SW,25,8,KH6LC
19:00:57,14039.0,W7SW,25,32,WC2L
19:00:57,14045.3,N5NA,31,18,N2EPE
19:00:58,14024.4,K1DW,33,8,DL1HWS
19:00:58,14032.6,HA7I,36,24,EA2RCF-4
19:00:58,14035.5,N3OC,40,18,IT9GSF
19:00:58,14039.0,W7SW,25,13,IT9GSF
19:00:58,14039.0,W7SW,25,9,W2MV
19:00:59,14024.4,K1DW,33,7,DK0KK
19:00:59,14032.5,KO4VW,37,31,K4PP
19:00:59,14032.5,KO4VW,38,17,KM3T-3
19:00:59,14033.3,KR2Q,36,20,K4PP
19:00:59,14034.5,IT9SSI,26,10,DK0KK
19:00:59,14036.4,IK3VUT,26,13,BG7IEJ
19:00:59,14039.0,W7SW,26,4,WS3W
19:01:00,14012.0,M0PKD,19,6,KM3T-5
19:01:00,14024.3,K1DW,34,27,OK1HRA
19:01:00,14024.4,K1DW,33,16,S53A
19:01:00,14024.4,K1DW,33,49,AC0C-1
19:01:00,14024.4,K1DW,33,9,VE6AO
19:01:00,14028.5,AB5SE,33,25,K6FOD
19:01:00,14030.0,N7US,38,22,KM3T-2
19:01:00,14031.3,K5SJC,33,9,VE6AO
19:01:00,14032.5,KO4VW,38,17,KM3T-5
19:01:00,14032.5,KO4VW,37,15,KM3T-2
19:01:00,14033.3,KR2Q,37,37,AC0C-1
19:01:00,14035.5,N3OC,40,24,AC0C-1
19:01:00,14036.6,KX2P,27,13,AC0C-1
19:01:00,14039.0,W7SW,26,3,K6FOD
19:01:01,14024.4,K1DW,34,25,K5EM
19:01:01,14024.4,K1DW,33,48,K3PA-1
19:01:01,14033.3,KR2Q,36,28,TI7W
19:01:01,14033.3,KR2Q,36,15,K5EM
19:01:01,14034.1,VE5UO,31,16,TI7W
19:01:01,14035.5,N3OC,40,20,TI7W
19:01:01,14036.3,IK3VUT,26,19,YO2CK
19:01:01,14036.4,IK3VUT,27,22,TI7W
19:01:01,14036.4,IK3VUT,26,17,W2NNN
19:01:01,14036.6,KX2P,28,18,K3PA-1
19:01:02,14024.4,K1DW,33,12,VE6WZ
19:01:02,14024.4,K1DW,33,6,DF7GB
19:01:02,14028.1,W8XAL,35,7,VE6WZ
19:01:02,14031.3,K5SJC,32,32,WA7LNW
19:01:02,14032.5,KO4VW,38,26,ND7K
19:01:02,14033.2,KR2Q,37,22,VE6WZ
19:01:02,14033.3,KR2Q,37,29,WA7LNW
19:01:02,14033.3,KR2Q,38,36,ND7K
19:01:02,14035.5,N3OC,40,24,ND7K
19:01:02,14036.4,IK3VUT,26,11,LZ4AE
19:01:02,14036.4,IK3VUT,26,11,LZ4AE
19:01:02,14036.6,KX2P,27,15,WA7LNW
19:01:02,14036.6,KX2P,27,5,ND7K
19:01:02,14037.0,SM6M,32,4,HA2NA
19:01:03,14024.4,K1DW,33,10,DK9IP-1
19:01:03,14027.7,W8FN,39,7,EI4HQ
19:01:03,14036.4,IK3VUT,26,17,LZ7AA
19:01:04,14024.2,K1DW,34,7,VE4DRK
19:01:04,14024.4,K1DW,33,7,ZF9CW
19:01:04,14024.4,K1DW,33,7,DK9IP
19:01:04,14024.8,K1VUT,31,4,VE6WZ-3
19:01:04,14031.0,K3WW,36,25,ZF9CW
19:01:04,14031.3,K5SJC,33,7,W8WWV
19:01:04,14033.1,KR2Q,35,11,VE4DRK
19:01:04,14033.2,KR2Q,37,22,VE6WZ-3
19:01:04,14033.3,KR2Q,37,18,ZF9CW
19:01:04,14033.3,KR2Q,37,26,W6YX
19:01:04,14034.1,VE5UO,31,8,N2YCH
19:01:04,14035.5,N3OC,39,20,W6YX
19:01:04,14036.4,IK3VUT,26,27,DL8LAS
19:01:04,14036.6,KX2P,27,18,ZF9CW
19:01:04,14036.6,KX2P,28,6,W6YX
19:01:04,14045.3,N5NA,32,24,WB6BEE
19:01:04,14066.4,WJ0L,20,6,W8WWV
19:01:05,14024.0,W4CMG,33,19,W3RGA
19:01:05,14024.0,W4CMG,33,24,WE9V
19:01:05,14032.5,KO4VW,38,22,K5TR
19:01:05,14032.5,KO4VW,38,32,WE9V
19:01:05,14033.2,KR2Q,37,31,K5TR
19:01:05,14033.3,KR2Q,37,43,WE9V
19:01:05,14036.3,IK3VUT,26,9,W3RGA
19:01:05,14036.4,IK3VUT,26,23,N9CO
19:01:05,14036.6,KX2P,28,24,K5TR
19:01:05,14036.6,KX2P,28,22,N9CO
19:01:05,14036.6,KX2P,28,10,WE9V
19:01:05,14036.8,K0VBU,34,48,WE9V
19:01:06,14024.0,W4CMG,33,13,K9LC
19:01:06,14027.8,W8FN,39,6,DL8LAS-1
19:01:06,14033.2,KR2Q,37,24,K9LC
19:01:06,14033.3,KR2Q,36,18,WX7V/5
19:01:06,14033.3,KR2Q,37,36,K9IMM
19:01:06,14035.5,N3OC,38,19,K9LC
19:01:06,14036.4,IK3VUT,26,27,RK3TD-2
19:01:06,14036.4,IK3VUT,25,19,WX7V/5
19:01:06,14036.4,IK3VUT,26,27,DL8LAS-1
19:01:06,14036.6,KX2P,28,16,WX7V/5
19:01:06,14036.6,KX2P,27,21,K9LC
19:01:06,14036.6,KX2P,28,13,K9IMM
19:01:06,14041.0,DK9PY,38,24,RK3TD-2
19:01:07,14024.4,K1DW,33,2,K1RA-4
19:01:07,14024.6,K1DW,33,14,DL5RCN
19:01:07,14027.8,W8FN,39,5,YO5LD
19:01:07,14033.3,KR2Q,37,10,NG7M
19:01:07,14036.3,IK3VUT,26,6,K1RA-4
19:01:07,14036.3,IK3VUT,26,8,ES5PC
19:01:07,14036.3,IK3VUT,26,8,YO2KAR
19:01:07,14036.6,KX2P,28,14,K1RA-4
19:01:07,14036.6,KX2P,28,4,NG7M
19:01:07,14040.5,N6EK,29,10,NG7M
19:01:08,14024.0,W4CMG,32,16,WC2L
19:01:08,14031.3,K5SJC,33,3,AK6RI-1
19:01:08,14032.5,KO4VW,37,22,W1NT-2
19:01:08,14033.3,KR2Q,36,16,IT9GSF
19:01:08,14036.4,IK3VUT,25,23,W1NT-2
19:01:08,14041.0,DK9PY,38,19,RK3TD
19:01:08,14045.3,N5NA,31,13,IT9GSF
19:01:09,14036.3,IK3VUT,27,9,SE5E
19:01:09,14036.4,IK3VUT,27,10,W2MV
19:01:09,14045.3,N5NA,32,5,WS3W
19:01:10,14027.4,N8KH,37,14,S53A
19:01:10,14027.8,W8FN,36,6,DL1HWS-4
19:01:10,14031.0,K3WW,36,29,S53A
19:01:10,14031.0,K3WW,35,30,AC0C-1
19:01:10,14031.0,K3WW,39,39,KD7EFG
19:01:10,14033.0,WJ9B,35,16,AC0C-1
19:01:10,14033.2,KR2Q,36,8,VE6AO
19:01:10,14033.3,KR2Q,36,11,S53A
19:01:10,14036.3,IK3VUT,26,28,EA5WU
19:01:10,14037.0,SM6M,31,17,OH6BG
19:01:10,14041.7,SM5IMO,32,7,EA5WU
19:01:11,14024.0,W4CMG,29,13,TI7W
19:01:11,14024.0,W4CMG,32,19,K3PA-1
19:01:11,14029.6,KH7X,37,19,ZL4YL
19:01:11,14029.6,KH7X,37,18,TI7W
19:01:11,14031.0,K3WW,40,31,K3PA-1
19:01:11,14032.4,HA7I,36,24,HB9EMP
19:01:11,14033.0,WJ9B,35,12,ZL4YL
19:01:11,14033.0,OH6NVC,27,9,ES2RR
19:01:11,14033.0,WJ9B,34,18,K3PA-1
19:01:11,14033.3,KR2Q,36,14,K6FOD
19:01:11,14033.3,KR2Q,35,33,K3PA-1
19:01:11,14036.3,IK3VUT,27,10,ES2RR
19:01:12,14024.0,W4CMG,33,14,ND7K
19:01:12,14024.1,W4CMG,33,21,W2NNN
19:01:12,14024.8,K1VUT,31,4,VE6WZ
19:01:12,14029.6,KH7X,36,18,N7VVX
19:01:12,14029.6,KH7X,36,30,WA7LNW
19:01:12,14029.6,KH7X,37,18,VE6WZ
19:01:12,14031.0,K3WW,38,30,WA7LNW
19:01:12,14031.0,K3WW,39,27,ND7K
19:01:12,14033.0,WJ9B,34,17,WA7LNW
19:01:12,14033.0,WJ9B,36,16,ND7K
19:01:12,14036.7,KX2P,28,3,W2NNN
19:01:13,14039.3,K7RL,40,13,WT9U
19:01:14,14024.0,W4CMG,33,17,W1NT-6
19:01:14,14029.6,KH7X,37,18,VE6WZ-3
19:01:14,14032.3,HA7I,36,23,W1NT-6
19:01:14,14032.3,HA7I,37,12,WB6BEE
19:01:14,14032.3,HA7I,36,14,BD8CS
19:01:14,14032.3,HA7I,36,9,DK9IP
19:01:14,14033.0,OH6NVC,28,14,S50U
19:01:14,14033.0,WJ9B,34,19,W8WWV
19:01:14,14036.4,IK3VUT,26,24,W1NT-6
19:01:14,14036.6,KX2P,28,7,WB6BEE
19:01:14,14039.5,I2WIJ,33,7,W1NT-6
19:01:14,14042.4,KT5V,31,3,DK9IP
19:01:14,14043.2,K5UV,37,7,WB6BEE
19:01:14,14045.0,AI5IN,36,11,DK0TE
19:01:14,14045.0,AI5IN,34,27,WB6BEE
19:01:14,14045.0,AI5IN,36,15,W8WTS
19:01:14,14045.0,AI5IN,34,32,W8WWV
19:01:15,14024.0,W4CMG,33,29,ZF9CW
19:01:15,14024.0,W4CMG,34,16,K5TR
19:01:15,14028.1,W8XAL,34,3,VE7CC
19:01:15,14028.1,W8XAL,34,3,VE7CC
19:01:15,14029.6,KH7X,37,29,ZF9CW
19:01:15,14029.6,KH7X,37,23,W6YX
19:01:15,14029.6,KH7X,37,27,K5TR
19:01:15,14031.1,K3WW,39,12,DL8LAS-3
19:01:15,14032.3,HA7I,36,20,ZF9CW
19:01:15,14032.3,HA7I,36,15,K5TR
19:01:15,14033.0,WJ9B,34,19,ZF9CW
19:01:15,14036.4,IK3VUT,26,25,DL8LAS-3
19:01:15,14037.0,SM6D,31,7,W3RGA
19:01:15,14045.0,AI5IN,36,8,KD2M
19:01:15,14045.0,AI5IN,36,13,DP5G
19:01:16,14031.0,K3WW,40,39,WE9V
19:01:16,14031.0,K3WW,39,31,K9LC
19:01:16,14032.3,HA7I,35,9,WE9V
19:01:16,14032.6,KO4VW,38,3,W2NAF
19:01:16,14033.0,WJ9B,35,17,WE9V
19:01:16,14033.6,N4KS,30,11,K7CO
19:01:16,14045.0,AI5IN,36,29,WE9V
19:01:16,14045.0,AI5IN,35,16,K9LC
19:01:17,14024.0,W4CMG,33,23,K9IMM
19:01:17,14031.0,K3WW,39,14,OE9GHV
19:01:17,14033.0,WJ9B,36,17,K1RA-4
19:01:17,14036.4,IK3VUT,26,11,YO5LD
19:01:17,14036.6,KX2P,28,6,AA4PA
19:01:17,14040.5,NE5A,30,12,NG7M
19:01:17,14045.0,AI5IN,35,24,K9IMM
19:01:17,14045.0,AI5IN,33,27,AA4PA
19:01:17,14045.0,AI5IN,34,19,OE9GHV
19:01:17,14045.0,AI5IN,34,19,K1RA-4
19:01:17,14045.0,AI5IN,35,6,NG7M
19:01:17,14058.8,K4WOP,17,13,K9IMM
19:01:18,14014.0,F8BCU,22,20,IT9GSF
19:01:18,14024.0,W4CMG,33,4,NU4F
19:01:18,14024.0,W4CMG,33,18,W1NT-2
19:01:18,14029.6,KH7X,37,20,N2EPE
19:01:18,14031.0,K3WW,40,11,NU4F
19:01:18,14031.0,K3WW,38,16,IT9GSF
19:01:18,14032.3,HA7I,35,10,N2EPE
19:01:18,14032.3,HA7I,35,7,S53WW
19:01:18,14032.3,HA7I,36,22,W1NT-2
19:01:18,14032.3,HA7I,35,25,R4NCU
19:01:18,14032.3,HA7I,34,18,IT9GSF
19:01:18,14032.3,HA7I,35,10,IZ2CPS
19:01:18,14036.4,IK3VUT,26,5,KC4YVA
19:01:18,14036.4,IK3VUT,26,13,JN1ILK
19:01:18,14045.0,AI5IN,36,18,N2EPE
19:01:18,14045.0,AI5IN,35,4,KC4YVA
19:01:18,14045.0,AI5IN,36,11,NU4F
19:01:18,14045.0,AI5IN,36,11,KH6LC
19:01:18,14045.1,AI5IN,35,13,IK4VET
19:01:19,14031.0,K3WW,39,7,AK6RI-1
19:01:19,14039.3,K7RL,39,6,W2MV
19:01:19,14045.0,AI5IN,35,5,DL1HWS
19:01:20,14014.0,F8BCU,22,33,OH6BG
19:01:20,14024.0,W4CMG,33,26,AC0C-1
19:01:20,14032.3,HA7I,35,17,EA5WU
19:01:20,14032.3,HA7I,35,8,SZ1A
19:01:20,14033.0,WJ9B,35,16,K4PP
19:01:20,14033.0,OH6NVC,28,39,S53A
19:01:20,14033.0,WJ9B,35,8,KM3T-3
19:01:20,14034.1,VE5UO,32,3,K4PP
19:01:20,14036.3,IK3VUT,26,10,N4HAC
19:01:20,14036.3,IK3VUT,27,12,KM3T-3
19:01:20,14039.6,W8CAR,37,36,AC0C-1
19:01:20,14045.0,AI5IN,34,12,K4PP
19:01:20,14045.0,AI5IN,35,12,DK0KK
19:01:20,14045.0,AI5IN,34,20,N4HAC
19:01:20,14045.0,AI5IN,33,28,S53A
19:01:20,14045.0,AI5IN,32,39,AC0C-1
19:01:21,14024.0,W4CMG,30,12,KM3T-5
19:01:21,14031.0,K3WW,39,11,DO4DXA
19:01:21,14031.0,K3WW,39,13,K6FOD
19:01:21,14032.2,HA7I,36,7,OK1HRA
19:01:21,14033.0,WJ9B,35,7,KM3T-2
19:01:21,14036.3,IK3VUT,26,13,KM3T-5
19:01:21,14036.3,IK3VUT,27,7,OK1HRA
19:01:21,14036.4,IK3VUT,26,11,KM3T-2
19:01:21,14044.9,AI5IN,36,13,OK1HRA
19:01:21,14045.0,AI5IN,36,25,ZL4YL
19:01:21,14045.0,AI5IN,35,29,K6FOD
19:01:22,14014.0,F8BCU,22,8,LZ3CB
19:01:22,14028.6,AB5SE,33,6,K5EM
19:01:22,14032.3,HA7I,37,14,ES2RR
19:01:22,14035.6,NA4J,32,18,K5EM
19:01:22,14045.0,AI5IN,35,13,DK3WW
19:01:22,14045.1,AI5IN,34,16,W2NNN
19:01:22,14045.1,AI5IN,33,12,K5EM
19:01:22,14058.8,K4WOP,17,2,K3PA-1
19:01:23,14014.0,F8BCU,22,6,HA2NA
19:01:23,14045.0,AI5IN,35,9,VE6WZ
19:01:23,14045.0,AI5IN,35,6,DR4W
19:01:23,14045.0,AI5IN,35,13,DK9IP-1
19:01:23,14049.9,K4WLO,28,13,WA7LNW
19:01:23,14049.9,K4WLO,28,25,ND7K
19:01:23,14069.8,YO4BEX,31,6,DR4W
19:01:24,14024.4,K1DW,34,13,WT9U
19:01:24,14030.4,AD4EB,39,17,WT9U
19:01:24,14032.3,HA7I,37,17,5Z4GO
19:01:24,14033.0,WJ9B,35,20,WB6BEE
19:01:24,14045.0,AI5IN,34,8,EI4HQ
19:01:24,14045.1,AI5IN,35,14,N2YCH
19:01:24,14049.9,K4WLO,28,12,W1NT-6
19:01:25,14024.4,K1DW,34,6,DM6EE
19:01:25,14027.7,W8FN,37,5,KD2M
19:01:25,14030.8,K3WW,39,10,VE4DRK
19:01:25,14032.3,HA7I,36,16,W8WWV
19:01:25,14033.0,WJ9B,35,18,W6YX
19:01:25,14036.6,KX2P,27,13,W8WWV
19:01:25,14049.9,K4WLO,28,35,ZF9CW
19:01:26,14024.0,W4CMG,33,17,N9CO
19:01:26,14033.0,WJ9B,34,20,K5TR
19:01:26,14036.3,IK3VUT,26,12,K5TR
19:01:26,14036.3,IK3VUT,26,9,IK7YTT
19:01:26,14041.7,SM5IMO,30,11,IK7YTT
19:01:26,14045.0,AI5IN,36,37,N9CO
19:01:26,14045.0,AI5IN,35,5,K7CO
19:01:26,14049.8,K4WLO,28,16,K5TR
19:01:26,14049.8,K4WLO,28,28,WE9V
19:01:26,14049.9,K4WLO,29,23,W3RGA
19:01:26,14049.9,K4WLO,28,31,N9CO
19:01:26,14049.9,K4WLO,28,4,AA0O
19:01:26,14058.8,K4WOP,16,13,WX7V/5
19:01:27,14031.0,K3WW,37,38,K9IMM
19:01:27,14031.0,K3WW,31,32,AA4PA
19:01:27,14032.3,HA7I,36,12,K1RA-4
19:01:27,14033.0,WJ9B,35,12,K9IMM
19:01:27,14040.5,NE5A,31,24,AA4PA
19:01:27,14045.0,AI5IN,34,7,W2NAF
19:01:27,14049.8,K4WLO,28,22,K9LC
19:01:27,14049.9,K4WLO,28,6,W2NAF
19:01:27,14049.9,K4WLO,28,27,K9IMM
19:01:28,14007.7,VA1EET,37,24,IK4VET
19:01:28,14024.0,W4CMG,32,5,IT9GSF
19:01:28,14028.6,OH1SIC,27,19,IT9GSF
19:01:28,14029.6,KH7X,36,16,WC2L
19:01:28,14033.0,WJ9B,34,7,N2EPE
19:01:28,14033.0,WJ9B,35,8,W1NT-2
19:01:28,14035.0,IZ5BBS,15,11,RK3TD
19:01:28,14042.4,KT5V,31,2,N2EPE
19:01:28,14042.4,KT5V,31,3,KC4YVA
19:01:28,14049.9,K4WLO,28,6,NU4F
19:01:28,14049.9,K4WLO,28,11,W1NT-2
19:01:28,14049.9,K4WLO,29,7,IT9GSF
19:01:29,14007.7,VA1EET,38,8,HA8TKS
19:01:29,14015.0,RT25RK,36,30,SE5E
19:01:29,14028.6,OH1SIC,27,6,EA2RCF-4
19:01:29,14032.3,HA7I,36,11,W2MV
19:01:29,14034.5,IT9SSI,25,8,SM7IUN
19:01:29,14036.3,IK3VUT,26,17,R4NCU
19:01:29,14069.8,YO4BEX,31,6,MM0ZBH
19:01:30,14007.7,VA1EET,37,6,WS3W
19:01:30,14007.7,VA1EET,38,16,PA5KT-4
19:01:30,14007.7,VA1EET,37,15,EA5WU
19:01:30,14007.7,VA1EET,37,31,S53A
19:01:30,14024.4,K1DW,33,13,K4PP
19:01:30,14025.1,VB7F,31,6,N4HAC
19:01:30,14033.0,WJ9B,35,9,N4HAC
19:01:30,14038.6,K4PI,37,25,K4PP
19:01:30,14041.5,K0RX,32,3,K4PP
19:01:30,14049.9,K4WLO,28,21,S53A
19:01:31,14007.7,VA1EET,37,15,AC0C-1
19:01:31,14024.0,W4CMG,32,11,KM3T-3
19:01:31,14031.0,K3WW,37,5,VE6AO
19:01:31,14032.3,HA7I,37,14,KM3T-5
19:01:31,14032.3,HA7I,36,13,KM3T-2
19:01:31,14033.0,WJ9B,34,9,KM3T-5
19:01:31,14037.0,SM6T,31,12,KM3T-5
19:01:31,14038.6,K4PI,37,34,AC0C-1
19:01:31,14038.6,K4PI,37,8,VE6AO
19:01:31,14042.3,KT5V,31,5,KM3T-5
19:01:31,14049.9,K4WLO,28,6,KM3T-3
19:01:31,14049.9,K4WLO,28,27,AC0C-1
19:01:31,14049.9,K4WLO,28,6,KM3T-5
19:01:31,14049.9,K4WLO,28,5,KM3T-2
19:01:32,14007.7,VA1EET,38,12,M1GEO
19:01:32,14007.7,VA1EET,38,23,TI7W
19:01:32,14007.7,VA1EET,37,15,K3PA-1
19:01:32,14023.7,WT9U,37,9,K5EM
19:01:32,14033.0,WJ9B,35,6,K6FOD
19:01:32,14033.1,WJ9B,36,13,W2NNN
19:01:32,14036.6,KX2P,28,5,TI7W
19:01:32,14037.1,AC8PL,17,4,K3PA-1
19:01:32,14038.6,K4PI,37,27,K3PA-1
19:01:32,14040.5,NE5A,30,3,ZL4YL
19:01:32,14042.4,KT5V,32,5,ZL4YL
19:01:32,14049.9,K4WLO,28,19,TI7W
19:01:32,14049.9,K4WLO,26,16,K3PA-1
19:01:33,14007.7,VA1EET,37,26,HA2NA
19:01:33,14007.7,VA1EET,38,19,WA7LNW
19:01:33,14007.7,VA1EET,38,19,DK9IP-1
19:01:33,14007.7,VA1EET,38,22,G4ZFE
19:01:33,14031.0,K3WW,36,7,DK9IP-1
19:01:33,14031.3,K5SJC,32,21,ND7K
19:01:33,14034.7,W7LG,31,4,WA7LNW
19:01:33,14038.5,K4PI,37,21,VE6WZ
19:01:33,14038.6,K4PI,37,28,WA7LNW
19:01:33,14045.0,AI5IN,34,23,ND7K
19:01:34,14007.7,VA1EET,37,25,EI4HQ
19:01:34,14007.7,VA1EET,38,11,W1NT-6
19:01:34,14035.5,N3OC,39,10,EI4HQ
19:01:34,14038.6,K4PI,36,16,DL8LAS
19:01:34,14041.5,K0RX,34,9,WT9U
19:01:34,14045.0,AI5IN,34,19,W1NT-6
19:01:35,14007.6,VA1EET,37,23,W8WWV
19:01:35,14007.7,VA1EET,36,15,DK9IP
19:01:35,14007.7,VA1EET,38,22,DL8LAS-3
19:01:35,14007.7,VA1EET,38,22,DP5G
19:01:35,14015.0,RT25RK,33,37,DM6EE
19:01:35,14026.8,W5TM,37,13,VE4DRK
19:01:35,14029.7,KH7X,37,16,N2YCH
19:01:35,14031.0,K3WW,40,4,DP5G
19:01:35,14032.3,HA7I,36,6,EA2CW
19:01:35,14036.3,IK3VUT,25,16,BD8CS
19:01:35,14038.5,K4PI,37,21,VE6WZ-3
19:01:35,14038.6,K4PI,37,33,N2YCH
19:01:35,14038.6,K4PI,36,16,DL8LAS-3
19:01:35,14040.4,NE5A,30,8,VE4DRK
19:01:35,14045.0,AI5IN,37,7,DK9IP
19:01:35,14045.0,AI5IN,37,15,VE6WZ-3
19:01:35,14045.0,AI5IN,38,7,DM6EE
19:01:36,14007.6,VA1EET,38,11,K5TR
19:01:36,14007.7,VA1EET,38,27,ZF9CW
19:01:36,14007.7,KA1EET,37,43,N9CO
19:01:36,14007.7,VA1EET,38,32,WE9V
19:01:36,14007.7,VA1EET,38,14,MM9PSY
19:01:36,14028.3,OZ3SM,34,33,RK3TD-2
19:01:36,14028.6,OH1SIC,28,30,IK7YTT
19:01:36,14029.6,KH7X,38,9,VE7CC
19:01:36,14029.6,KH7X,38,9,VE7CC
19:01:36,14032.3,5A7I,36,15,IK7YTT
19:01:36,14033.0,WJ9B,36,18,N9CO
19:01:36,14042.0,W8MET,30,12,ZF9CW
19:01:36,14043.2,K5UV,37,5,W3RGA
19:01:36,14045.0,AI5IN,35,19,W6YX
19:01:36,14045.7,AH7A,32,10,W6YX
19:01:36,14052.5,W4LOO,25,6,WT8P
19:01:37,14007.6,VA1EET,37,8,K9LC
19:01:37,14007.7,VA1EET,38,9,K7CO
19:01:37,14007.7,VA1EET,38,19,DL8LAS-1
19:01:37,14007.7,VA1EET,35,6,G4KCM
19:01:37,14007.7,VA1EET,38,9,ON6ZQ
19:01:37,14015.0,RT25RK,34,29,OE9GHV
19:01:37,14029.6,KH7X,36,9,N6TV
19:01:37,14029.6,KH7X,37,27,K9IMM
19:01:37,14033.0,WJ9B,34,7,K9LC
19:01:37,14036.3,IK3VUT,29,8,K9IMM
19:01:37,14038.6,K4PI,37,29,K9LC
19:01:37,14038.6,K4PI,37,9,OE9GHV
19:01:37,14041.5,K0RX,33,15,WX7V/5
19:01:37,14049.9,K4WLO,27,43,WX7V/5
19:01:38,14007.7,VA1EET,38,31,K1RA-4
19:01:38,14007.7,VA1EET,36,8,YO5LD
19:01:38,14007.7,VA1EET,38,17,AA4PA
19:01:38,14007.7,VA1EET,38,16,S53WW
19:01:38,14007.7,VA1EET,38,18,KC4YVA
19:01:38,14007.9,VA1EET,35,11,DL5RCN
19:01:38,14014.0,F8BCU,22,8,YO5LD
19:01:38,14029.6,KH7X,36,22,NG7M
19:01:38,14029.6,KH7X,37,15,KC4YVA
19:01:38,14032.3,HA7I,36,6,JN1ILK
19:01:38,14033.0,WJ9B,35,6,KC4YVA
19:01:38,14038.6,K4PI,36,11,NG7M
19:01:38,14038.6,K4PI,35,38,N2EPE
19:01:39,14007.7,VA1EET,37,12,W1NT-2
19:01:39,14007.7,VA1EET,37,36,IT9GSF
19:01:39,14023.1,I1YRL,25,11,W1NT-2
19:01:39,14025.5,W8FJ,41,10,NU4F
19:01:39,14026.6,W1WEF,36,10,NU4F
19:01:39,14027.0,W5TM,38,13,IT9GSF
19:01:39,14028.2,OZ3SM,33,34,IT9GSF
19:01:39,14038.7,K4PI,37,13,IK4VET
19:01:39,14045.0,AI5IN,38,22,WC2L
19:01:39,14045.9,N4OI,29,9,W1NT-2
19:01:40,14007.7,VA1EET,36,18,PI4CC
19:01:40,14007.7,VA1EET,36,18,DK0KK
19:01:40,14028.2,OZ3SM,33,24,EA5WU
19:01:40,14028.3,OZ3SM,34,19,SZ1A
19:01:40,14045.0,AI5IN,37,4,WS3W
19:01:41,14007.7,VA1EET,38,10,K4PP
19:01:41,14007.7,VA1EET,40,36,N4HAC
19:01:41,14013.9,F8BCU,22,0,YO2CK
19:01:41,14028.1,OZ3SM,34,10,YO2CK
19:01:41,14028.2,OZ3SM,34,17,RU9CZD
19:01:41,14036.3,IK3VUT,27,5,AC0C-1
19:01:41,14041.5,K0RX,34,9,S53A
19:01:41,14045.0,AI5IN,38,17,KM3T-2
19:01:41,14045.9,N4OI,29,16,KM3T-3
19:01:41,14045.9,N4OI,29,15,AC0C-1
19:01:41,14045.9,N4OI,29,17,KM3T-5
19:01:41,14045.9,N4OI,29,15,KM3T-2
19:01:42,14029.6,KH7X,37,8,VE6AO
19:01:42,14045.9,N4OI,29,6,W2NNN
19:01:43,14007.6,VA1EET,38,19,DR4W
19:01:43,14007.7,VA1EET,38,13,DF7GB
19:01:43,14023.2,I1YRL,25,17,TI7W
19:01:43,14028.1,W8XAL,34,45,WA7LNW
19:01:43,14028.3,OZ3SM,34,15,LZ4AE
19:01:43,14028.3,OZ3SM,34,15,LZ4AE
19:01:43,14029.7,KH7X,37,12,K5EM
19:01:43,14031.0,K3WW,37,8,DR4W
19:01:43,14037.1,AC8PL,17,14,WA7LNW
19:01:44,14031.0,K3WW,38,16,EI4HQ
19:01:44,14037.1,AC8PL,17,3,ND7K
19:01:44,14045.0,AI5IN,37,15,VE6WZ
19:01:44,14055.0,EA4DE,17,6,EI4HQ
19:01:45,14007.7,VA1EET,38,19,DL8LAS
19:01:45,14026.4,WG3J,40,12,DL8LAS
19:01:45,14026.4,WG3J,40,12,DL8LAS-3
19:01:45,14032.4,HA7I,34,7,DL8LAS
19:01:45,14032.4,HA7I,34,7,DL8LAS-3
19:01:45,14045.9,N4OI,29,13,N2YCH
19:01:46,14028.2,OZ3SM,34,16,BD8CS
19:01:46,14029.6,KH7X,37,16,W3RGA
19:01:46,14032.8,WJ9B,35,10,VE4DRK
19:01:46,14044.8,AI5IN,37,14,VE4DRK
19:01:46,14045.0,AI5IN,38,5,ZL3X
19:01:46,14058.8,K4WOP,17,13,ZF9CW
19:01:47,14023.1,I1YRL,25,16,K5TR
19:01:47,14023.1,I1YRL,25,14,N9CO
19:01:47,14023.2,I1YRL,25,9,RK3TD-2
19:01:47,14026.6,W1WEF,35,43,N9CO
19:01:47,14026.6,W1WEF,38,13,N6TV
19:01:47,14028.1,W8XAL,36,18,WE9V
19:01:47,14029.6,KH7X,38,24,K7CO
19:01:47,14029.6,KH7X,37,16,K9LC
19:01:47,14037.1,AC8PL,18,4,K5TR
19:01:47,14038.6,K4PI,38,35,N9CO
19:01:47,14039.6,N8UM,34,18,WE9V
19:01:47,14039.6,N8UM,38,28,K9LC
19:01:47,14045.9,N4OI,29,14,WX7V/5
19:01:47,14055.0,EA4DE,17,22,OK1FCJ
19:01:47,14058.0,W7BTR,20,6,N6TV
19:01:48,14023.1,I1YRL,25,3,YO5LD
19:01:48,14023.3,I1YRL,25,11,DL5RCN
19:01:48,14039.7,N8UM,36,34,K9IMM
19:01:48,14039.7,N8UM,38,20,AA4PA
19:01:48,14039.7,N8UM,37,5,NG7M
19:01:48,14045.9,N4OI,29,22,K9IMM
19:01:49,14023.1,I1YRL,25,24,IT9GSF
19:01:49,14055.0,EA4DE,17,9,HA8TKS
19:01:50,14029.6,KH7X,36,5,AK6RI-1
19:01:50,14034.1,VE5UO,31,2,AK6RI-1
19:01:50,14055.0,EA4DE,17,10,SM7IUN
19:01:51,14028.3,OZ3SM,34,11,S53A
19:01:51,14031.0,K3WW,39,7,EA5WU
19:01:51,14034.1,VE5UO,32,37,KD7EFG
19:01:51,14036.3,IK3VUT,26,16,OH6BG
19:01:51,14036.4,IK3VUT,26,6,K4PP
19:01:51,14037.6,N4HAI,28,11,KD7EFG
19:01:51,14039.7,N8UM,38,16,S53A
19:01:51,14039.7,N8UM,38,15,K4PP
19:01:51,14045.0,AI5IN,34,20,KD7EFG
19:01:51,14055.0,EA4DE,17,3,HA1VHF
19:01:52,14036.3,IK3VUT,27,12,RU9CZD
19:01:52,14041.0,DK9PY,16,21,DO4DXA
19:01:53,14026.8,TK4TZ,40,27,K3PA-1
19:01:53,14027.8,W8FN,39,6,DF7GB
19:01:53,14032.5,G4PFZ,32,13,LZ3CB
19:01:53,14039.7,N8UM,37,18,TI7W
19:01:53,14045.9,N4OI,30,8,TI7W
19:01:53,14052.5,W4LOO,24,6,ZL4YL
19:01:53,14055.0,EA4DE,17,5,LZ4AE
19:01:54,14029.6,KH7X,35,6,VE6WZ
19:01:55,14027.4,N8KH,39,10,WT9U
19:01:55,14028.1,W8XAL,37,10,WT9U
19:01:55,14035.2,DL1VDL,32,11,HG8A
19:01:55,14036.0,EA4RKC,16,14,DC8YZ
19:01:55,14036.1,EA4RKC,15,15,HG8A
19:01:55,14039.7,N8UM,38,10,WB6BEE
19:01:56,14036.0,EA4RKC,16,15,DM6EE
19:01:56,14038.4,K4PI,36,11,VE4DRK
19:01:56,14038.5,K4PI,37,25,W8WWV
19:01:56,14049.9,K4WLO,26,7,KD2M
19:01:56,14055.0,EA4DE,17,15,IK7YTT
19:01:56,14058.0,W7BTR,20,9,W6YX
19:01:57,14029.6,KH7X,38,28,N9CO
19:01:57,14032.5,G4PFZ,31,6,LZ4UX
19:01:57,14036.0,EA4RKC,16,22,DL8LAS-1
19:01:57,14038.6,K4PI,37,18,K5TR
19:01:57,14038.6,K4PI,37,15,DL8LAS-1
19:01:57,14041.5,K0RT,33,12,ZF9CW
19:01:58,14007.7,VA1EET,37,30,K9IMM
19:01:58,14026.8,TK4TZ,39,11,K9IMM
19:01:58,14038.6,K4PI,37,24,WX7V/5
19:01:58,14039.7,N8UM,37,30,WX7V/5
19:01:58,14041.0,DK9PY,36,34,OK1FCJ
19:01:58,14045.9,N4OI,31,5,K7CO
19:01:58,14045.9,N4OI,30,16,AA4PA
19:01:59,14007.7,VA1EET,37,7,NU4F
19:01:59,14028.3,OZ3SM,34,7,IK4VET
19:01:59,14032.5,G4PFZ,32,11,RK3TD
19:01:59,14032.5,G4PFZ,32,26,IT9GSF
19:01:59,14036.0,EA4RKC,16,29,IT9GSF
19:01:59,14036.1,EA4RKC,16,22,IK4VET
19:01:59,14036.8,F5SGI,30,9,UT5R
19:01:59,14038.6,K4PI,38,21,IT9GSF
19:01:59,14039.5,I2WIJ,33,9,W1NT-2
19:01:59,14039.7,N8UM,38,10,NU4F
19:01:59,14049.9,K4WLO,25,2,N2EPE
19:02:00,14023.1,I1YRL,25,9,W2MV
19:02:00,14031.0,K3WW,39,5,HA8TKS
19:02:00,14033.0,WJ9B,35,3,AK6RI-1
19:02:00,14038.6,K4PI,37,16,W2MV
19:02:01,14032.5,KO4VW,38,14,S53A
19:02:01,14035.9,EA4RKC,16,23,OK1HRA
19:02:01,14036.0,EA4RKC,16,19,DL1HWS-4
19:02:01,14039.6,I2WIJ,37,11,S53A
19:02:01,14064.0,KG4EXY,17,11,N4HAC
19:02:02,14007.7,VA1EET,37,6,KM3T-3
19:02:02,14007.7,VA1EET,37,6,KM3T-5
19:02:02,14007.7,VA1EET,38,7,PE5TT
19:02:02,14007.7,VA1EET,37,15,GI4DOH
19:02:02,14007.8,VA1EET,38,9,SQ5J
19:02:02,14024.0,W4CMG,34,12,KM3T-2
19:02:02,14025.1,VB7F,32,38,KD7EFG
19:02:02,14029.6,KH7X,38,45,KD7EFG
19:02:02,14035.4,ON7PQ,29,6,HA1VHF
19:02:02,14035.5,N3OC,40,33,KD7EFG
19:02:02,14035.5,N3OC,40,7,VE6AO
19:02:02,14039.7,N8UM,36,24,KD7EFG
19:02:02,14045.9,N4OI,31,21,KD7EFG
19:02:02,14058.8,K4WOP,17,6,AC0C-1
19:02:03,14007.7,VA1EET,37,12,LZ4AE
19:02:03,14015.0,RT25RK,35,28,DF7GB
19:02:03,14032.5,KO4VW,38,11,K6FOD
19:02:03,14033.3,KR2Q,35,13,ZL4YL
19:02:03,14036.0,EA4RKC,16,12,HA2NA
19:02:04,14007.7,VA1EET,38,5,ND7K
19:02:04,14026.3,WG3J,42,18,EI4HQ
19:02:04,14035.9,EA4RKC,16,28,DR4W
19:02:04,14039.7,N8UM,36,22,ND7K
19:02:04,14045.0,AI5IN,37,24,TI7W
19:02:04,14058.8,K4WOP,17,8,TI7W
19:02:05,14007.7,VA1EET,37,16,W8WTS
19:02:05,14015.0,RT25RK,35,24,DK0TE
19:02:05,14015.0,RT25RK,35,30,HB9BXE
19:02:05,14015.0,RT25RK,36,29,DL8LAS
19:02:05,14015.0,RT25RK,35,31,DK9IP
19:02:05,14032.3,HA7I,34,6,S50U
19:02:05,14034.1,VE5UO,30,5,W8WTS
19:02:05,14036.0,EA4RKC,16,22,DL8LAS
19:02:06,14007.7,VA1EET,38,10,G0KTN
19:02:06,14015.0,RT25RK,35,13,LZ5DI
19:02:06,14024.1,W4CMG,33,6,N2YCH
19:02:06,14032.5,G4PFZ,31,13,BD8CS
19:02:06,14033.3,KR2Q,36,13,KD2M
19:02:07,14007.7,VA1EET,38,7,W3RGA
19:02:07,14015.0,RT25RK,36,19,LZ4UX
19:02:07,14026.4,WG3J,38,18,W6YX
19:02:07,14032.5,G4PFZ,31,11,RK3TD-2
19:02:07,14033.3,KR2Q,36,8,WT8P
19:02:07,14039.7,N8UM,37,22,W6YX
19:02:07,14041.5,K0RX,33,4,W6YX
19:02:07,14045.0,AI5IN,37,30,W3RGA
19:02:08,14026.3,WG3J,36,27,WE9V
19:02:08,14026.6,W1WEF,38,32,K7CO
19:02:08,14026.6,W1WEF,37,8,OE9GHV
19:02:09,14015.0,RT25RK,36,19,SM1HEV
19:02:09,14015.1,RT25RK,34,38,IK4VET
19:02:09,14024.0,W4CMG,33,11,N2EPE
19:02:09,14026.3,WG3J,41,12,NU4F
19:02:09,14032.3,HA7I,37,5,KC4YVA
19:02:09,14033.3,KR2Q,36,10,IK4VET
19:02:10,14026.3,WG3J,37,29,IT9GSF
19:02:10,14028.5,AB5SE,34,15,IT9GSF
19:02:10,14032.6,G4PFZ,32,9,BG7IEJ
19:02:10,14039.7,N8UM,35,12,IT9GSF
19:02:11,14015.0,RT25RK,35,28,DK0KK
19:02:11,14015.0,RT25RK,35,38,DL1HWS-4
19:02:11,14026.3,WG3J,42,13,K4PP
19:02:11,14029.6,KH7X,36,19,K4PP
19:02:11,14033.8,N2YO,35,7,AK6RI-1
19:02:12,14015.1,RT25RK,35,26,HB9EMP
19:02:12,14026.3,WG3J,42,12,DO4DXA
19:02:12,14026.3,WG3J,34,24,AC0C-1
19:02:12,14029.6,KH7X,37,30,AC0C-1
19:02:12,14030.0,N7US,39,23,KM3T-5
19:02:12,14032.3,HA7I,36,34,KM3T-3
19:02:12,14037.1,AC8PL,17,4,AC0C-1
19:02:13,14026.4,WG3J,38,22,K3PA-1
19:02:13,14029.7,KH7X,36,13,W2NNN
19:02:13,14039.7,N8UM,36,28,K3PA-1
19:02:14,14024.0,W4CMG,33,14,WA7LNW
19:02:14,14026.4,WG3J,37,24,TI7W
19:02:14,14039.7,N8UM,36,25,WA7LNW
19:02:14,14045.0,AI5IN,36,31,WA7LNW
19:02:15,14026.4,WG3J,41,9,DK0TE
19:02:15,14029.6,KH7X,37,13,WT9U
19:02:15,14055.0,EA4DE,17,3,LB9KJ
19:02:16,14023.1,I1YRL,25,5,WB6BEE
19:02:16,14023.1,I1YRL,25,10,W1NT-6
19:02:16,14029.6,KH7X,36,22,WB6BEE
19:02:16,14033.0,WJ9B,35,5,VE6WZ-3
19:02:16,14037.7,N4HAI,29,7,W1NT-6
19:02:17,14031.0,K3WW,39,12,IK7YTT
19:02:17,14033.0,WJ9B,33,7,W3RGA
19:02:17,14035.3,ON7PQ,30,11,IK7YTT
19:02:17,14045.0,AI5IN,39,30,ZF9CW
19:02:17,14045.0,AI5IN,38,25,K5TR
19:02:18,14029.6,KH7X,36,20,WE9V
19:02:18,14032.3,HA7I,37,8,ES5PC
19:02:18,14032.5,HA7I,37,10,DL5RCN
19:02:18,14040.0,KC9IL,28,5,K7CO
19:02:18,14050.9,KE2BVB,21,12,WE9V
19:02:19,14029.6,KH7X,37,19,K1RA-4
19:02:19,14035.9,N6CHU,28,14,AA4PA
19:02:19,14040.0,KC9IA,28,3,N6TV
19:02:19,14040.5,NE5A,30,4,KC4YVA
19:02:20,14029.6,KH7X,37,16,W1NT-2
19:02:20,14032.5,KO4VW,39,12,WC2L
19:02:20,14055.0,EA4DE,17,10,R4NCU
19:02:21,14032.3,HA7I,36,17,S53A
19:02:22,14029.6,KH7X,37,12,N4HAC
19:02:22,14030.0,N7US,39,23,KM3T-3
19:02:22,14035.9,N6CHU,28,43,KD7EFG
19:02:22,14054.9,EA4DE,17,6,YO2CK
19:02:22,14055.0,EA4DE,17,10,RU9CZD
19:02:23,14032.2,N3RD,39,34,AC0C-1
19:02:23,14032.7,N4BP,31,3,N7VVX
19:02:24,14026.7,W1WEF,37,12,K5EM
19:02:24,14029.6,KH7X,39,26,K3PA-1
19:02:24,14032.2,N3RD,39,30,K3PA-1
19:02:24,14043.5,NK2Y,29,26,K3PA-1
19:02:24,14055.0,EA4DE,17,3,DR4W
19:02:25,14028.9,WA3AAN,34,6,VE6WZ
19:02:25,14033.0,WJ9B,35,5,VE6WZ
19:02:25,14033.9,N2YO,37,14,TI7W
19:02:25,14035.5,NA4J,32,29,WA7LNW
19:02:25,14035.9,N6CHU,28,12,WT9U
19:02:26,14028.9,WA3AAN,34,6,VE6WZ-3
19:02:26,14032.5,KO4VW,38,17,W1NT-6
19:02:26,14032.5,KO4VW,38,23,W8WWV
19:02:27,14015.0,RT25RK,37,21,RK3TD-2
19:02:27,14032.5,KO4VW,37,12,KD2M
19:02:27,14044.5,W0GAS,35,13,W3RGA
19:02:27,14045.9,N4OI,31,7,W3RGA
19:02:28,14015.0,RT25RK,34,29,IK3STG
19:02:28,14015.0,RT25RK,36,18,ON6ZQ
19:02:28,14031.3,K5SJC,32,15,K5TR
19:02:28,14033.9,N2YO,40,9,WX7V/5
19:02:28,14043.6,K1GU,33,18,ZF9CW
19:02:29,14015.0,RT25RK,35,38,S53WW
19:02:29,14029.6,KH7X,38,21,AA4PA
19:02:29,14031.3,K5SJC,32,15,K7CO
19:02:29,14035.3,ON7PQ,29,5,YO5LD
19:02:29,14043.2,K5UV,37,6,K7CO
19:02:30,14015.0,RT25RK,35,20,EA2RCF-4
19:02:30,14015.0,RT25RK,36,25,F4GOU
19:02:30,14015.0,RT25RK,34,28,PI4CC
19:02:30,14015.1,RT25RK,36,11,CX6VM
19:02:30,14027.0,W5TM,33,6,WC2L
19:02:30,14031.3,K5SJC,33,4,W1NT-2
19:02:30,14031.9,N4IQ,37,7,IT9GSF
19:02:30,14045.3,N5NA,32,9,KC4YVA
19:02:31,14015.0,RT25RK,36,26,PA5KT-4
19:02:31,14015.0,RT25RK,30,34,DM5GG
19:02:31,14015.0,RT25RK,35,28,EA5WU
19:02:31,14015.0,RT25RK,35,22,SZ1A
19:02:31,14041.0,DK9PY,37,16,DK0KK
19:02:32,14015.0,RT25RK,35,18,MM0ZBH
19:02:32,14015.0,RT25RK,35,40,OH6BG
19:02:32,14023.0,I1YRL,25,1,YO2CK
19:02:32,14045.3,N5NA,32,4,MM0ZBH
19:02:32,14045.3,N5NA,32,28,N4HAC
19:02:32,14045.3,N5NA,32,29,KM3T-2
19:02:33,14028.5,AI5IN,34,27,KM3T-5
19:02:33,14040.5,NE5A,31,25,AC0C-1
19:02:33,14045.3,N5NA,33,28,KM3T-5
19:02:33,14045.3,N5NA,32,28,KM3T-3
19:02:33,14045.3,N5NA,32,26,KD7EFG
19:02:33,14045.3,N5NA,33,7,K6FOD
19:02:34,14015.0,RT25RK,36,20,LZ4AE
19:02:34,14031.0,K3WW,40,12,N7VVX
19:02:34,14034.7,N6NT,33,6,DK9IP-1
19:02:34,14045.4,N5NA,31,26,K5EM
19:02:35,14015.0,RT25RK,35,23,DC8YZ
19:02:35,14032.2,N3RD,43,13,EI4HQ
19:02:35,14034.7,N6NT,34,9,DK0TE
19:02:35,14034.7,N6NT,34,23,TI7W
19:02:35,14035.4,ON7PQ,28,9,TI7W
19:02:35,14038.6,K4PI,37,20,TI7W
19:02:35,14045.3,N5NA,32,17,TI7W
19:02:36,14015.0,RT25RK,35,39,DL8LAS-3
19:02:36,14015.0,RT25RK,36,26,DP5G
19:02:36,14026.6,W1WEF,37,8,G0KTN
19:02:36,14034.7,N6NT,33,13,DL1HWS-3
19:02:36,14034.8,N6NT,29,34,N2YCH
19:02:36,14045.3,N5NA,32,4,W8WTS
19:02:36,14045.3,N5NA,33,11,WT9U
19:02:37,14029.3,W2RQ,40,10,W1NT-6
19:02:37,14031.0,K3WW,35,4,KD2M
19:02:37,14034.7,N6NT,34,8,AA0O
19:02:37,14035.9,N6CHU,28,2,KD2M
19:02:37,14045.3,N5NA,32,19,W8WWV
19:02:37,14045.3,N5NA,32,5,MM9PSY
19:02:38,14029.3,W2RQ,39,51,N9CO
19:02:38,14034.7,N6NT,33,14,W2NAF
19:02:38,14034.7,N6NT,32,12,K5TR
19:02:38,14043.2,K5UV,36,9,WT8P
19:02:38,14045.3,N5NA,32,25,N9CO
19:02:38,14045.3,N5NA,32,16,OE9GHV
19:02:38,14045.4,N5NA,32,7,W2NAF
19:02:39,14024.9,K1VUT,31,5,IK4VET
19:02:39,14034.7,N6NT,34,18,K7CO
19:02:39,14034.7,N6NT,34,10,K9LC
19:02:39,14034.8,N6NT,34,9,IK4VET
19:02:39,14045.3,N5NA,31,8,S53WW
19:02:39,14045.3,N5NA,32,13,K7CO
19:02:39,14045.4,N5NA,31,13,IK4VET
19:02:40,14028.2,OZ3SM,34,14,R4NCU
19:02:40,14033.0,OH6NVC,27,7,SE5E
19:02:40,14034.7,N6NT,33,13,NU4F
19:02:40,14034.7,N6NT,33,38,W1NT-2
19:02:40,14034.7,N6NT,34,28,WC2L
19:02:40,14039.6,W8CAR,39,9,K9IMM
19:02:40,14045.3,N5NA,32,21,AA4PA
19:02:41,14034.7,N6NT,33,19,W2MV
19:02:41,14045.3,N5NA,32,13,W2MV
19:02:42,14033.0,OH6NVC,28,7,SZ1A
19:02:42,14034.7,N6NT,34,22,S53A
19:02:42,14034.7,N6NT,32,7,DO4DXA
19:02:42,14045.3,N5NA,32,6,DO4DXA
19:02:43,14032.5,KO4VW,37,41,AC0C-1
19:02:43,14034.7,N6NT,32,41,KM3T-2
19:02:43,14037.9,K6RB,34,12,KM3T-3
19:02:43,14037.9,K6RB,33,38,AC0C-1
19:02:44,14033.0,OH6NVC,27,10,LZ3CB
19:02:44,14034.8,N6NT,34,23,W2NNN
19:02:44,14035.5,N3OC,40,25,K3PA-1
19:02:44,14037.9,K6RB,33,26,N7VVX
19:02:44,14037.9,K6RB,33,31,K3PA-1
19:02:44,14045.3,N5NA,32,2,VE6AO
19:02:44,14045.9,N4OI,30,3,K3PA-1
19:02:45,14032.0,N4IQ,36,14,K5EM
19:02:45,14035.5,N3OC,39,16,VE6WZ
19:02:45,14037.9,K6RB,34,20,K5EM
19:02:45,14037.9,K6RB,34,22,ZL4YL
19:02:45,14058.7,K4WOP,16,3,VE6WZ
19:02:46,14036.4,IK3VUT,30,6,N2YCH
19:02:46,14037.9,K6RB,33,23,WA7LNW
19:02:46,14037.9,K6RB,35,25,WB6BEE
19:02:47,14035.5,N3OC,39,16,VE6WZ-3
19:02:47,14036.4,IK3VUT,32,10,LZ5DI
19:02:47,14037.8,K6RB,33,35,W8WWV
19:02:47,14045.9,N4OI,30,5,W1NT-6
19:02:47,14046.5,F6HKA,30,22,IK7YTT
19:02:47,14046.6,F6HKA,30,14,LZ5DI
19:02:47,14058.6,K4WOP,17,1,VE4DRK
19:02:47,14058.7,K4WOP,16,3,VE6WZ-3
19:02:48,14031.9,N4IQ,37,8,W3RGA
19:02:48,14032.2,N3RD,43,32,ZF9CW
19:02:48,14035.3,ON7PQ,29,4,LZ4UX
19:02:48,14035.5,N3OC,40,38,ZF9CW
19:02:48,14037.9,K6RB,33,22,W3RGA
19:02:48,14037.9,K6RB,34,21,ZF9CW
19:02:48,14037.9,K6RB,34,6,W2NAF
19:02:48,14037.9,K6RB,33,24,N9CO
19:02:48,14041.5,K0RX,33,12,ZF9CW
19:02:48,14043.6,K1GU,31,4,W3RGA
19:02:48,14046.5,F6HKA,31,17,N9CO
19:02:49,14032.1,N3RD,42,27,K5TR
19:02:49,14034.4,KG9X,40,25,WX7V/5
19:02:49,14035.5,N3OC,40,29,WX7V/5
19:02:49,14037.9,K6RB,33,29,WX7V/5
19:02:49,14037.9,K6RB,34,32,K5TR
19:02:49,14037.9,K6RB,34,30,WE9V
19:02:49,14046.5,F6HKA,31,7,ES5PC
19:02:49,14046.5,F6HKA,31,11,YO5LD
19:02:50,14031.9,N4IQ,37,7,N2EPE
19:02:50,14032.1,N3RD,43,31,K9LC
19:02:50,14032.2,N3RD,42,20,IK4VET
19:02:50,14032.2,N3RD,43,36,IT9GSF
19:02:50,14033.0,WJ9B,36,10,N6TV
19:02:50,14033.0,WJ9B,35,10,AA4PA
19:02:50,14037.9,K6RB,34,21,K1RA-4
19:02:50,14037.9,K6RB,35,9,N2EPE
19:02:50,14037.9,K6RB,33,17,NU4F
19:02:50,14043.6,K1GU,31,4,N2EPE
19:02:50,14046.5,F6HKA,31,7,K1RA-4
19:02:50,14046.5,F6HKA,31,9,UT5R
19:02:50,14046.5,F6HKA,31,7,HA8TKS
19:02:50,14046.5,F6HKA,31,44,IT9GSF
19:02:51,14032.1,N3RD,37,40,K9IMM
19:02:51,14032.5,N5KD,38,43,K9IMM
19:02:51,14034.4,KG9X,39,8,W2MV
19:02:51,14037.9,K6RB,33,30,K9IMM
19:02:51,14037.9,K6RB,34,15,W1NT-2
19:02:51,14037.9,K6RB,33,30,NG7M
19:02:51,14041.0,IT9SSI,26,8,PI4CC
19:02:51,14046.5,F6HKA,31,22,W1NT-2
19:02:51,14055.0,EA4DE,17,2,OZ1AAB
19:02:52,14015.0,RT25RK,36,28,DO4DXA
19:02:52,14034.7,N6NT,33,13,DL1HWS-4
19:02:52,14035.4,ON7PQ,29,3,SZ1A
19:02:52,14037.9,K6RB,34,8,K4PP
19:02:52,14046.5,F6HKA,31,3,EA5WU
19:02:53,14012.0,M0PKD,18,3,KM3T-2
19:02:53,14034.7,N6NT,33,42,KM3T-5
19:02:53,14037.9,K6RB,34,12,KM3T-2
19:02:53,14046.4,F6HKA,31,5,YO2CK
19:02:53,14046.5,F6HKA,31,11,N4HAC
19:02:53,14046.5,F6HKA,30,26,OH6BG
19:02:53,14046.5,F6HKA,31,15,KM3T-5
19:02:53,14046.5,F6HKA,31,13,KM3T-2
19:02:54,14012.0,M0PKD,19,4,KM3T-3
19:02:54,14015.0,RT25RK,35,9,LZ3CB
19:02:54,14015.0,RT25RK,37,34,DK9IP-1
19:02:54,14025.3,TK4TZ,39,12,W2NNN
19:02:54,14030.4,EA6BF,36,19,LZ7AA
19:02:54,14032.3,HA7I,36,7,HA2NA
19:02:54,14032.3,HA7I,36,5,LZ4AE
19:02:54,14034.7,N6NT,34,42,KM3T-3
19:02:54,14036.0,N6CHU,28,7,W2NNN
19:02:54,14037.9,K6RB,34,49,KD7EFG
19:02:54,14037.9,K6RB,34,9,VE6AO
19:02:54,14037.9,K6RB,35,20,W2NNN
19:02:54,14042.4,N8UM,37,27,AC0C-1
19:02:54,14042.4,N8UM,38,17,VE6AO
19:02:54,14044.5,W0GAS,34,27,AC0C-1
19:02:54,14046.5,F6HKA,31,14,KM3T-3
19:02:54,14046.5,F6HKA,31,16,LZ3CB
19:02:54,14046.5,F6HKA,30,6,HA2NA
19:02:54,14046.5,F6HKA,31,23,LZ4AE
19:02:54,14046.5,F6HKA,30,24,LZ4AE
19:02:54,14046.5,F6HKA,30,20,LZ7AA
19:02:55,14015.0,RT25RK,35,17,EI4HQ
19:02:55,14026.3,WG3J,43,14,DR4W
19:02:55,14034.7,N6NT,33,7,DR4W
19:02:55,14034.7,N6NT,33,15,EI4HQ
19:02:55,14042.4,N8UM,38,29,K3PA-1
19:02:55,14042.5,N8UM,38,23,K5EM
19:02:56,14015.1,RT25RK,35,23,HG8A
19:02:56,14026.4,WG3J,44,20,WA7LNW
19:02:56,14032.3,HA7I,37,11,DM6EE
19:02:56,14034.7,N6NT,34,5,VE6WZ
19:02:56,14035.9,N6CHU,28,5,W8WTS
19:02:56,14037.8,K6RB,34,13,VE6WZ
19:02:56,14037.9,K6RB,34,12,TI7W
19:02:56,14042.4,N8UM,37,24,ND7K
19:02:56,14042.4,N8UM,38,20,VE6WZ
19:02:56,14042.4,N8UM,38,26,WA7LNW
19:02:56,14042.5,N8UM,38,19,TI7W
19:02:56,14046.5,F6HKA,31,22,TI7W
19:02:56,14046.6,F6HKA,31,13,HG8A
19:02:56,14058.0,W7BTR,20,5,ND7K
19:02:57,14032.3,HA7I,37,6,VU2TUM
19:02:57,14032.3,KO4VW,36,10,VE4DRK
19:02:57,14034.7,N6NT,33,32,W1NT-6
19:02:57,14037.9,K6RB,34,15,N2YCH
19:02:57,14037.9,K6RB,34,11,W1NT-6
19:02:57,14042.4,N8UM,37,6,WB6BEE
19:02:57,14046.5,F6HKA,31,12,WB6BEE
19:02:57,14046.5,F6HKA,31,21,W1NT-6
19:02:57,14046.5,F6HKA,31,11,W8WWV
19:02:58,14015.0,RT25RK,37,41,DL8LAS-1
19:02:58,14034.4,KG9X,38,8,VE6WZ-3
19:02:58,14034.7,N6NT,33,22,KD2M
19:02:58,14037.8,K6RB,34,13,VE6WZ-3
19:02:58,14037.9,K6RB,34,13,WT8P
19:02:58,14042.4,N8UM,38,20,VE6WZ-3
19:02:58,14042.4,N8UM,37,14,W6YX
19:02:58,14046.5,F6HKA,31,11,W3RGA
19:02:59,14026.4,WG3J,43,12,S53WW
19:02:59,14028.2,OZ3SM,34,8,RK3TD
19:02:59,14042.4,N8UM,38,26,ZF9CW
19:02:59,14042.4,N8UM,37,22,WX7V/5
19:02:59,14042.4,N8UM,38,21,K5TR
19:02:59,14042.4,N8UM,37,34,WE9V
19:02:59,14045.0,AI5IN,38,6,S53WW
19:02:59,14046.5,F6HKA,30,19,ZF9CW
19:02:59,14046.5,F6HKA,31,16,WX7V/5
19:03:00,14015.0,RT25RK,34,39,DL1HWS
19:03:00,14026.4,WG3J,43,16,IK4VET
19:03:00,14033.3,KR2Q,37,18,N6TV
19:03:00,14033.3,KR2Q,36,16,K7CO
19:03:00,14034.7,N6NT,34,24,DL1HWS
19:03:00,14035.9,N6CHU,28,7,K9LC
19:03:00,14036.0,N6CHU,27,9,KC4YVA
19:03:00,14036.3,IK3VUT,30,4,UT5R
19:03:00,14037.9,K6RB,35,17,KC4YVA
19:03:00,14041.5,K0RX,33,6,K7CO
19:03:00,14042.4,N8UM,37,7,K1RA-4
19:03:00,14042.4,N8UM,38,23,K9LC
19:03:00,14045.0,AI5IN,38,9,N6TV
19:03:01,14024.4,K1DW,33,8,WC2L
19:03:01,14025.3,K4TZ,42,9,W1NT-2
19:03:01,14029.3,W2RQ,38,27,AA4PA
19:03:01,14033.3,KR2Q,37,31,AA4PA
19:03:01,14042.4,N8UM,38,16,AA4PA
19:03:01,14042.4,N8UM,38,29,K9IMM
19:03:01,14045.0,AI5IN,39,25,W1NT-2
19:03:01,14045.3,N5NA,31,17,WC2L
19:03:03,14029.3,W2RQ,41,17,K4PP
19:03:03,14042.4,N8UM,38,21,K4PP
19:03:04,14029.3,W2RQ,38,9,K6FOD
19:03:04,14029.3,W2RQ,42,27,AC0C-1
19:03:04,14033.3,KR2Q,35,43,KD7EFG
19:03:04,14045.0,AI5IN,37,11,KM3T-3
19:03:05,14029.2,W2RQ,39,10,VE6AO
19:03:05,14029.3,W2RQ,41,12,EI4HQ
19:03:05,14032.5,KO4VW,37,40,K3PA-1
19:03:05,14045.0,AI5IN,37,7,VE6AO
19:03:05,14058.0,EA1IQ,21,12,EI4HQ
19:03:05,14058.0,EA1IQ,21,13,EI4HQ
19:03:06,14015.1,RT25RK,37,7,PY2KNK
19:03:06,14024.9,W8FJ,44,19,K5EM
19:03:06,14029.3,W2RQ,40,21,TI7W
19:03:06,14034.4,KG9X,38,8,VE6WZ
19:03:06,14037.9,K6RB,36,7,VE6WZ
19:03:06,14037.9,K6RB,36,30,ND7K
19:03:06,14045.0,AI5IN,37,6,DL8LAS
19:03:06,14058.0,EA1IQ,21,11,S50U
19:03:06,14058.0,EA1IQ,21,6,DL8LAS
19:03:06,14058.1,EA1IQ,21,11,HG8A
19:03:06,14058.1,EA1IQ,21,9,DL8LAS-3
19:03:07,14029.3,W2RQ,39,25,WA7LNW
19:03:07,14036.3,IK3VUT,26,8,WB6BEE
19:03:08,14015.0,RT25RK,37,23,BD8CS
19:03:08,14024.8,W8FJ,43,22,VE6WZ-3
19:03:08,14024.9,W8FJ,42,10,KD2M
19:03:08,14024.9,W8FJ,42,30,W6YX
19:03:08,14026.6,W1WEF,38,47,W8WWV
19:03:08,14029.3,W2RQ,41,19,W6YX
19:03:08,14032.2,N3RD,41,23,W6YX
19:03:08,14033.3,KR2Q,36,3,AA0O
19:03:08,14045.0,AI5IN,37,6,DL8LAS-1
19:03:08,14046.5,F6HKA,31,12,BD8CS
19:03:08,14058.0,EA1IQ,21,6,DL8LAS-1
19:03:08,14058.0,EA1IQ,21,21,OK1FCJ
19:03:09,14036.4,IK3VUT,26,27,S53WW
19:03:09,14038.6,K4PI,36,15,W2NAF
19:03:09,14045.0,AI5IN,35,10,WX7V/5
19:03:09,14058.1,EA1IQ,21,18,S53WW
19:03:10,14029.3,W2RQ,40,15,IK4VET
19:03:10,14035.5,N3OC,38,33,K5TR
19:03:10,14036.3,IK3VUT,27,18,WE9V
19:03:10,14037.9,K6RB,35,26,K9LC
19:03:10,14038.6,K4PI,37,18,K1RA-4
19:03:10,14046.5,F6HKA,31,11,K5TR
19:03:10,14049.9,K4WLO,23,4,IK4VET
19:03:10,14058.0,EA1IQ,21,25,SE5E
19:03:10,14058.0,EA1IQ,21,12,HA8TKS
19:03:10,14058.1,EA1IQ,21,12,IK4VET
19:03:11,14015.0,RT25RK,36,24,IT9GSF
19:03:11,14024.9,W8FJ,39,23,N6TV
19:03:11,14024.9,W8FJ,42,14,NU4F
19:03:11,14029.3,W2RQ,40,18,IT9GSF
19:03:11,14032.2,N3RD,43,22,K7CO
19:03:11,14038.6,K4PI,38,27,WC2L
19:03:11,14044.5,W0GAS,36,16,N6TV
19:03:11,14058.0,EA1IQ,21,10,OZ1AAB
19:03:11,14058.0,EA1IQ,21,15,IT9GSF
19:03:11,14058.0,EA1IQ,21,9,W1NT-2
19:03:12,14031.9,N4IQ,37,9,OK1HRA
19:03:12,14032.1,N3RD,43,8,OK1HRA
19:03:12,14032.5,G4PFZ,32,4,SZ1A
19:03:12,14045.0,AI5IN,35,11,EA5WU
19:03:12,14058.0,EA1IQ,21,19,OK1HRA
19:03:12,14058.1,EA1IQ,21,10,DM5GG
19:03:12,14058.1,EA1IQ,21,16,S53A
19:03:13,14015.0,RT25RK,35,10,GI4DOH
19:03:13,14032.2,N3RD,44,22,K4PP
19:03:13,14035.3,ON7PQ,29,8,KM3T-5
19:03:13,14045.0,AI5IN,35,18,KM3T-5
19:03:13,14058.0,EA1IQ,21,9,MM0ZBH
19:03:13,14058.0,EA1IQ,21,7,M1GEO
19:03:13,14058.0,EA1IQ,21,9,YO2CK
19:03:13,14058.0,EA1IQ,21,24,DK3WW
19:03:14,14026.6,W1WEF,38,6,HA2NA
19:03:14,14035.3,ON7PQ,29,7,KM3T-2
19:03:14,14045.0,AI5IN,35,3,DF7GB
19:03:14,14058.0,EA1IQ,21,5,KM3T-2
19:03:14,14058.0,EA1IQ,21,12,HA2NA
19:03:15,14024.9,W8FJ,43,10,K6FOD
19:03:15,14024.9,W8FJ,41,14,N7VVX
19:03:15,14032.1,N3RD,42,16,K6FOD
19:03:15,14037.6,N4HAI,31,18,AC0C-1
19:03:15,14046.6,F6HKA,31,5,W2NNN
19:03:15,14052.5,W4LOO,25,10,VE6AO
19:03:15,14058.1,EA1IQ,21,8,G4ZFE
19:03:16,14024.9,W8FJ,41,45,KD7EFG
19:03:16,14032.0,N4IQ,37,4,DL8LAS
19:03:16,14032.2,N3RD,43,12,ZL4YL
19:03:16,14032.2,N3RD,43,14,DL8LAS
19:03:16,14034.3,EA5M,37,20,HB9BXE
19:03:16,14035.9,N6CHU,27,5,ZL4YL
19:03:17,14023.7,WT9U,38,6,N2YCH
19:03:17,14024.8,W8FJ,43,22,VE6WZ
19:03:17,14032.0,N4IQ,37,4,DL8LAS-3
19:03:17,14032.1,N3RD,43,33,ND7K
19:03:17,14032.2,N3RD,43,14,DL8LAS-3
19:03:17,14036.3,IK3VUT,25,19,DM6EE
19:03:18,14034.3,EA5M,37,40,MM9PSY
19:03:18,14034.3,EA5M,38,26,IK3STG
19:03:18,14037.7,K6RB,36,8,VE4DRK
19:03:18,14055.0,EA1OO,19,13,W1NT-6
19:03:18,14055.0,EA1OO,19,17,G4KCM
19:03:18,14058.0,EA1IQ,21,7,W1NT-6
19:03:18,14058.0,EA1IQ,21,10,G4KCM
19:03:19,14026.6,W1WEF,38,9,WT8P
19:03:19,14031.3,TK5SJC,33,26,W6YX
19:03:19,14046.5,F6HKA,31,4,LZ4UX
19:03:19,14046.5,F6HKA,31,4,UY2RA
19:03:19,14055.0,EA1OO,19,7,ES5PC
19:03:20,14015.0,RT25RK,36,16,JN1ILK
19:03:20,14024.9,W8FJ,44,28,K5TR
19:03:20,14029.0,WA3AAN,33,10,IK4VET
19:03:20,14045.7,AH7RF,30,5,WX7V/5
19:03:21,14007.7,VA1EET,36,9,EA2RCF-4
19:03:21,14007.7,VA1EET,37,10,F4GOU
19:03:21,14015.0,RT25RK,35,14,OZ1AAB
19:03:21,14024.4,K1DW,33,4,HA8TKS
19:03:21,14024.4,K1DW,35,7,N2EPE
19:03:21,14032.5,KO4VW,38,18,K1RA-4
19:03:21,14034.3,EA5M,38,20,SM7IUN
19:03:21,14048.0,C5ACA,18,25,IT9GSF
19:03:22,14015.1,RT25RK,35,17,BG7IEJ
19:03:22,14022.0,AG4T,19,14,WC2L
19:03:22,14024.4,K1DW,34,19,W1NT-2
19:03:22,14024.9,W8FJ,43,13,AK6RI-1
19:03:22,14027.7,W8FN,38,11,OK1HRA
19:03:22,14034.3,EA5M,36,14,W1NT-2
19:03:22,14055.0,EA1OO,19,13,W1NT-2
19:03:23,14022.0,AG4T,20,10,N4HAC
19:03:23,14028.2,OZ3SM,34,6,ES2RR
19:03:23,14034.3,EA5M,37,41,MM0ZBH
19:03:23,14055.0,EA1OO,19,18,M1GEO
19:03:24,14015.0,RT25RK,35,42,HA2NA
19:03:24,14022.0,AG4T,20,5,KM3T-5
19:03:24,14022.0,AG4T,20,4,KM3T-2
19:03:24,14031.0,K8WWS,26,12,K4PP
19:03:24,14034.3,EA5M,37,31,HA2NA
19:03:24,14038.6,K4PI,37,23,K4PP
19:03:24,14055.0,EA1OO,19,6,KM3T-2
19:03:25,14019.9,KG5WAW,22,13,AC0C-1
19:03:25,14022.0,AG4T,20,4,KM3T-3
19:03:25,14022.0,AG4T,20,11,W2NNN
19:03:25,14024.4,K1DW,33,5,K6FOD
19:03:25,14025.3,TK4TZ,37,30,AC0C-1
19:03:25,14034.3,EA5M,35,14,LZ7AA
19:03:25,14034.3,EA5M,37,7,G4ZFE
19:03:25,14035.3,ON7PQ,29,8,KM3T-3
19:03:25,14045.3,N5NA,31,5,DR4W
19:03:25,14055.0,EA1OO,19,14,G4ZFE
19:03:26,14024.4,K1DW,33,31,KD7EFG
19:03:26,14034.3,EA5M,37,15,DK0TE
19:03:26,14034.3,EA5M,36,38,S50U
19:03:26,14035.6,N3OC,40,16,K5EM
19:03:26,14043.6,KT5V,31,21,K5EM
19:03:27,14007.7,VA1EET,36,10,DM6EE
19:03:27,14015.0,RT25RK,34,44,DL1HWS-3
19:03:27,14015.0,RT25RK,35,11,VU2TUM
19:03:27,14024.9,W8FJ,43,14,ZL4YL
19:03:27,14034.3,EA5M,37,22,DL8LAS
19:03:27,14034.3,EA5M,37,31,DM6EE
19:03:27,14034.3,EA5M,36,33,DL8LAS-3
19:03:27,14034.3,EA5M,36,37,DL1HWS-3
19:03:27,14034.4,EA5M,37,22,HG8A
19:03:27,14037.9,K1SM,33,16,W8WTS
19:03:27,14043.6,KT5V,31,17,ND7K
19:03:28,14007.7,VA1EET,37,14,IK7YTT
19:03:28,14021.9,AG4T,20,13,W8WWV
19:03:28,14022.0,AG4T,20,7,N2YCH
19:03:28,14022.0,AG4T,19,13,WB6BEE
19:03:28,14024.4,K1DW,33,11,W1NT-6
19:03:28,14034.3,EA5M,37,24,RK3TD-2
19:03:28,14034.3,EA5M,36,34,DL8LAS-1
19:03:28,14038.6,K4PI,37,32,N2YCH
19:03:28,14043.5,KT5V,31,16,W8WWV
19:03:28,14043.6,KT5V,31,27,WA7LNW
19:03:28,14043.6,KT5V,31,23,W1NT-6
19:03:28,14048.0,EC5ACA,18,18,IK7YTT
19:03:28,14058.8,K4WOP,16,6,WA7LNW
19:03:29,14022.0,AG4T,19,11,KD2M
19:03:29,14022.0,AG4T,19,20,W3RGA
19:03:29,14022.0,AG4T,19,2,W2NAF
19:03:29,14024.9,W8FJ,43,27,ZF9CW
19:03:29,14028.1,W8XAL,35,6,KD2M
19:03:29,14034.3,EA5M,36,35,ES5PC
19:03:29,14034.5,EA5M,35,32,DL5RCN
19:03:29,14035.3,ON7PQ,30,6,BD8CS
19:03:29,14043.6,KT5V,31,20,W6YX
19:03:29,14048.0,EC5ACA,17,16,OK1FCJ
19:03:29,14048.0,EC5ACA,18,4,ES5PC
19:03:30,14015.0,RT25RK,35,25,IZ2CPS
19:03:30,14022.0,AG4T,19,21,K5TR
19:03:30,14029.2,W2RQ,43,31,K5TR
19:03:30,14034.3,EA5M,38,35,S53WW
19:03:30,14034.3,EA5M,37,26,RK3TD
19:03:30,14034.3,EA5M,35,33,DL1HWS
19:03:30,14038.6,K4PI,37,22,K5TR
19:03:30,14039.5,I2WIJ,37,26,RK3TD
19:03:30,14043.6,KT5V,31,8,DL1HWS
19:03:31,14022.0,AG4T,20,7,KC4YVA
19:03:31,14022.0,AG4T,19,11,N2EPE
19:03:31,14024.9,W8FJ,43,20,K7CO
19:03:31,14029.2,W2RQ,40,20,K9LC
19:03:31,14034.3,EA5M,35,21,SE5E
19:03:31,14034.3,EA5M,37,28,HA8TKS
19:03:31,14043.6,KT5V,31,9,K7CO
19:03:32,14029.3,W2RQ,41,11,N6TV
19:03:32,14034.3,EA5M,37,27,DL1HWS-4
19:03:32,14034.4,EA5M,37,18,BG7IEJ
19:03:32,14035.5,N3OC,41,12,N6TV
19:03:32,14038.6,K4PI,37,21,IT9GSF
19:03:32,14039.6,I2WIJ,32,6,DM5GG
19:03:32,14042.4,N8UM,37,5,N6TV
19:03:32,14042.4,N8UM,36,9,OK1HRA
19:03:32,14043.5,KT5V,31,9,OK1HRA
19:03:32,14043.6,KT5V,31,18,N6TV
19:03:32,14043.6,KT5V,31,23,W1NT-2
19:03:32,14043.6,KT5V,31,8,K9IMM
19:03:32,14058.8,K4WOP,16,7,AA4PA
19:03:33,14030.0,N7US,38,13,AK6RI-1
19:03:33,14030.4,EA6BF,39,24,DO4DXA
19:03:33,14034.2,EA5M,38,15,YO2CK
19:03:33,14034.3,EA5M,37,19,HA1VHF
19:03:33,14034.3,EA5M,36,38,DO4DXA
19:03:33,14034.3,EA5M,37,11,M1GEO
19:03:33,14034.3,EA5M,36,28,OH6BG
19:03:33,14034.3,EA5M,37,19,RU9CZD
19:03:33,14058.0,EA1IQ,21,8,RU9CZD
19:03:34,14024.9,W8FJ,43,29,K4PP
19:03:34,14034.3,EA5M,36,18,GI4DOH
19:03:34,14039.5,I2WIJ,38,7,KM3T-5
19:03:34,14043.6,KT5V,31,13,KM3T-2
19:03:35,14027.8,W8FN,40,10,HA2NA
19:03:35,14028.1,W8XAL,34,15,N7VVX
19:03:35,14033.3,KR2Q,35,4,N7VVX
19:03:35,14034.3,EA5M,37,19,LZ4AE
19:03:35,14034.3,EA5M,37,19,LZ4AE
19:03:35,14043.6,KT5V,31,7,DK9IP-1
19:03:35,14043.6,KT5V,31,14,KM3T-3
19:03:35,14043.6,KT5V,31,40,AC0C-1
19:03:35,14048.0,EC5ACA,17,15,HA2NA
19:03:36,14019.9,KG5WAW,22,8,K3PA-1
19:03:36,14030.0,N7US,38,8,VE6AO
19:03:36,14030.4,EA6BF,40,8,DC8YZ
19:03:36,14043.6,KT5V,31,22,K6FOD
19:03:36,14043.6,KT5V,31,29,K3PA-1
19:03:36,14048.5,AB9CA,18,25,K3PA-1
19:03:36,14058.8,K4WOP,17,12,KD7EFG
19:03:37,14039.6,I2WIJ,36,14,DL1HWS-3
19:03:37,14043.6,KT5V,31,8,DM6EE
19:03:38,14015.0,RT25RK,35,14,MM9PSY
19:03:38,14028.2,OZ3SM,34,12,IK7YTT
19:03:38,14029.3,W2RQ,40,31,ND7K
19:03:38,14039.5,I2WIJ,37,25,RK3TD-2
19:03:38,14043.6,KT5V,32,18,TI7W
19:03:38,14048.5,AB9CA,18,12,N2YCH
19:03:39,14029.3,W2RQ,40,6,KD2M
19:03:39,14030.0,N7US,37,12,W8WWV
19:03:39,14034.3,EA5M,38,31,OK1FCJ
19:03:39,14037.9,K6RB,34,4,VE7CC
19:03:39,14037.9,K6RB,34,4,VE7CC
19:03:39,14048.5,AB9CA,18,13,W1NT-6
19:03:40,14030.4,EA6BF,36,33,ES5PC
19:03:40,14033.1,OH6NVC,33,32,IK4VET
19:03:40,14034.3,EA5M,37,13,OE9GHV
19:03:40,14034.4,EA5M,37,14,IK4VET
19:03:40,14037.9,K6RB,34,21,W6YX
19:03:40,14038.6,K4PI,36,8,W6YX
19:03:40,14048.5,AB9CA,19,12,ZF9CW
19:03:40,14048.5,AB9CA,19,20,WX7V/5
19:03:41,14043.5,NK2Y,29,21,WE9V
19:03:41,14058.0,W7BTR,20,3,WE9V
19:03:42,14034.3,EA5M,36,20,DM5GG
19:03:42,14037.9,K6RB,33,30,AA4PA
19:03:42,14037.9,K6RB,34,14,WC2L
19:03:42,14043.5,NK2Y,29,9,IT9GSF
19:03:42,14043.6,KT5V,31,7,K9LC
19:03:42,14043.6,KT5V,31,34,AA4PA
19:03:42,14048.5,AB9CA,19,23,W1NT-2
19:03:43,14043.5,NK2Y,29,11,K9IMM
19:03:43,14043.6,KT5V,30,9,AK6RI-1
19:03:44,14015.0,RT25RK,35,16,RU9CZD
19:03:44,14015.0,RT25RK,35,44,DK3WW
19:03:44,14048.5,AB9CA,19,8,KM3T-5
19:03:45,14048.5,AB9CA,18,7,KM3T-2
19:03:45,14048.5,AB9CA,19,8,KM3T-3
19:03:46,14023.2,I1YRL,25,10,W2NNN
19:03:46,14039.0,W7SW,25,7,VE6AO
19:03:46,14048.5,AB9CA,18,24,AC0C-1
19:03:46,14055.0,EA1OO,19,10,EI4HQ
19:03:46,14055.0,EA1OO,19,11,EI4HQ
19:03:47,14026.4,WG3J,43,13,DL8LAS
19:03:47,14029.2,W2RQ,40,20,VE6WZ
19:03:47,14031.5,EA1X,40,21,G0KTN
19:03:47,14031.6,N6NT,34,25,VE6WZ
19:03:47,14031.7,N6NT,34,6,DM6EE
19:03:48,14031.7,N6NT,29,27,TI7W
19:03:48,14031.7,N6NT,29,18,ND7K
19:03:48,14031.7,N6NT,33,27,N2YCH
19:03:48,14031.7,N6NT,34,15,WA7LNW
19:03:48,14039.0,W7SW,24,16,TI7W
19:03:48,14039.0,W7SW,26,20,WA7LNW
19:03:48,14058.1,EA1IQ,21,9,TI7W
19:03:49,14014.2,YO9CMC,25,23,DL5RCN
19:03:49,14015.0,RT25RK,35,6,DK0KK
19:03:49,14023.1,I1YRL,25,6,BD8CS
19:03:49,14026.4,WG3J,43,13,DL8LAS-1
19:03:49,14026.5,WG3J,42,9,DL5RCN
19:03:49,14029.2,W2RQ,40,20,VE6WZ-3
19:03:49,14031.6,N6NT,34,25,VE6WZ-3
19:03:49,14031.7,N6NT,35,5,OK1FCJ
19:03:49,14031.7,N6NT,33,29,W1NT-6
19:03:49,14031.7,N6NT,34,16,W3RGA
19:03:49,14031.7,N6NT,33,8,AA0O
19:03:49,14031.7,N6NT,29,24,KD2M
19:03:49,14034.2,KG9X,36,4,VE4DRK
19:03:49,14039.0,W7SW,25,5,KD2M
19:03:50,14028.6,DL6KVA,33,34,RK3TD
19:03:50,14028.6,DL6KVA,33,24,IK4VET
19:03:50,14031.7,N6NT,33,10,OE9GHV
19:03:50,14031.7,N6NT,28,41,ZF9CW
19:03:50,14031.7,N6NT,31,14,IK4VET
19:03:50,14032.2,N3RD,40,5,WT8P
19:03:50,14034.3,EA5M,37,14,YO5LD
19:03:50,14037.0,DF1IAR,14,11,YO2KAR
19:03:50,14037.0,DF1IAR,14,18,RK3TD
19:03:50,14039.0,W7SW,25,12,W2NAF
19:03:50,14039.0,W7SW,25,31,W6YX
19:03:50,14039.0,W7SW,27,31,ZF9CW
19:03:50,14043.5,NK2Y,29,28,N9CO
19:03:50,14052.9,K5IRH,22,9,W6YX
19:03:50,14055.0,EA1OO,19,8,YO5LD
19:03:51,14015.0,RT25RK,36,22,R4NCU
19:03:51,14023.2,I1YRL,25,6,KC4YVA
19:03:51,14026.3,WG3J,43,20,K5TR
19:03:51,14031.6,N6NT,34,8,K5TR
19:03:51,14031.7,N6NT,34,8,N2EPE
19:03:51,14034.3,EA5M,35,26,R4NCU
19:03:51,14048.5,AB9CA,18,8,K5TR
19:03:52,14026.3,WG3J,42,13,K9LC
19:03:52,14026.3,WG3J,42,22,AA4PA
19:03:52,14028.6,DL6KVA,33,36,IT9GSF
19:03:52,14030.5,AD4EB,37,6,DK0KK
19:03:52,14031.6,N6NT,32,10,K9LC
19:03:52,14031.7,N6NT,32,20,W2MV
19:03:52,14031.7,N6NT,34,23,K7CO
19:03:52,14031.7,N6NT,35,11,DL1HWS-4
19:03:52,14031.7,N6NT,33,40,AA4PA
19:03:52,14031.7,N6NT,32,13,NU4F
19:03:52,14032.2,N3RD,43,7,DK0KK
19:03:52,14034.3,EA5M,36,7,PA5KT-4
19:03:52,14034.3,EA5M,33,9,JN1ILK
19:03:52,14034.3,EA5M,32,37,IT9GSF
19:03:52,14037.9,K6RB,36,38,K7CO
19:03:52,14058.0,W7BTR,20,2,K9LC
19:03:53,14028.6,DL6KVA,32,14,S53A
19:03:53,14028.7,DL6KVA,33,18,BG7IEJ
19:03:53,14030.3,EA6BF,36,36,OK1HRA
19:03:53,14031.7,N6NT,34,26,WC2L
19:03:53,14031.7,N6NT,33,33,W1NT-2
19:03:53,14031.7,N6NT,34,27,K9IMM
19:03:53,14032.2,N3RD,43,13,S53A
19:03:53,14034.3,EA5M,37,36,S53A
19:03:53,14042.4,N8UM,37,9,NG7M
19:03:54,14014.0,YO9CMC,25,23,MM0ZBH
19:03:54,14026.3,WG3J,42,8,MM0ZBH
19:03:54,14028.5,DL6KVA,34,17,YO2CK
19:03:54,14028.6,DL6KVA,34,21,RU9CZD
19:03:54,14036.9,DF1IAR,14,7,YO2CK
19:03:54,14048.0,EC5ACA,17,23,DK3WW
19:03:54,14058.0,EA1IQ,21,12,OH6BG
19:03:55,14023.2,I1YRL,25,2,LZ4AE
19:03:55,14023.2,I1YRL,25,3,LZ4AE
19:03:55,14028.6,DL6KVA,34,8,LZ3CB
19:03:55,14028.6,DL6KVA,33,32,LZ4AE
19:03:55,14028.6,DL6KVA,33,32,LZ4AE
19:03:55,14028.6,DL6KVA,34,11,BD4UNT
19:03:55,14031.7,N6NT,31,41,KM3T-5
19:03:55,14031.7,N6NT,33,39,KM3T-2
19:03:55,14034.3,EA5M,38,6,LZ3CB
19:03:55,14035.5,NA4J,30,13,DK9IP-1
19:03:55,14037.0,DF1IAR,14,6,LZ3CB
19:03:55,14037.0,DF1IAR,14,19,LZ4AE
19:03:55,14037.0,DF1IAR,14,19,LZ4AE
19:03:56,14015.1,RT25RK,34,22,OH8KA
19:03:56,14031.7,N6NT,33,40,KM3T-3
19:03:56,14031.7,N6NT,34,13,EI4HQ
19:03:56,14031.7,N6NT,34,27,AC0C-1
19:03:56,14031.7,N6NT,33,28,W2NNN
19:03:57,14015.0,RT25RK,35,15,G0KTN
19:03:57,14026.3,WG3J,42,27,KD7EFG
19:03:57,14031.7,N6NT,33,21,K3PA-1
19:03:57,14031.7,N6NT,33,10,KD7EFG
19:03:57,14058.0,W7BTR,20,18,KD7EFG
19:03:57,14058.0,EA1IQ,21,6,G0KTN
19:03:58,14014.0,YO9CMC,26,23,MM9PSY
19:03:58,14028.6,DL6KVA,34,10,VU2TUM
19:03:58,14031.7,N6NT,34,9,VE6WZ
19:03:58,14031.7,N6NT,34,6,WB6BEE
19:03:58,14037.0,DF1IAR,14,12,LZ5DI
19:03:58,14042.5,N8UM,36,8,VE6WZ
19:03:58,14045.3,N5NA,31,4,VE6WZ
19:03:59,14028.6,DL6KVA,33,42,RK3TD-2
19:03:59,14028.6,DL6KVA,33,16,IK3STG
19:03:59,14028.6,DL6KVA,33,15,LZ4UX
19:03:59,14048.5,AB9CA,18,3,TI7W
19:03:59,14058.1,EA1IQ,21,5,IK3STG
19:04:00,14020.0,OM4ASM,13,11,YO2KAR
19:04:00,14028.6,DL6KVA,34,29,BD8CS
19:04:00,14031.7,N6NT,33,19,W2NAF
19:04:00,14038.2,E70T,35,8,DL5RCN
19:04:00,14038.6,K4PI,34,7,KD2M
19:04:00,14048.0,EC5ACA,17,6,S53WW
19:04:00,14058.0,EA1IQ,21,11,YO5LD
19:04:01,14012.0,M0PKD,18,6,ZF9CW
19:04:01,14038.0,E70T,34,20,RK3TD
19:04:01,14043.6,KT5V,31,31,ZF9CW
19:04:01,14047.1,K1GU,33,21,ZF9CW
19:04:01,14048.0,EC5ACA,17,4,SE5E
19:04:02,14020.0,OM4ASM,13,10,IT9GSF
19:04:02,14032.4,G4PFZ,32,7,R4NCU
19:04:02,14036.3,IK3VUT,26,26,IT9GSF
19:04:02,14038.0,E70T,35,6,KC4YVA
19:04:02,14038.0,E70T,34,13,W2MV
19:04:02,14047.1,K1GU,33,5,N2EPE
19:04:03,14031.3,K5SJC,32,10,N6TV
19:04:03,14032.2,N3RD,43,18,N6TV
19:04:03,14043.6,KT5V,30,7,NU4F
19:04:04,14043.6,KT5V,31,9,NG7M
19:04:05,14032.7,DL6KVA,34,13,LZ7AA
19:04:05,14032.8,DL6KVA,34,28,LZ4AE
19:04:05,14032.8,DL6KVA,34,28,LZ4AE
19:04:05,14043.6,KT5V,31,13,K4PP
19:04:05,14043.6,KT5V,30,14,KM3T-5
19:04:05,14058.0,EA1IQ,21,2,LZ7AA
19:04:06,14028.0,HA6NL,32,13,RN4WA
19:04:06,14028.3,OZ3SM,34,5,RN4WA
19:04:06,14028.6,DL6KVA,34,16,RN4WA
19:04:06,14032.7,DL6KVA,34,14,BD4UNT
19:04:06,14043.5,KT5V,31,5,DR4W
19:04:07,14024.4,K1DW,33,5,DL8LAS
19:04:07,14029.2,W2RQ,43,28,K3PA-1
19:04:07,14032.2,N3RD,41,34,KD7EFG
19:04:07,14043.6,KT5V,31,20,KD7EFG
19:04:07,14045.3,N5NA,32,4,DP5G
19:04:07,14048.5,AB9CA,18,8,KD7EFG
19:04:08,14024.4,K1DW,33,5,MM9PSY
19:04:08,14032.7,DL6KVA,33,18,LZ5DI
19:04:08,14043.6,KT5V,31,4,VE6WZ
19:04:09,14015.0,RT25RK,37,48,OK1FCJ
19:04:09,14024.4,K1DW,33,5,DL8LAS-1
19:04:09,14030.5,AD4EB,35,6,TI7W
19:04:09,14032.8,DL6KVA,33,39,RK3TD-2
19:04:09,14036.3,IK3VUT,26,27,W8WWV
19:04:09,14043.5,NK2Y,29,12,TI7W
19:04:09,14048.5,AB9CA,18,7,WA7LNW
19:04:09,14058.7,K4WOP,17,8,ND7K
19:04:10,14023.6,WT9U,35,10,WT8P
19:04:10,14029.8,K4WLO,23,4,KD2M
19:04:10,14029.9,K4WLO,23,30,N9CO
19:04:10,14032.7,DL6KVA,34,32,BD8CS
19:04:10,14043.6,KT5V,32,22,N9CO
19:04:11,14022.0,AG4T,19,19,ZF9CW
19:04:11,14025.7,VB7F,32,33,W6YX
19:04:11,14029.9,K4WLO,23,35,ZF9CW
19:04:11,14031.7,N6NT,34,10,DL1HWS
19:04:11,14032.7,DL6KVA,34,6,YO2KAR
19:04:11,14032.7,DL6KVA,34,27,RK3TD
19:04:11,14032.8,DL6KVA,34,17,IK4VET
19:04:11,14034.4,KG9X,38,22,WX7V/5
19:04:11,14038.0,E70T,34,19,WX7V/5
19:04:11,14038.0,E70T,34,9,UT5R
19:04:12,14022.0,AG4T,19,6,WE9V
19:04:12,14022.0,AG4T,19,9,K1RA-4
19:04:12,14024.4,K1DW,33,7,K7CO
19:04:12,14029.8,K4WLO,23,32,WE9V
19:04:12,14029.8,K4WLO,23,20,K9LC
19:04:13,14014.0,YO9CMC,23,16,EA5WU
19:04:13,14022.0,AG4T,19,7,AA4PA
19:04:13,14023.1,I1YRL,25,7,EA5WU
19:04:13,14029.9,K4WLO,23,13,S53A
19:04:13,14031.6,N6NT,35,14,OK1HRA
19:04:13,14040.5,NE5A,30,6,K7CO
19:04:13,14044.2,K3JT,31,23,W1NT-2
19:04:13,14046.5,F6HKA,32,8,AA4PA
19:04:14,14015.0,RT25RK,35,30,HA1VHF
19:04:14,14024.4,K1DW,33,9,N6TV
19:04:14,14029.9,K4WLO,23,23,K9IMM
19:04:14,14032.6,DL6KVA,34,19,YO2CK
19:04:14,14032.7,DL6KVA,34,19,SZ1A
19:04:14,14032.8,DL6KVA,34,25,BG7IEJ
19:04:14,14033.3,KR2Q,36,9,AK6RI-1
19:04:14,14044.1,K3JT,33,25,K9IMM
19:04:15,14031.7,N6NT,34,10,K4PP
19:04:15,14031.7,N6NT,33,6,KD2OGR
19:04:15,14031.7,N6NT,34,5,HA2NA
19:04:15,14032.7,DL6KVA,35,31,RU9CZD
19:04:15,14032.7,DL6KVA,34,7,LZ3CB
19:04:15,14044.1,K3JT,30,21,KM3T-5
19:04:15,14044.2,K3JT,33,19,KM3T-2
19:04:15,14052.5,W4LOO,24,10,KM3T-2
19:04:15,14055.0,EA1OO,19,15,MM0ZBH
19:04:16,14015.0,RT25RK,35,16,G4ZFE
19:04:16,14023.6,WT9U,38,9,K6FOD
19:04:16,14031.7,N6NT,33,7,DK0TE
19:04:17,14025.3,TK4EZ,36,29,AC0C-1
19:04:17,14027.4,N8KH,37,13,VE6AO
19:04:17,14028.5,AB5SE,33,34,AC0C-1
19:04:17,14029.9,K4WLO,23,11,W2NNN
19:04:17,14031.7,N6NT,33,8,K5EM
19:04:17,14032.3,N3RD,30,18,W2NNN
19:04:17,14032.7,DL6KVA,34,13,BI4MPH
19:04:17,14032.7,DL6KVA,34,8,BD7JNA
19:04:17,14044.1,K3JT,33,20,KM3T-3
19:04:17,14044.2,K3JT,33,30,AC0C-1
19:04:17,14044.2,K3JT,33,19,K3PA-1
19:04:18,14032.8,DL6KVA,34,9,LZ5DI
19:04:19,14024.0,W4CMG,36,5,VE6WZ
19:04:19,14032.7,DL6KVA,34,25,IK7YTT
19:04:19,14043.2,K5UV,37,13,VE6WZ
19:04:19,14044.1,K3JT,32,17,VE6WZ
19:04:19,14045.0,AI5IN,38,7,MM9PSY
19:04:19,14052.5,W4LOO,24,12,WB6BEE
19:04:19,14058.0,EA1IQ,22,24,IK7YTT
19:04:20,14024.0,W4CMG,36,5,VE6WZ-3
19:04:20,14024.9,W8FJ,43,24,TI7W
19:04:20,14029.8,K4WLO,23,15,ND7K
19:04:20,14029.9,K4WLO,23,18,TI7W
19:04:20,14030.4,EA6BF,39,7,F4BPO
19:04:20,14032.7,DL6KVA,33,9,LZ4UX
19:04:20,14044.1,K3JT,32,17,VE6WZ-3
19:04:20,14044.2,K3JT,32,25,WA7LNW
19:04:20,14044.2,K3JT,32,19,W1NT-6
19:04:20,14045.0,AI5IN,37,8,ZL3X
19:04:20,14047.1,K1GU,31,5,TI7W
19:04:21,14023.6,WT9M,34,10,WT8P
19:04:21,14031.7,N6NT,34,6,S53WW
19:04:21,14031.7,N6NT,33,12,W6YX
19:04:21,14044.2,K3JT,32,11,W6YX
19:04:22,14024.4,K1DW,34,23,KC4YVA
19:04:22,14031.7,N6NT,34,7,WE9V
19:04:22,14032.7,DL6KVA,34,30,R4NCU
19:04:22,14043.2,K5UV,37,5,N2EPE
19:04:22,14044.2,K3JT,32,7,WX7V/5
19:04:22,14044.2,K3JT,32,9,ZF9CW
19:04:23,14030.4,AD4EB,37,21,K5TR
19:04:23,14031.7,N6NT,30,14,IT9GSF
19:04:23,14043.5,NK2Y,29,16,K5TR
19:04:23,14048.5,AB9CA,19,15,AA4PA
19:04:24,14029.3,W2RQ,44,7,GI4DOH
19:04:26,14037.0,DF1IAR,14,9,LZ7AA
19:04:26,14038.0,E70T,35,5,HS0ZGZ
19:04:26,14043.2,K5UV,37,17,KM3T-2
19:04:26,14052.5,W4LOO,24,11,KM3T-5
19:04:27,14041.0,KX2P,28,14,AC0C-1
19:04:27,14043.2,K5UV,37,42,AC0C-1
19:04:28,14035.0,EA5M,38,34,DM6EE
19:04:28,14038.0,E70T,33,12,K3PA-1
19:04:28,14038.1,E70T,34,6,HG8A
19:04:28,14041.0,KX2P,28,12,K3PA-1
19:04:28,14044.2,K3JT,31,11,K5EM
19:04:28,14044.5,W0GAS,37,32,K3PA-1
19:04:29,14035.0,EA5M,38,25,IK3STG
19:04:29,14035.9,N6CHU,28,5,VE6WZ
19:04:30,14029.6,KH7X,39,17,ND7K
19:04:30,14030.0,N7US,37,16,W3RGA
19:04:30,14035.0,EA5M,37,24,OK1FCJ
19:04:30,14035.9,N6CHU,28,5,VE6WZ-3
19:04:30,14041.0,KX2P,28,6,ND7K
19:04:30,14041.0,KX2P,29,13,WA7LNW
19:04:30,14046.5,F6HKA,32,9,WA7LNW
19:04:31,14034.1,VE5UO,33,4,W2NAF
19:04:31,14035.0,EA5M,37,18,ES5PC
19:04:31,14046.5,F6HKA,31,6,S53WW
19:04:32,14029.3,W2RQ,43,23,ZF9CW
19:04:32,14029.3,M2RQ,40,38,WE9V
19:04:32,14035.0,EA5M,38,28,HA8TKS
19:04:32,14041.0,KX2P,28,12,WE9V
19:04:32,14043.5,NK2Y,29,18,ZF9CW
19:04:33,14035.9,N6CHU,28,4,NU4F
19:04:33,14037.7,N4HAI,31,7,S53A
19:04:33,14041.0,KX2P,28,13,K1RA-4
19:04:33,14041.0,KX2P,28,5,K9LC
19:04:33,14042.4,N8UM,38,13,S53A
19:04:33,14046.5,F6HKA,31,6,W2MV
19:04:34,14035.1,EA5M,37,18,BG7IEJ
19:04:34,14035.5,NA4J,31,27,W1NT-2
19:04:34,14037.1,DF1IAR,14,7,BG7IEJ
19:04:34,14058.1,EA1IQ,21,5,SQ5J
19:04:35,14032.2,N3RD,38,10,AK6RI-1
19:04:36,14014.0,YO9CMC,24,32,DR4W
19:04:36,14015.0,RT25RK,35,13,LZ7AA
19:04:36,14032.1,N3RD,43,8,DR4W
19:04:37,14014.0,YO9CMC,22,20,EI4HQ
19:04:37,14014.0,YO9CMC,22,9,DC8YZ
19:04:38,14024.9,KD2FSS,26,37,AC0C-1
19:04:39,14032.1,N3RD,43,17,VE6WZ
19:04:39,14043.2,WB2FKO,37,19,WB6BEE
19:04:40,14022.6,K1VUT,33,37,W8WWV
19:04:40,14032.0,N3RD,42,7,VE4DRK
19:04:40,14040.8,KX2P,28,4,VE4DRK
19:04:40,14045.0,AI5IN,37,2,IK3STG
19:04:41,14014.1,YO9CMC,23,22,IK4VET
19:04:41,14014.1,YO9CMC,23,22,DL1HWS
19:04:41,14022.6,K1VUT,33,33,N9CO
19:04:41,14022.7,K1VUT,31,17,TI7W
19:04:41,14024.0,W4CMM,36,10,TI7W
19:04:41,14032.1,N3RD,43,17,VE6WZ-3
19:04:41,14032.2,N3RD,42,26,TI7W
19:04:41,14034.9,N5KD,33,21,ND7K
19:04:41,14044.5,W0GAS,35,44,WA7LNW
19:04:42,14034.4,KG9X,39,17,WX7V/5
19:04:43,14014.0,YO9CMC,24,28,OK1HRA
19:04:43,14022.7,K1VUT,33,28,WE9V
19:04:43,14023.1,I1YRL,25,4,K1RA-4
19:04:43,14041.0,KX2P,28,21,ZF9CW
19:04:43,14043.6,KT5V,30,11,K1RA-4
19:04:44,14022.7,K1VUT,32,3,NU4F
19:04:44,14028.9,WA3AAN,32,26,AA4PA
19:04:44,14036.4,IK3VUT,26,5,AA4PA
19:04:44,14043.6,KT5V,31,14,S53A
19:04:45,14022.6,K1VUT,31,28,K9IMM
19:04:45,14022.7,K1VUT,31,6,K4PP
19:04:45,14036.3,IK3VUT,26,20,MM0ZBH
19:04:45,14043.6,KT5V,31,5,N4HAC
19:04:46,14035.0,EA5M,37,34,HA2NA
19:04:46,14035.0,EA5M,36,16,LZ7AA
19:04:47,14035.0,EA5M,37,12,HB9BXE
19:04:48,14022.7,K1VUT,31,20,W8WTS
19:04:48,14032.2,N3RD,43,14,K5EM
19:04:48,14035.0,EA5M,37,24,DL8LAS
19:04:48,14035.0,EA5M,37,27,DL8LAS-3
19:04:48,14044.6,W0GAS,34,24,K5EM
19:04:48,14066.4,WJ0L,22,4,AC0C-1
19:04:49,14035.0,EA5M,37,14,MM9PSY
19:04:49,14043.6,KT5V,31,4,ZL4YL
19:04:50,14035.2,EA5M,38,31,DL5RCN
19:04:50,14043.8,KT5V,31,3,DL5RCN
19:04:50,14045.8,N4OE,31,14,VE6WZ
19:04:51,14024.9,W8FJ,42,9,WT8P
19:04:51,14025.3,TK4TZ,39,15,WA7LNW
19:04:51,14033.0,WJ9B,33,5,KD2M
19:04:51,14035.0,EA5M,36,26,S53WW
19:04:51,14044.1,K3JT,31,11,ND7K
19:04:51,14048.5,AB9CA,19,1,KD2M
19:04:52,14035.0,EA5M,37,14,PI4CC
19:04:52,14045.8,N4OE,31,14,VE6WZ-3
19:04:53,14026.3,WG3J,42,7,DK0KK
19:04:53,14030.0,N7US,37,8,IT9GSF
19:04:53,14035.0,EA5M,38,15,SM7IUN
19:04:53,14035.0,EA5M,37,27,DM5GG
19:04:53,14037.6,N4HAI,31,10,IT9GSF
19:04:53,14045.3,WA3AER,32,28,ZF9CW
19:04:54,14021.9,AG4T,19,3,OK1HRA
19:04:54,14034.9,EA5M,37,35,OK1HRA
19:04:54,14035.0,EA5M,38,38,DO4DXA
19:04:54,14035.0,EA5M,37,21,HA1VHF
19:04:55,14015.0,RT25RK,36,18,SZ1A
19:04:55,14035.0,EA5M,36,17,GI4DOH
19:04:56,14022.0,AG4T,19,5,K4PP
19:04:57,14015.0,RT25RK,37,56,DR4W
19:04:58,14031.7,N6NT,35,3,DK9IP
19:04:58,14034.2,DL6KVA,33,11,DL8LAS
19:04:58,14040.6,NE5A,30,12,W2NNN
19:04:58,14044.2,K3JT,34,19,KD7EFG
19:04:58,14050.9,KE2BVB,22,12,KD7EFG
19:04:59,14022.6,K1VUT,30,19,AC0C-1
19:04:59,14022.7,K1VUT,31,17,K7EK
19:04:59,14027.0,K5AX,34,35,K3PA-1
19:04:59,14029.3,W2RQ,43,14,K5EM
19:04:59,14034.2,DL6KVA,34,17,LZ5DI
19:04:59,14043.5,NK2Y,29,11,AC0C-1
19:04:59,14045.1,AI5IN,38,32,K7EK
19:05:00,14034.2,DL6KVA,33,24,IK7YTT
19:05:00,14034.2,DL6KVA,33,11,DL8LAS-1
19:05:00,14034.2,DL6KVA,34,42,RK3TD-2
19:05:00,14036.3,W5TM,35,16,N2YCH
19:05:00,14044.5,W0GAS,37,21,WB6BEE
19:05:01,14034.2,DL6KVA,33,8,S53WW
19:05:01,14034.2,DL6KVA,33,29,BD8CS
19:05:01,14036.2,W5TM,38,25,W8WWV
19:05:01,14036.2,W5TM,37,11,W3RGA
19:05:02,14030.4,EA6BF,40,9,BI7JMD
19:05:02,14034.2,DL6KVA,35,31,IK4VET
19:05:02,14034.2,DL6KVA,34,39,RK3TD
19:05:02,14035.0,EA5M,38,29,DL1HWS
19:05:02,14036.2,W5TM,36,26,N9CO
19:05:02,14036.2,W5TM,33,17,W6YX
19:05:02,14041.0,KX2P,28,5,W6YX
19:05:02,14041.0,SM3EVR,30,11,EA2RCF-4
19:05:03,14036.2,W5TM,37,16,KC4YVA
19:05:04,14034.2,DL6KVA,33,43,IT9GSF
19:05:04,14034.2,DL6KVA,34,17,ZF9CW
19:05:04,14036.2,W5TM,34,27,K1RA-4
19:05:04,14036.2,W5TM,38,14,ZF9CW
19:05:04,14036.2,W5TM,38,12,K9LC
19:05:04,14044.2,K3JT,37,7,K7CO
19:05:05,14024.9,W8FJ,40,36,AA4PA
19:05:05,14030.4,EA6BF,38,14,SZ1A
19:05:05,14032.3,HA7I,37,4,N4HAC
19:05:05,14032.3,HA7I,36,14,OH6BG
19:05:05,14034.1,DL6KVA,34,16,YO2CK
19:05:05,14034.2,DL6KVA,34,17,SZ1A
19:05:05,14035.0,EA5M,37,21,OH6BG
19:05:05,14036.2,W5TM,35,27,AA4PA
19:05:05,14036.2,W5TM,39,19,N4HAC
19:05:05,14040.5,NE5A,30,16,WC2L
19:05:06,14023.6,WT9U,37,20,K9IMM
19:05:06,14025.3,TK4TZ,37,11,K9IMM
19:05:06,14034.2,DL6KVA,35,5,LZ3CB
19:05:06,14034.2,DL6KVA,34,25,RU9CZD
19:05:06,14034.2,DL6KVA,35,27,LZ4AE
19:05:06,14034.2,DL6KVA,33,27,LZ4AE
19:05:06,14034.2,DL6KVA,34,9,LZ7AA
19:05:06,14036.2,W5TM,37,21,K9IMM
19:05:06,14036.2,W5TM,35,17,K4PP
19:05:07,14034.1,DL6KVA,34,10,DR4W
19:05:07,14034.2,DL6KVA,34,5,LU8XW
19:05:07,14036.2,W5TM,36,15,KM3T-2
19:05:08,14024.4,K1DW,33,5,DL8LAS-3
19:05:08,14034.2,DL6KVA,33,8,BD7JNA
19:05:08,14035.5,NA4J,35,11,VE6AO
19:05:08,14036.3,W5TM,37,14,W2NNN
19:05:09,14035.0,EA5M,37,31,DL1HWS-3
19:05:09,14045.9,NN4OI,31,9,K3PA-1
19:05:10,14024.4,K1DW,33,17,K7EK
19:05:10,14024.9,W8FJ,42,13,K7EK
19:05:10,14032.8,N4BP,31,10,K7EK
19:05:10,14034.2,DL6KVA,33,9,VU2TUM
19:05:10,14034.2,DL6KVA,33,8,IK3STG
19:05:10,14035.0,EA5M,37,28,RK3TD-2
19:05:10,14036.2,W5TM,38,19,WB6BEE
19:05:10,14038.5,K4PI,37,19,VE6WZ
19:05:10,14042.5,N8UM,38,34,K7EK
19:05:10,14043.3,K5UV,37,15,K7EK
19:05:11,14034.2,DL6KVA,33,11,BH4XDZ
19:05:11,14034.2,DL6KVA,33,15,TI7W
19:05:11,14038.5,K4PI,38,27,W8WWV
19:05:12,14025.7,VB7FCWT,31,31,W6YX
19:05:12,14031.3,K5SJC,33,25,W6YX
19:05:12,14034.2,DL6KVA,34,11,BI7JMD
19:05:12,14035.0,EA5M,37,23,SE5E
19:05:12,14036.2,W5TM,37,21,ND7K
19:05:12,14036.2,W5TM,38,16,WA7LNW
19:05:12,14038.5,K4PI,37,19,VE6WZ-3
19:05:12,14038.6,K4PI,37,27,WA7LNW
19:05:12,14042.4,N8UM,37,8,WT8P
19:05:12,14050.0,IT9DNW,21,9,UT5R
19:05:13,14024.4,K1DW,34,2,DL1HWS-4
19:05:13,14034.2,DL6KVA,34,31,R4NCU
19:05:13,14038.6,K4PI,35,37,N2EPE
19:05:14,14024.9,W8FJ,41,7,IT9GSF
19:05:14,14026.6,W1WEF,34,15,IT9GSF
19:05:14,14031.7,N6NT,35,4,DO4DXA
19:05:14,14034.1,DL6KVA,34,10,OK1HRA
19:05:14,14036.2,W5TM,38,20,W1NT-2
19:05:14,14045.0,AI5IN,37,25,IT9GSF
19:05:14,14046.1,AD8J,30,29,K5TR
19:05:14,14046.1,AD8J,30,20,WE9V
19:05:14,14046.1,AD8J,30,25,ZF9CW
19:05:14,14046.1,AD8J,30,20,W1NT-2
19:05:15,14034.3,DL6KVA,35,22,BG7IEJ
19:05:15,14034.9,EA5M,38,18,YO2CK
19:05:15,14038.6,K4PI,37,27,K9LC
19:05:15,14038.6,K4PI,37,10,GI4DOH
19:05:15,14041.0,KX2P,28,4,K7CO
19:05:15,14041.0,KX2P,28,13,AA4PA
19:05:15,14041.9,K1TR,39,17,K9LC
19:05:15,14042.5,N8UM,38,9,K7CO
19:05:15,14046.1,AD8J,30,6,NU4F
19:05:15,14046.1,AD8J,29,17,K7CO
19:05:15,14046.1,AD8J,29,50,AA4PA
19:05:16,14014.1,YO9CMC,19,12,G4ZFE
19:05:16,14038.6,K4PI,35,12,NG7M
19:05:16,14042.4,N8UM,37,7,HA2NA
19:05:16,14045.3,N5NA,33,4,DK9IP-1
19:05:16,14046.1,AD8J,30,11,AK6RI-1
19:05:16,14046.1,AD8J,30,9,NG7M
19:05:16,14046.1,AD8J,29,39,K9IMM
19:05:16,14046.2,AD8J,30,16,N6TV
19:05:17,14046.1,AD8J,30,18,KM3T-5
19:05:17,14046.1,AD8J,30,17,KM3T-2
19:05:18,14014.0,YO9CMC,19,7,HB9BXE
19:05:18,14042.4,N8UM,37,9,K6FOD
19:05:18,14042.5,JH6LDY,15,7,BI4MPH
19:05:19,14031.7,N6NT,34,6,DL1HWS-3
19:05:19,14032.6,KO4VW,39,5,DL8LAS
19:05:19,14032.6,KO4VW,39,5,DL8LAS-3
19:05:19,14038.6,K4PI,37,14,DL8LAS
19:05:19,14038.6,K4PI,37,14,DL8LAS-3
19:05:19,14038.6,K4PI,37,30,K3PA-1
19:05:19,14045.0,AI5IN,35,33,K3PA-1
19:05:19,14046.1,AD8J,29,18,KM3T-3
19:05:19,14046.1,AD8J,29,45,AC0C-1
19:05:19,14046.2,AD8J,29,27,K5EM
19:05:19,14048.1,EC5ACA,18,9,HG8A
19:05:20,14026.4,WG3J,43,8,K7EK
19:05:20,14032.5,KO4VW,38,12,K7EK
19:05:20,14046.2,AD8J,30,15,N2YCH
19:05:21,14027.4,N8KH,37,11,VE6WZ
19:05:21,14034.2,DL6KVA,34,10,LZ4UX
19:05:21,14041.9,K1TR,39,11,W8WWV
19:05:21,14046.1,AD8J,29,23,VE6WZ
19:05:21,14046.1,AD8J,30,39,VE6WZ
19:05:22,14031.7,N6NT,34,26,N9CO
19:05:22,14031.7,N6NT,34,7,WT8P
19:05:22,14037.1,K1RV,32,14,N9CO
19:05:22,14037.2,K1RV,32,20,TI7W
19:05:22,14038.6,K4PI,37,23,TI7W
19:05:22,14038.6,K4PI,37,14,DL1HWS
19:05:22,14042.0,K1TR,39,9,WT8P
19:05:22,14046.1,AD8J,30,6,KD2M
19:05:22,14046.1,AD8J,29,17,WT8P
19:05:22,14046.1,AD8J,30,16,W1NT-6
19:05:22,14048.0,EC5ACA,18,3,YO5LD
19:05:22,14052.5,W4LOO,24,28,ND7K
19:05:23,14042.0,K1TR,40,16,WX7V/5
19:05:23,14042.0,K1TR,38,12,W6YX
19:05:23,14046.1,AD8J,30,53,WX7V/5
19:05:23,14046.1,AD8J,29,29,W6YX
19:05:23,14046.1,AD8J,30,39,VE6WZ-3
19:05:23,14052.5,W4LOO,24,16,W6YX
19:05:24,14026.4,WG3J,44,36,S53A
19:05:24,14027.7,W8FN,40,8,DO4DXA
19:05:24,14031.7,N6NT,34,7,K1RA-4
19:05:24,14038.5,K4PI,36,14,OK1HRA
19:05:24,14042.4,N8UM,38,9,IT9GSF
19:05:24,14043.6,KT5V,31,15,WE9V
19:05:24,14049.9,IT9DNW,20,9,OK1HRA
19:05:25,14026.4,WG3J,43,30,ZF9CW
19:05:25,14034.2,DL6KVA,33,9,DK3WW
19:05:25,14037.2,K1RV,31,13,ZF9CW
19:05:25,14042.0,K1TR,39,26,W1NT-2
19:05:25,14042.4,N8UM,35,7,NU4F
19:05:26,14031.3,K5SJC,32,18,NG7M
19:05:27,14041.3,N5RZ,39,6,DK9IP-1
19:05:27,14042.0,K1TR,40,6,K4PP
19:05:28,14050.0,IT9DNW,20,6,EI4HQ
19:05:29,14034.2,DL6KVA,33,8,S50U
19:05:29,14036.2,W5TM,37,31,AC0C-1
19:05:29,14037.9,K6RB,33,37,AC0C-1
19:05:29,14042.0,K1TR,39,21,KM3T-3
19:05:29,14043.2,K5UV,37,7,VE6AO
19:05:30,14036.2,W5TM,37,10,ZL4YL
19:05:30,14036.3,W5TM,38,10,K5EM
19:05:30,14037.2,K1RV,31,13,W8WTS
19:05:30,14040.1,KC9IL,28,8,K5EM
19:05:31,14036.1,W5TM,38,14,VE4DRK
19:05:31,14037.2,K1RV,31,4,K7EK
19:05:31,14037.7,N4HAI,31,5,K7EK
19:05:31,14037.9,K6RB,34,17,K7EK
19:05:31,14038.0,E70T,34,23,RK3TD-2
19:05:31,14041.5,N5RZ,39,5,DL5RCN
19:05:31,14041.6,K0RX,33,6,K7EK
19:05:31,14042.3,N8UM,37,18,VE4DRK
19:05:31,14043.2,K5UV,37,5,N2YCH
19:05:31,14043.6,KT5V,31,16,K7EK
19:05:32,14037.1,K1RV,33,19,W8WWV
19:05:32,14042.5,JH6LDY,14,12,BD8CS
19:05:32,14046.5,F6HKA,31,5,RK3TD
19:05:33,14034.2,DL6KVA,34,7,SE5E
19:05:33,14036.2,W5TM,37,10,W1NT-6
19:05:34,14042.0,K1TR,37,11,S53A
19:05:35,14022.7,K1VUT,32,12,ZF9CW
19:05:35,14034.2,DL6KVA,34,12,ES2RR
19:05:35,14036.2,W5TM,38,26,WE9V
19:05:35,14037.2,K1RV,32,10,NU4F
19:05:35,14042.0,K1TR,39,24,K7CO
19:05:35,14043.6,KT5V,30,8,IT9GSF
19:05:35,14046.5,F6HKA,32,23,WE9V
19:05:36,14034.2,DL6KVA,33,12,OH6BG
19:05:36,14046.1,AD8J,30,28,K9LC
19:05:36,14046.1,AD8J,34,18,WC2L
19:05:37,14037.8,K6RB,32,18,KM3T-5
19:05:37,14038.0,E70T,35,5,BD4UNT
19:05:38,14026.3,WG3J,42,10,DP5G
19:05:39,14030.0,N7US,38,38,KD7EFG
19:05:39,14030.4,AD4EB,36,5,K6FOD
19:05:39,14036.2,W5TM,37,8,K6FOD
19:05:40,14034.2,DL6KVA,34,6,LZ5DI
19:05:40,14034.2,DL6KVA,33,9,OK1FCJ
19:05:40,14037.1,TK1RV,33,5,AC0C-1
19:05:40,14038.6,K4PI,37,33,AC0C-1
19:05:40,14043.6,KT5V,31,22,VE6AO
19:05:40,14046.1,AD8J,32,13,VE6AO
19:05:41,14038.1,E70T,35,9,K7EK
19:05:41,14045.4,N5NA,32,18,K7EK
19:05:41,14046.0,AD8J,32,15,VE4DRK
19:05:42,14032.2,N3RD,43,6,DL1HWS
19:05:42,14034.2,DL6KVA,33,5,YO2KAR
19:05:42,14035.0,EA5M,38,24,IK4VET
19:05:42,14035.0,EA5M,36,7,OE9GHV
19:05:42,14045.9,N4OI,30,2,W2NAF
19:05:43,14042.0,K1TR,39,34,N9CO
19:05:43,14046.1,AD8J,30,28,N9CO
19:05:43,14046.1,AD8J,31,28,ND7K
19:05:43,14046.1,AD8J,31,32,WA7LNW
19:05:44,14035.0,EA5M,37,25,DL1HWS-4
19:05:45,14022.6,K1VUT,32,7,IT9GSF
19:05:45,14022.7,K1VUT,32,8,S53A
19:05:45,14034.2,DL6KVA,34,14,S53A
19:05:45,14035.0,EA5M,36,6,ES2RR
19:05:45,14037.1,K1RV,32,10,K5TR
19:05:46,14038.0,E70T,34,10,SZ1A
19:05:47,14035.0,EA5M,37,28,MM0ZBH
19:05:47,14035.5,RA4J,35,38,K9IMM
19:05:47,14036.2,W5TM,38,10,N6TV
19:05:47,14042.0,K1TR,37,5,G4ZFE
19:05:48,14034.2,DL6KVA,34,12,BD4UNT
19:05:48,14035.0,EA5M,35,14,DK0TE
19:05:49,14025.6,VB7F,31,38,KD7EFG
19:05:49,14035.5,NA4J,32,9,K6FOD
19:05:49,14035.5,NA4J,33,36,KD7EFG
19:05:49,14042.0,K1TR,40,27,KD7EFG
19:05:50,14029.9,K4WLO,18,18,AC0C-1
19:05:51,14026.4,W1WEF,38,10,VE4DRK
19:05:51,14029.8,K4WLO,19,16,VE6WZ
19:05:51,14029.9,K4WLO,18,7,N2YCH
19:05:51,14033.1,WJ9B,34,5,N2YCH
19:05:51,14043.5,KT5V,31,8,VE6WZ
19:05:51,14046.5,F6HKA,31,6,ZL4YL
19:05:52,14029.9,K4WLO,18,12,W3RGA
19:05:52,14035.6,N3OC,40,14,IK4VET
19:05:53,14035.2,VE3JM,37,7,OE9GHV
19:05:53,14042.0,K1TR,37,12,TI7W
19:05:54,14029.8,K4WLO,19,16,VE6WZ-3
19:05:54,14032.7,N4BP,29,24,WA7LNW
19:05:54,14032.7,N4BP,30,22,W6YX
19:05:54,14032.7,N4BP,31,27,KC4YVA
19:05:54,14035.0,EA5M,37,25,R4NCU
19:05:54,14036.2,W5TM,38,4,N2EPE
19:05:54,14042.0,W8MET,38,14,ND7K
19:05:54,14043.5,KT5V,31,8,VE6WZ-3
19:05:54,14043.6,KT5V,32,4,KH6LC
19:05:55,14022.6,K1VUT,31,17,K5TR
19:05:55,14032.7,N4BP,31,24,WE9V
19:05:55,14032.7,N4BP,31,34,K1RA-4
19:05:55,14032.7,N4BP,31,44,K5TR
19:05:55,14042.0,K1TR,39,7,IT9GSF
19:05:55,14062.5,KF0UVL,17,13,K1RA-4
19:05:56,14022.7,IK5DVT,24,7,YO2CK
19:05:56,14032.7,N4BP,30,24,W1NT-2
19:05:56,14032.7,N4BP,30,40,ZF9CW
19:05:56,14032.7,N4BP,30,14,K7CO
19:05:56,14045.9,N4OI,30,5,NU4F
19:05:57,14032.7,N4BP,30,18,WC2L
19:05:57,14032.7,N4BP,30,3,KD2OGR
19:05:57,14035.5,NA4J,27,14,NG7M
19:05:58,14032.7,N4BP,31,25,KM3T-2
19:05:58,14032.7,N4BP,31,23,K4PP
19:05:58,14032.7,N4BP,31,26,KM3T-5
19:05:58,14032.7,N4BP,30,27,K9IMM
19:05:59,14031.0,K3WW,40,8,G0KTN
19:05:59,14032.8,N4BP,30,22,W2NNN
19:05:59,14034.2,DL6KVA,34,7,BI4UYX
19:05:59,14034.2,DL6KVA,34,7,BH4RRG
19:06:00,14032.7,N4BP,31,26,KM3T-3
19:06:00,14032.7,N4BP,30,19,W8WTS
19:06:00,14037.9,K6RB,34,12,W8WTS
19:06:01,14022.8,IK5DVT,24,7,VU2TUM
19:06:01,14022.8,IK5DVT,25,13,OK1FCJ
19:06:01,14032.7,N4BP,30,28,K3PA-1
19:06:01,14032.7,N4BP,29,26,AC0C-1
19:06:01,14032.7,N4BP,30,36,WB6BEE
19:06:01,14032.8,N4BP,31,17,N2YCH
19:06:01,14039.1,DM6M,32,2,IK3STG
19:06:01,14039.1,DM6M,32,32,RK3TD-2
19:06:01,14040.0,SM7T,30,13,IK7YTT
19:06:01,14046.1,AD8J,29,46,K3PA-1
19:06:01,14062.5,KF0UVL,17,28,AC0C-1
19:06:02,14022.8,IK5DVT,24,8,YO5LD
19:06:02,14026.6,W1WEF,37,32,K7EK
19:06:02,14032.7,N4BP,30,17,VE6WZ
19:06:02,14032.7,N4BP,31,34,W3RGA
19:06:02,14034.2,DL6KVA,35,7,W3RGA
19:06:02,14046.1,AD8J,30,6,VE7CC
19:06:02,14046.1,AD8J,30,6,VE7CC
19:06:03,14026.6,W1WEF,37,38,KD7EFG
19:06:03,14029.3,W2RQ,44,36,KD7EFG
19:06:03,14032.7,N4BP,30,35,W8WWV
19:06:03,14032.7,N4BP,31,26,KD2M
19:06:03,14032.7,N4BP,31,27,TI7W
19:06:03,14039.0,DM6M,32,23,RK3TD
19:06:03,14042.4,N8UM,38,32,KD7EFG
19:06:03,14046.1,AD8J,30,14,TI7W
19:06:03,14062.5,KF0UVL,17,13,W8WWV
19:06:04,14032.7,N4BP,31,12,WX7V/5
19:06:04,14032.7,N4BP,31,20,W1NT-6
19:06:04,14032.7,N4BP,30,17,VE6WZ-3
19:06:04,14032.7,N4BP,31,27,N2EPE
19:06:04,14050.0,IT9DNW,21,4,PA5KT-4
19:06:04,14058.0,W7BTR,20,13,WA7LNW
19:06:05,14022.8,IK5DVT,25,13,EA5WU
19:06:05,14027.7,W8FN,39,8,DO4DXA
19:06:05,14034.5,EI5SH,27,47,IT9GSF
19:06:05,14035.0,EA5M,37,10,DL0LA
19:06:05,14035.0,EA5M,38,34,S53A
19:06:05,14035.1,EA5M,37,9,SQ5J
19:06:05,14038.0,E70T,36,36,EA5WU
19:06:05,14038.0,E70T,34,29,IT9GSF
19:06:05,14039.0,DM6M,33,25,IT9GSF
19:06:05,14040.0,SM7T,29,35,EA5WU
19:06:05,14045.3,N5NA,31,9,EA5WU
19:06:05,14050.0,IT9DNW,20,11,PE5TT
19:06:06,14034.2,DL6KVA,35,11,K5TR
19:06:06,14034.2,DL6KVA,33,7,BH4RRG0
19:06:06,14038.0,E70T,34,16,WE9V
19:06:06,14038.0,E70T,35,27,W1NT-2
19:06:06,14039.1,DM6M,32,11,BG7IEJ
19:06:06,14040.0,SM7T,30,15,SZ1A
19:06:06,14041.0,KX2P,28,18,W1NT-2
19:06:07,14031.0,K3WW,38,4,MM0ZBH
19:06:07,14037.2,K1RV,32,7,AA4PA
19:06:07,14038.0,E70T,35,20,MM0ZBH
19:06:07,14039.1,DM6M,31,17,LZ4AE
19:06:07,14039.1,DM6M,32,17,LZ4AE
19:06:07,14040.0,SM7T,30,4,LZ7AA
19:06:07,14040.0,SM7T,30,22,LZ4AE
19:06:07,14040.0,SM7T,30,22,LZ4AE
19:06:07,14048.5,AB9CA,18,11,WC2L
19:06:07,14050.0,IT9DNW,21,13,MM0ZBH
19:06:08,14031.0,K3WW,33,21,NG7M
19:06:08,14031.7,N6NT,33,8,DR4W
19:06:08,14035.0,EA5M,35,23,RU9CZD
19:06:08,14037.1,K1RV,31,13,K9IMM
19:06:08,14038.0,E70T,35,22,RU9CZD
19:06:08,14038.0,E70T,35,17,KM3T-2
19:06:08,14038.0,E70T,36,19,KM3T-5
19:06:08,14038.0,E70T,34,10,EI4HQ
19:06:08,14038.0,E70T,35,13,K9IMM
19:06:08,14038.1,E70T,36,36,OH8KA
19:06:08,14039.0,DM6M,32,14,RU9CZD
19:06:08,14040.0,SM7T,29,26,RU9CZD
19:06:08,14040.0,SM7T,30,11,DR4W
19:06:08,14050.0,IT9DNW,20,4,DK0TE
19:06:09,14034.2,DL6KVA,34,14,BI4MPH
19:06:09,14035.1,EA5M,37,28,HG8A
19:06:09,14038.0,E70T,35,11,DL8LAS-3
19:06:09,14038.0,E70T,35,11,DL8LAS
19:06:09,14050.0,IT9DNW,20,7,DL8LAS
19:06:10,14036.2,W5TM,37,8,KM3T-3
19:06:10,14038.0,E70T,35,13,MM9PSY
19:06:10,14038.0,E70T,34,18,KM3T-3
19:06:10,14050.0,IT9DNW,20,11,MM9PSY
19:06:11,14022.7,K1VUT,32,5,K5EM
19:06:11,14035.5,NA4J,32,27,AC0C-1
19:06:11,14038.0,E70T,35,7,DK0KK
19:06:11,14038.0,E70T,34,10,DL8LAS-1
19:06:11,14038.0,E70T,34,9,UY2RA
19:06:11,14038.0,E70T,35,21,WB6BEE
19:06:11,14050.0,IT9DNW,20,14,DL8LAS-1
19:06:11,14050.0,IT9DNW,20,11,ON6ZQ
19:06:12,14035.5,N3OC,40,5,ZL4YL
19:06:12,14038.0,E70T,35,21,ES5PC
19:06:12,14038.0,E70T,32,12,S53WW
19:06:12,14038.1,E70T,35,8,N2YCH
19:06:12,14050.0,IT9DNW,21,12,ES5PC
19:06:13,14038.0,E70T,35,32,DL1HWS
19:06:13,14038.0,E70T,34,14,W8WWV
19:06:13,14038.0,E70T,35,28,BD8CS
19:06:13,14038.0,E70T,34,31,N9CO
19:06:13,14040.0,SM7T,29,21,W3RGA
19:06:13,14040.0,SM7T,29,24,BD8CS
19:06:13,14040.0,KC9IL,28,3,WT8P
19:06:13,14040.1,SM7T,30,10,IK4VET
19:06:13,14050.0,IT9DNW,21,5,YO2KAR
19:06:13,14054.8,KP4Q,13,4,W8WWV
19:06:14,14038.0,E70T,35,31,SE5E
19:06:14,14038.0,E70T,35,29,PI4CC
19:06:14,14038.0,E70T,35,26,PA5KT-4
19:06:14,14038.0,E70T,33,27,W1NT-6
19:06:14,14050.0,IT9DNW,21,14,PI4CC
19:06:15,14038.0,E70T,36,41,PE5TT
19:06:15,14038.0,E70T,35,14,JN1ILK
19:06:15,14039.9,SM7T,30,10,OK1HRA
19:06:15,14040.0,SM7T,31,12,S53A
19:06:15,14045.3,N5NA,32,7,DO4DXA
19:06:15,14050.0,IT9DNW,21,22,EA5WU
19:06:15,14054.7,KP4Q,13,16,VE6WZ-3
19:06:16,14038.0,E70T,33,14,K1RA-4
19:06:16,14040.0,SM7T,30,12,ES2RR
19:06:16,14041.9,K1TR,40,36,WE9V
19:06:16,14054.8,KP4Q,13,9,K1RA-4
19:06:16,14054.8,KP4Q,13,8,K5TR
19:06:17,14027.8,W8FN,38,11,K7CO
19:06:17,14038.1,E70T,35,23,BG7IEJ
19:06:17,14039.0,DM6M,32,3,LZ7AA
19:06:17,14040.1,SM7T,30,16,BG7IEJ
19:06:17,14054.8,KP4Q,13,33,ZF9CW
19:06:17,14057.0,KE0TL,15,20,ZF9CW
19:06:18,14036.0,EA4RKC,21,14,DK0TE
19:06:18,14036.2,W5TM,38,9,KM3T-5
19:06:18,14037.1,K1RV,31,1,EI4HQ
19:06:18,14048.0,EC5ACA,17,4,DR4W
19:06:18,14057.0,KE0TL,15,7,KM3T-2
19:06:18,14057.0,KE0TL,15,8,KM3T-5
19:06:19,14030.4,N4DPM,36,15,K9IMM
19:06:19,14036.0,EA4RKC,21,26,DL1HWS-3
19:06:20,14028.2,W8XAL,35,13,W2NNN
19:06:20,14036.0,EA4RKC,21,12,S50U
19:06:20,14036.0,EA4RKC,21,22,DL8LAS-3
19:06:20,14036.0,EA4RKC,21,22,DL8LAS
19:06:21,14024.9,W8FJ,43,35,AC0C-1
19:06:21,14028.1,W8XAL,34,39,K3PA-1
19:06:21,14032.5,KO4VW,38,44,AC0C-1
19:06:21,14032.7,N4BP,32,8,VE6AO
19:06:21,14036.0,EA4RKC,22,22,OK1FCJ
19:06:21,14036.0,EA4RKC,21,17,IK3STG
19:06:21,14036.2,EA4RKC,21,22,DL5RCN
19:06:21,14037.1,K1RV,32,6,AC0C-1
19:06:21,14039.0,DM6M,31,7,IK7YTT
19:06:21,14040.0,SM7T,30,9,VU2TUM
19:06:21,14057.0,KE0TL,15,22,K3PA-1
19:06:21,14057.0,KE0TL,15,31,AC0C-1
19:06:22,14024.7,W8FJ,43,15,VE4DRK
19:06:22,14028.1,W8XAL,34,20,WB6BEE
19:06:22,14028.1,W8XAL,34,7,VE6WZ
19:06:22,14036.0,EA4RKC,21,13,S53WW
19:06:22,14040.5,NE5A,30,5,VE6WZ
19:06:22,14041.9,K1TR,39,9,VE6WZ
19:06:22,14047.5,EA3NO,29,34,ES5PC
19:06:22,14054.7,KP4Q,13,16,VE6WZ
19:06:23,14028.1,W8XAL,35,12,W3RGA
19:06:23,14028.1,W8XAL,34,21,W8WWV
19:06:23,14032.7,N4BP,33,38,KD7EFG
19:06:23,14036.0,EA4RKC,21,20,HA8TKS
19:06:23,14036.0,EA4RKC,20,22,DL1HWS
19:06:23,14036.0,EA4RKC,21,10,RK3TD
19:06:23,14037.2,K1RV,32,3,IK4VET
19:06:23,14041.0,KX2P,28,12,KD7EFG
19:06:23,14047.5,EA3NO,30,20,YO2KAR
19:06:23,14057.0,KE0TL,15,16,W8WWV
19:06:24,14032.7,N4BP,31,26,N9CO
19:06:24,14036.0,EA4RKC,21,17,SE5E
19:06:24,14037.2,K1RV,32,6,WX7V/5
19:06:24,14047.5,EA3NO,30,16,UT5R
19:06:24,14047.5,EA3NO,29,24,BD8CS
19:06:24,14047.5,EA3NO,29,45,SE5E
19:06:24,14054.5,K4WOP,17,11,WX7V/5
19:06:25,14022.7,K1VUT,32,14,WA7LNW
19:06:25,14027.4,N8KH,34,18,KC4YVA
19:06:25,14028.1,W8XAL,36,14,KC4YVA
19:06:25,14028.1,W8XAL,34,11,N2EPE
19:06:25,14029.9,K4WLO,18,9,WA7LNW
19:06:25,14032.7,N4BP,31,17,ND7K
19:06:25,14036.0,EA4RKC,21,12,DM5GG
19:06:25,14036.0,EA4RKC,21,14,DO4DXA
19:06:25,14036.0,EA4RKC,21,17,S53A
19:06:25,14038.0,E70T,34,21,S53A
19:06:25,14038.1,E70T,34,14,SQ5J
19:06:25,14048.5,AB9CA,19,7,W6YX
19:06:25,14057.0,KE0TL,15,14,W6YX
19:06:25,14057.0,KE0TL,15,14,WA7LNW
19:06:26,14024.4,K1DW,33,22,IT9GSF
19:06:26,14027.4,N8KH,33,21,W1NT-2
19:06:26,14028.1,W8XAL,35,20,K1RA-4
19:06:26,14028.1,W8XAL,35,17,WE9V
19:06:26,14036.0,EA4RKC,21,9,ES2RR
19:06:26,14038.0,E70T,34,16,ES2RR
19:06:26,14038.0,E70T,34,13,DK3WW
19:06:26,14041.9,K1TR,39,9,VE6WZ-3
19:06:26,14047.4,EA3NO,30,20,YO2CK
19:06:26,14047.5,EA3NO,29,28,IT9GSF
19:06:26,14047.5,EA3NO,29,26,ES2RR
19:06:27,14028.1,W8XAL,34,20,ZF9CW
19:06:27,14028.1,W8XAL,35,20,K9LC
19:06:27,14031.3,K5SJC,32,15,N4HAC
19:06:27,14031.7,N6NT,36,2,AK6RI-1
19:06:27,14032.7,N4BP,30,10,NU4F
19:06:27,14032.7,N4BP,31,31,AA4PA
19:06:27,14032.7,N4BP,31,19,K9LC
19:06:27,14038.0,E70T,35,9,JJ2VLY
19:06:27,14039.0,DM6M,32,2,LZ3CB
19:06:27,14047.6,EA3NO,29,21,BG7IEJ
19:06:27,14054.5,K4WOP,16,15,ZF9CW
19:06:27,14054.5,K4WOP,17,8,AA4PA
19:06:28,14032.7,N4BP,31,22,NG7M
19:06:28,14036.0,EA4RKC,21,16,OH6BG
19:06:28,14047.5,EA3NO,29,34,OH6BG
19:06:28,14047.5,EA3NO,30,18,LZ4AE
19:06:28,14047.5,EA3NO,30,18,LZ4AE
19:06:28,14047.5,EA3NO,30,26,RU9CZD
19:06:29,14027.4,N8KH,34,18,KM3T-5
19:06:29,14031.7,N6NT,35,6,DP5G
19:06:29,14054.5,K4WOP,16,20,K9IMM
19:06:30,14038.0,E70T,33,10,S50U
19:06:30,14039.3,K7RL,38,22,K6FOD
19:06:30,14039.6,I2WIJ,36,19,LZ5DI
19:06:31,14024.4,K1DW,33,8,KM3T-3
19:06:31,14027.4,N8KH,35,19,KM3T-3
19:06:31,14038.0,E70T,31,18,OK1FCJ
19:06:32,14025.3,K4TZ,39,28,AC0C-1
19:06:32,14027.4,N8KH,35,19,K3PA-1
19:06:32,14027.4,N8KH,34,24,AC0C-1
19:06:32,14034.2,DL6KVA,33,7,WB6BEE
19:06:32,14037.0,DF1IAR,13,17,RK3TD-2
19:06:32,14038.0,E70T,33,10,VU2TUM
19:06:32,14039.3,K7RL,39,32,K3PA-1
19:06:32,14039.3,K7RL,39,39,AC0C-1
19:06:32,14039.5,I2WIJ,37,12,LZ4UX
19:06:32,14054.5,K4WOP,16,8,AC0C-1
19:06:33,14031.3,K5SJC,33,13,VE6WZ
19:06:33,14036.0,EA4RKC,21,4,ES5PC
19:06:33,14039.5,I2WIJ,37,31,YO5LD
19:06:33,14039.5,I2WIJ,37,21,YO2KAR
19:06:33,14039.6,W8CAR,38,16,VE6WZ
19:06:33,14044.0,K3JT,34,9,VE4DRK
19:06:34,14034.2,DL6KVA,32,4,PI4CC
19:06:34,14044.0,WB2KAO,31,14,KD7EFG
19:06:34,14045.9,N4OI,31,3,KD2M
19:06:35,14027.4,N8KH,33,14,W1NT-6
19:06:35,14027.4,N8KH,34,24,N2EPE
19:06:35,14029.7,SN5N,35,27,R4NCU
19:06:35,14029.9,K4WLO,18,4,N2EPE
19:06:35,14037.4,K2WK,35,32,WX7V/5
19:06:35,14037.9,E70T,32,21,OK1HRA
19:06:35,14039.3,K7RL,38,27,N2EPE
19:06:35,14039.5,I2WIJ,37,29,EA5WU
19:06:35,14039.6,W8CAR,38,20,ND7K
19:06:35,14042.0,W8MET,38,20,W1NT-6
19:06:35,14044.0,WB2KAO,33,25,WX7V/5
19:06:36,14028.1,W8XAL,37,44,WA7LNW
19:06:36,14036.1,EA4RKC,21,2,SQ5J
19:06:36,14037.0,DF1IAR,12,11,IT9GSF
19:06:36,14039.3,K7RL,39,29,WA7LNW
19:06:36,14039.5,I2WIJ,36,40,IT9GSF
19:06:36,14039.6,W8CAR,37,25,WA7LNW
19:06:36,14039.6,W8CAR,38,16,VE6WZ-3
19:06:36,14048.5,AB9CA,18,2,VE6WZ-3
19:06:37,14023.2,AB5SE,33,15,WE9V
19:06:37,14032.7,N4BP,30,10,AK6RI-1
19:06:37,14038.0,E70T,34,8,HA2NA
19:06:37,14039.2,K7RL,38,42,K5TR
19:06:38,14023.2,AB5SE,33,9,AA4PA
19:06:38,14025.3,TK4TZ,36,12,ZF9CW
19:06:38,14038.0,E70T,35,22,ZF9CW
19:06:38,14039.3,K7RL,39,26,ZF9CW
19:06:38,14039.5,I2WIJ,37,14,LZ3CB
19:06:38,14039.5,I2WIJ,37,24,LZ7AA
19:06:38,14039.6,W8CAR,39,13,AA4PA
19:06:38,14039.6,I2WIJ,37,34,LZ4AE
19:06:38,14039.6,I2WIJ,37,34,LZ4AE
19:06:38,14040.0,KC9IL,28,28,AA4PA
19:06:38,14042.0,K1TR,39,11,AA4PA
19:06:39,14024.9,W8FJ,36,40,K9IMM
19:06:39,14028.1,W8XAL,34,22,K9IMM
19:06:39,14034.4,KG9X,38,7,N6TV
19:06:39,14037.4,K2WK,36,6,EI4HQ
19:06:39,14039.3,K7RL,37,27,NG7M
19:06:40,14030.4,EA6BF,41,9,BD7JNA
19:06:40,14038.0,E70T,30,10,S50U
19:06:40,14040.0,SM7T,29,6,S50U
19:06:41,14036.0,EA4RKC,22,17,IK7YTT
19:06:41,14038.1,E70T,33,11,W2NNN
19:06:41,14047.6,EA3NO,30,17,LZ5DI
19:06:41,14057.0,KE0TL,15,8,KM3T-3
19:06:42,14028.1,W8XAL,36,36,AC0C-1
19:06:42,14036.0,EA4RKC,22,16,RK3TD-2
19:06:42,14039.3,K7RL,38,25,K5EM
19:06:42,14040.0,KC9IL,28,29,K3PA-1
19:06:42,14040.0,SM7T,30,7,RK3TD-2
19:06:42,14040.0,KC9IL,28,32,AC0C-1
19:06:42,14042.0,W8MET,26,22,AC0C-1
19:06:43,14024.0,W4CMG,34,5,W2NAF
19:06:43,14024.5,K1DW,32,5,IK4VET
19:06:43,14048.5,AB9CA,18,2,VE6WZ
19:06:43,14048.5,AB9CA,19,5,W3RGA
19:06:43,14057.0,KE0TL,15,9,VE6WZ
19:06:44,14023.1,AB5SE,33,13,W8WWV
19:06:44,14028.1,W8XAL,34,19,N9CO
19:06:44,14030.4,EA6BF,39,25,RK3TD
19:06:44,14030.4,EA6BF,40,7,DL1HWS-4
19:06:44,14036.0,EA4RKC,22,6,DK0KK
19:06:44,14036.0,EA4RKC,21,11,BD8CS
19:06:44,14039.5,I2WIJ,36,23,BD8CS
19:06:44,14058.0,W7BTR,21,10,N9CO
19:06:45,14023.2,AB5SE,32,10,W6YX
19:06:45,14027.4,N8KH,33,13,W6YX
19:06:45,14028.1,W8XAL,35,42,W6YX
19:06:45,14034.4,KG9X,38,26,WX7V/5
19:06:45,14036.0,EA4RKC,22,12,SM7IUN
19:06:45,14037.4,K2WK,33,29,KD7EFG
19:06:45,14039.6,W8CAR,39,21,W6YX
19:06:45,14040.0,SM7T,30,20,W2MV
19:06:46,14028.1,W8XAL,33,29,ND7K
19:06:46,14050.0,IT9DNW,21,10,ES2RR
19:06:46,14057.0,KE0TL,15,5,N2EPE
19:06:47,14027.4,N8KH,35,27,N4HAC
19:06:47,14027.4,N8KH,36,24,WE9V
19:06:47,14028.1,W8XAL,34,14,N4HAC
19:06:47,14028.1,W8XAL,35,9,K5TR
19:06:47,14032.7,N4BP,30,34,N4HAC
19:06:47,14035.9,EA4RKC,22,5,YO2CK
19:06:47,14036.0,EA4RKC,22,23,DK3WW
19:06:47,14039.6,W8CAR,38,18,K5TR
19:06:47,14040.0,SM7T,29,10,N4HAC
19:06:47,14046.1,AD8J,29,14,K1RA-4
19:06:47,14057.0,KE0TL,15,9,VE6WZ-3
19:06:47,14057.0,KE0TL,15,11,W1NT-2
19:06:47,14057.0,KE0TL,15,5,K1RA-4
19:06:48,14026.3,WG3J,42,14,5Z4GO
19:06:48,14027.4,N8KH,35,19,WC2L
19:06:48,14027.4,N8KH,35,23,K4PP
19:06:48,14036.0,EA4RKC,22,7,DK9IP-1
19:06:48,14036.1,EA4RKC,22,7,BG7IEJ
19:06:48,14047.5,EA3NO,29,25,LZ7AA
19:06:49,14036.0,EA4RKC,21,9,RU9CZD
19:06:49,14039.5,I2WIJ,37,17,RU9CZD
19:06:49,14039.6,W8CAR,38,12,N6TV
19:06:49,14050.0,IT9DNW,21,7,RU9CZD
19:06:50,14023.2,AB5SE,33,12,K9IMM
19:06:50,14050.0,IT9DNW,21,15,DL8LAS-3
19:06:51,14036.0,EA4RKC,21,4,LB9KJ
19:06:51,14036.0,EA4RKC,22,2,LZ5DI
19:06:51,14046.1,AD8J,30,10,K6FOD
19:06:52,14023.2,AB5SE,32,9,K5EM
19:06:52,14027.4,N8KH,37,16,N2YCH
19:06:52,14028.2,W8XAL,35,8,N2YCH
19:06:52,14038.6,K4PI,36,7,VE6AO
19:06:52,14039.6,W8CAR,39,28,K3PA-1
19:06:52,14039.7,W8CAR,37,16,K5EM
19:06:52,14043.5,NK2Y,28,6,K3PA-1
19:06:52,14052.6,W4LOO,25,16,K5EM
19:06:53,14007.7,VA1EET,35,25,WB6BEE
19:06:53,14035.0,EA5M,37,16,YO5LD
19:06:53,14039.3,K7RL,40,7,VE7CC
19:06:53,14039.3,K7RL,40,7,VE7CC
19:06:53,14039.8,KC9IL,29,9,VE4DRK
19:06:53,14052.5,W4LOO,25,19,AC0C-1
19:06:54,14022.0,EA2CAR,20,13,UT5R
19:06:54,14022.0,EA2CAR,21,39,EA2RCF-4
19:06:54,14022.0,EA2CAR,20,39,SE5E
19:06:54,14023.2,AB5SE,33,11,W3RGA
19:06:54,14027.4,N8KH,37,25,W3RGA
19:06:54,14034.0,VE5UO,33,21,W8WWV
19:06:54,14047.5,EA3NO,30,7,RK3TD
19:06:54,14047.6,EA3NO,30,6,IK4VET
19:06:54,14050.0,IT9DNW,20,15,DK0KK
19:06:54,14052.5,W4LOO,24,13,VE6WZ
19:06:54,14054.8,KP4Q,13,3,W3RGA
19:06:55,14007.6,VA1EET,38,20,OK1HRA
19:06:55,14007.7,VA1EET,37,8,DL1HWS-4
19:06:55,14022.0,EA2CAR,20,19,BD8CS
19:06:55,14022.0,EA2CAR,20,9,W1NT-6
19:06:55,14023.2,AB5SE,33,9,KD7EFG
19:06:55,14034.1,VE5UO,33,31,N9CO
19:06:55,14039.0,DM6M,31,44,R4NCU
19:06:55,14039.3,K7RL,39,27,N9CO
19:06:55,14039.3,K7RL,39,21,W1NT-6
19:06:55,14041.0,KX2P,28,27,WX7V/5
19:06:55,14043.5,NK2Y,29,12,WX7V/5
19:06:55,14050.0,IT9DNW,21,7,BD8CS
19:06:55,14052.5,W4LOO,24,13,W1NT-6
19:06:55,14054.5,K4WOP,16,14,KD7EFG
19:06:55,14054.8,KP4Q,13,17,KD7EFG
19:06:56,14023.2,AB5SE,33,4,N2EPE
19:06:56,14025.3,TK4TZ,36,9,ND7K
19:06:56,14031.5,EA1X,36,22,HA1VHF
19:06:56,14041.3,N5RZ,39,13,S53A
19:06:56,14043.6,N8UM,37,20,W6YX
19:06:56,14043.6,N8UM,38,27,ND7K
19:06:56,14043.7,N8UM,38,28,WA7LNW
19:06:57,14022.0,EA2CAR,20,26,ES2RR
19:06:57,14022.0,EA2CAR,20,44,IT9GSF
19:06:57,14024.4,K1DW,34,3,GI4DOH
19:06:57,14034.1,VE5UO,33,25,W1NT-2
19:06:57,14039.3,K7RL,40,29,W1NT-2
19:06:57,14039.3,K7RL,39,33,K1RA-4
19:06:57,14040.0,KC9IL,28,13,VE6WZ-3
19:06:57,14047.5,EA3NO,29,16,SZ1A
19:06:57,14052.5,W4LOO,25,18,W1NT-2
19:06:57,14052.5,W4LOO,24,13,VE6WZ-3
19:06:57,14057.0,KE0TL,15,2,N4HAC
19:06:58,14007.7,VA1EET,37,13,LZ4AE
19:06:58,14022.0,EA2CAR,20,25,HA2NA
19:06:58,14022.0,EA2CAR,20,3,LZ3CB
19:06:58,14022.0,EA2CAR,20,12,LZ4AE
19:06:58,14022.0,EA2CAR,20,12,LZ4AE
19:06:58,14022.0,EA2CAR,20,30,OH6BG
19:06:58,14022.1,EA2CAR,20,13,BG7IEJ
19:06:58,14032.2,N3RD,40,36,WE9V
19:06:58,14034.0,VE5UO,33,24,K5TR
19:06:58,14034.1,VE5UO,33,28,WE9V
19:06:58,14034.1,VE5UO,33,21,K7CO
19:06:58,14034.1,VE5UO,33,19,AA4PA
19:06:58,14039.2,K7RL,39,35,WE9V
19:06:58,14039.3,K7RL,39,27,AK6RI-1
19:06:58,14039.6,I2WIJ,36,19,BG7IEJ
19:06:58,14039.6,I2WIJ,36,21,OH8KA
19:06:58,14040.5,NE5A,30,28,ZF9CW
19:06:58,14041.0,KX2P,27,25,K5TR
19:06:58,14043.7,N8UM,38,14,K7CO
19:06:58,14043.7,N8UM,37,22,ZF9CW
19:06:58,14047.5,EA3NO,30,8,LZ3CB
19:06:58,14050.0,IT9DNW,20,8,LZ4AE
19:06:59,14022.0,EA2CAR,20,16,EI4HQ
19:06:59,14022.0,EA2CAR,20,19,RU9CZD
19:06:59,14023.1,AB5SE,33,8,K9LC
19:06:59,14023.2,AB5SE,33,10,K4PP
19:06:59,14034.0,VE5UO,33,26,K9LC
19:06:59,14037.4,K2WK,35,5,DP5G
19:06:59,14039.3,K7RL,39,25,WC2L
19:06:59,14039.3,K7RL,38,12,K4PP
19:06:59,14040.5,NE5A,30,12,K9LC
19:06:59,14043.6,N8UM,37,31,K9LC
19:06:59,14043.6,N8UM,38,19,K4PP
19:07:00,14022.1,EA2CAR,20,26,HG8A
19:07:00,14029.2,W2RQ,38,37,K9IMM
19:07:00,14034.1,VE5UO,34,26,K9IMM
19:07:00,14039.3,K7RL,38,34,K9IMM
19:07:00,14040.5,NE5A,29,20,K9IMM
19:07:00,14043.6,N8UM,38,11,NG7M
19:07:01,14034.1,VE5UO,33,13,W2NNN
19:07:01,14039.3,K7RL,38,20,W8WTS
19:07:01,14041.3,N5RZ,40,4,N7TUG
19:07:02,14040.6,NE5A,32,14,K5EM
19:07:02,14043.6,N8UM,38,10,VE6AO
19:07:02,14043.7,N8UM,38,16,K5EM
19:07:02,14047.5,EA3NO,30,9,IK7YTT
19:07:02,14047.5,EA3NO,30,4,KM3T-3
19:07:02,14052.5,W4LOO,24,9,KM3T-3
19:07:03,14022.0,EA2CAR,20,26,ES5PC
19:07:03,14022.0,EA2CAR,20,19,YO5LD
19:07:03,14023.1,AB5SE,33,6,AC0C-1
19:07:03,14034.0,VE5UO,33,19,WB6BEE
19:07:03,14034.1,VE5UO,32,26,K3PA-1
19:07:03,14034.1,VE5UO,33,31,AC0C-1
19:07:03,14039.3,K7RL,40,10,W2NAF
19:07:03,14040.5,NE5A,30,18,WB6BEE
19:07:03,14040.6,NE5A,30,13,N2YCH
19:07:03,14043.6,N8UM,37,25,K3PA-1
19:07:03,14043.6,N8UM,37,23,AC0C-1
19:07:03,14054.5,K4WOP,16,3,K3PA-1
19:07:03,14054.8,KP4Q,12,9,WB6BEE
19:07:04,14023.0,AB5SE,34,5,VE4DRK
19:07:04,14038.6,K4PI,37,8,VE6WZ
19:07:04,14039.4,W8CAR,36,8,VE4DRK
19:07:04,14040.0,KC9IL,28,13,VE6WZ
19:07:04,14040.3,NE5A,30,8,VE4DRK
19:07:04,14043.7,N8UM,38,11,VE6WZ
19:07:04,14044.2,K3JT,36,5,VE6WZ
19:07:05,14034.1,VE5UO,33,13,TI7W
19:07:05,14039.2,K7RL,37,35,W8WWV
19:07:05,14039.3,K7RL,38,19,TI7W
19:07:05,14040.5,NE5A,32,25,W8WWV
19:07:05,14040.5,NE5A,31,31,N9CO
19:07:06,14022.7,K1VUT,32,12,KD7EFG
19:07:06,14022.7,K1VUT,31,11,W6YX
19:07:06,14031.5,EA1X,37,26,M1GEO
19:07:06,14034.1,VE5UO,33,17,KC4YVA
19:07:06,14039.3,K7RL,39,19,KC4YVA
19:07:06,14040.5,NE5A,31,18,W6YX
19:07:06,14043.5,NK2Y,27,12,S53A
19:07:06,14043.6,N8UM,37,23,WX7V/5
19:07:06,14043.6,N8UM,37,29,KD7EFG
19:07:06,14043.7,N8UM,36,12,S53A
19:07:06,14046.1,AD8J,32,25,KD7EFG
19:07:06,14052.5,W4LOO,24,9,WX7V/5
19:07:07,14023.2,AB5SE,33,9,WA7LNW
19:07:07,14034.0,VE5UO,32,15,ND7K
19:07:07,14034.1,VE5UO,32,17,WA7LNW
19:07:07,14040.5,NE5A,30,20,ND7K
19:07:07,14040.5,NE5A,30,22,WA7LNW
19:07:08,14007.6,VA1EET,36,14,VE6WZ-3
19:07:08,14034.1,VE5UO,33,21,K1RA-4
19:07:08,14034.1,VE5UO,33,13,N4HAC
19:07:08,14039.3,K7RL,40,29,N7VVX
19:07:08,14040.5,NE5A,30,11,W1NT-2
19:07:08,14040.5,NE5A,30,13,K1RA-4
19:07:08,14040.5,NE5A,31,27,WE9V
19:07:08,14043.6,N8UM,37,32,VE6WZ-3
19:07:08,14043.6,N8UM,36,24,K5TR
19:07:09,14022.9,IK5DVT,24,8,BG7IEJ
19:07:09,14031.5,EA1X,32,25,EI4HQ
19:07:09,14034.1,VE5UO,33,28,ZF9CW
19:07:09,14034.1,VE5UO,33,16,WC2L
19:07:09,14034.1,VE5UO,32,13,KM3T-2
19:07:09,14034.1,VE5UO,35,4,K4PP
19:07:09,14034.1,VE5UO,32,15,KM3T-5
19:07:09,14038.0,E70T,35,27,OH6BG
19:07:09,14038.0,E70T,34,12,DR4W
19:07:09,14040.0,KC9IL,28,7,K4PP
19:07:09,14040.5,NE5A,30,24,AA4PA
19:07:09,14047.5,EA3NO,29,4,KM3T-2
19:07:09,14047.5,EA3NO,30,5,KM3T-5
19:07:09,14054.8,KP4Q,12,10,AA4PA
19:07:10,14039.3,K7RL,39,32,N6TV
19:07:11,14039.3,K7RL,36,22,W2NNN
19:07:11,14066.4,WJ0L,22,5,K9IMM
19:07:12,14034.1,VE5UO,33,14,KM3T-3
19:07:13,14007.7,VA1EET,38,10,K5EM
19:07:13,14031.5,EA1X,37,15,RK3TD-2
19:07:13,14032.5,K0EWS,37,44,AC0C-1
19:07:13,14037.2,K1RV,32,4,K3PA-1
19:07:13,14040.0,KC9IL,29,14,WB6BEE
19:07:14,14033.5,K0PC,33,19,W3RGA
19:07:14,14043.7,N8UM,37,8,DL1HWS
19:07:14,14052.5,W4LOO,24,3,VE7CC
19:07:14,14052.5,W4LOO,24,3,VE7CC
19:07:15,14007.6,VA1EET,36,14,VE6WZ
19:07:15,14022.0,AG4T,20,12,TI7W
19:07:15,14022.8,IK5DVT,25,10,RK3TD
19:07:15,14034.1,VE5UO,33,5,KD2M
19:07:15,14039.3,K7RL,40,9,KD2M
19:07:15,14040.0,SM7T,30,12,SE5E
19:07:15,14043.6,N8UM,37,32,VE6WZ
19:07:15,14052.5,W4LOO,24,6,W8WWV
19:07:16,14026.3,WG3J,40,35,N9CO
19:07:16,14027.4,N8TTH,37,12,S53A
19:07:16,14028.3,OZ3SM,34,10,R4NCU
19:07:16,14029.8,SN5N,37,14,W1NT-6
19:07:16,14034.1,VE5UO,32,14,W1NT-6
19:07:16,14034.1,VE5UO,32,11,N2EPE
19:07:16,14035.0,EA5M,38,9,M1GEO
19:07:16,14036.1,EA4RKC,21,2,HB9EMP
19:07:16,14038.0,E70T,36,10,KC4YVA
19:07:16,14038.0,E70T,35,5,N2EPE
19:07:17,14007.7,VA1EET,37,18,ES2RR
19:07:17,14040.0,KC9IL,28,19,W6YX
19:07:17,14040.0,SM7T,29,18,IT9GSF
19:07:17,14040.0,KC9IL,28,18,WA7LNW
19:07:17,14049.1,AC8PL,18,3,ND7K
19:07:18,14037.1,TK1RV,32,13,K5TR
19:07:18,14041.0,KX2P,29,7,N4HAC
19:07:19,14024.4,K1DW,33,3,DK0TE
19:07:19,14039.3,K7RL,38,17,AA4PA
19:07:19,14040.0,SM7T,30,18,OH6BG
19:07:19,14052.5,W4LOO,24,20,ZF9CW
19:07:20,14024.4,K1DW,34,3,KM3T-5
19:07:20,14034.0,VE5UO,33,16,NG7M
19:07:20,14043.6,N8UM,37,5,N6TV
19:07:21,14034.0,VE5UO,33,7,K6FOD
19:07:21,14034.2,DL6KVA,31,10,DL8LAS-3
19:07:21,14034.2,DL6KVA,31,10,DL8LAS
19:07:21,14035.0,EA5M,37,40,S50U
19:07:21,14043.6,N8UM,33,46,K9IMM
19:07:21,14052.5,W4LOO,24,7,K9IMM
19:07:22,14022.0,EA2CAR,21,3,UY2RA
19:07:22,14024.9,W8FJ,42,9,VE6AO
19:07:22,14040.1,KC9IL,28,22,W2NNN
19:07:23,14039.3,K7RL,39,16,N2YCH
19:07:23,14040.0,KC9IL,29,17,KM3T-3
19:07:23,14040.5,NE5A,30,6,KM3T-3
19:07:24,14003.6,WA8VTD,25,18,K3PA-1
19:07:24,14003.6,WA8VTD,25,16,AC0C-1
19:07:24,14040.5,NE5A,31,31,AC0C-1
19:07:24,14042.0,W8MET,35,22,K3PA-1
19:07:24,14043.5,N8UM,38,20,VE4DRK
19:07:24,14047.5,EA3NO,30,8,YO5LD
19:07:24,14049.1,AC8PL,17,6,K3PA-1
19:07:25,14027.8,W8FN,40,5,VE6WZ
19:07:25,14030.0,N7US,37,15,W2MV
19:07:25,14040.5,NE5A,30,12,W3RGA
19:07:25,14045.0,AI5IN,38,6,DL1HWS-4
19:07:25,14054.0,K5IRH,22,10,W8WWV
19:07:26,14022.0,AG4T,19,13,S53A
19:07:26,14030.0,N7US,39,21,W1NT-6
19:07:26,14030.0,N7US,38,13,S53A
19:07:26,14048.5,AB9CA,18,4,S53A
19:07:26,14054.0,K5IRH,22,12,TI7W
19:07:26,14054.0,K5IRH,22,15,N9CO
19:07:27,14040.0,KC9IL,29,17,KC4YVA
19:07:27,14040.0,KC9IL,30,28,WX7V/5
19:07:27,14049.1,AC8PL,17,1,W6YX
19:07:27,14054.0,K5IRH,22,9,W6YX
19:07:28,14003.6,WA8VTD,26,4,W1NT-2
19:07:28,14027.8,W8FN,38,4,KD2OGR
19:07:28,14030.0,N7US,38,29,ND7K
19:07:28,14030.0,N7US,36,22,W1NT-2
19:07:28,14037.0,MM2T,30,15,K1RA-4
19:07:28,14037.1,K1RV,32,12,IT9GSF
19:07:28,14038.2,K0TG,41,17,W1NT-2
19:07:28,14038.2,K0TG,42,15,K1RA-4
19:07:28,14040.0,KC9IL,28,10,ND7K
19:07:28,14040.0,KC9IL,28,16,K1RA-4
19:07:28,14052.5,W4LOO,25,7,K1RA-4
19:07:28,14054.0,K5IRH,23,9,ND7K
19:07:28,14054.0,K5IRH,22,34,WA7LNW
19:07:28,14054.0,K5IRH,22,10,WE9V
19:07:28,14054.5,K4WOP,17,6,WA7LNW
19:07:28,14064.6,CT1EXR,15,25,DF7GB
19:07:28,14064.6,CT1EXR,15,10,HA2NA
19:07:28,14064.6,CT1EXR,15,21,DK9IP-1
19:07:29,14032.5,KO4VW,38,6,AK6RI-1
19:07:29,14032.5,KO4VW,36,42,AA4PA
19:07:29,14035.0,EA5M,31,21,LZ4AE
19:07:29,14036.9,MM2T,28,29,K5TR
19:07:29,14038.0,E70T,35,11,N4HAC
19:07:29,14038.0,E70T,34,5,HS0ZGZ
19:07:29,14038.2,K0TG,42,19,VE6WZ-3
19:07:29,14038.2,K0TG,40,9,N4HAC
19:07:29,14039.2,K7RL,38,41,K5TR
19:07:29,14040.0,KC9IL,28,16,K5TR
19:07:29,14040.0,KC9IL,29,16,KM3T-2
19:07:29,14054.0,K5IRH,22,21,AA4PA
19:07:29,14064.5,CT1EXR,15,23,DR4W
19:07:29,14064.6,CT1EXR,16,33,MM0ZBH
19:07:29,14064.6,CT1EXR,15,14,OH6BG
19:07:29,14064.6,CT1EXR,15,5,DC8YZ
19:07:30,14038.2,K0TG,42,9,KM3T-5
19:07:30,14040.0,KC9IL,28,23,WC2L
19:07:30,14040.0,KC9IL,28,18,KM3T-5
19:07:30,14040.0,SM7T,30,4,DL1HWS-3
19:07:30,14054.0,K5IRH,22,8,ZF9CW
19:07:30,14064.6,CT1EXR,15,12,DK9IP
19:07:30,14064.6,CT1EXR,15,19,DL1HWS-3
19:07:31,14031.6,EA1X,38,30,HG8A
19:07:31,14035.0,EA5M,36,7,G4KCM
19:07:31,14041.0,KX2P,28,3,NG7M
19:07:31,14054.0,K5IRH,23,4,N6TV
19:07:31,14064.6,CT1EXR,16,28,DL8LAS-3
19:07:31,14064.6,CT1EXR,15,17,DL8LAS
19:07:31,14064.6,CT1EXR,15,18,MM9PSY
19:07:31,14064.6,CT1EXR,15,17,MM9PSY
19:07:32,14027.4,N8KH,37,14,W8WTS
19:07:32,14030.1,N7US,36,36,W2NNN
19:07:32,14038.2,K0TG,42,21,K6FOD
19:07:32,14038.3,K0TG,39,16,W2NNN
19:07:32,14054.0,K5IRH,22,5,K9IMM
19:07:32,14054.0,K5IRH,22,3,K6FOD
19:07:32,14064.6,CT1EXR,16,25,OK1FCJ
19:07:32,14064.6,CT1EXR,16,19,IK7YTT
19:07:32,14064.6,CT1EXR,15,15,ON6ZQ
19:07:32,14064.6,CT1EXR,15,17,DL8LAS-1
19:07:33,14035.5,N3OC,37,5,S53WW
19:07:33,14038.2,K0TG,42,10,KM3T-3
19:07:33,14039.5,I2WIJ,37,13,VU2TUM
19:07:34,14030.0,N7US,38,28,WB6BEE
19:07:34,14036.9,MM2T,30,13,WB6BEE
19:07:34,14038.2,K0TG,43,29,AC0C-1
19:07:34,14040.5,NE5A,30,26,K3PA-1
19:07:34,14041.0,KX2P,28,6,WB6BEE
19:07:34,14046.5,F6HKA,31,2,YO2KAR
19:07:34,14054.0,K5IRH,22,22,K3PA-1
19:07:34,14054.0,K5IRH,22,18,AC0C-1
19:07:34,14062.5,KF0UVL,17,17,WB6BEE
19:07:34,14062.5,KF0UVL,17,23,K3PA-1
19:07:34,14064.6,CT1EXR,15,15,DL1HWS
19:07:34,14064.6,CT1EXR,15,15,IK4VET
19:07:34,14064.6,CT1EXR,15,19,OE9GHV
19:07:35,14030.4,EA6BF,37,7,UT5R
19:07:35,14036.9,MM2T,30,4,UT5R
19:07:35,14037.0,MM2T,30,9,W3RGA
19:07:35,14038.0,E70T,33,15,SM7IUN
19:07:35,14039.3,K7RL,40,15,W3RGA
19:07:35,14062.5,KF0UVL,17,8,W3RGA
19:07:35,14064.6,CT1EXR,15,14,DK0KK
19:07:35,14064.6,CT1EXR,15,14,DK0KK
19:07:35,14064.6,CT1EXR,16,30,PI4CC
19:07:35,14064.6,CT1EXR,15,25,PA5KT-4
19:07:36,14022.8,IK5DVT,24,12,BD8CS
19:07:36,14027.4,N8KH,37,9,W2MV
19:07:36,14028.6,DL1VDL,32,14,TI7W
19:07:36,14036.9,MM2T,31,21,W8WWV
19:07:36,14037.0,MM2T,32,27,N9CO
19:07:36,14038.1,K0TG,41,15,W8WWV
19:07:36,14038.2,K0TG,42,19,VE6WZ
19:07:36,14041.0,KX2P,29,23,N9CO
19:07:36,14050.9,KE2BVB,21,10,N9CO
19:07:36,14054.5,K4WOP,17,6,TI7W
19:07:36,14064.5,CT1EXR,16,24,OK1HRA
19:07:36,14064.6,CT1EXR,15,13,DM5GG
19:07:36,14064.6,CT1EXR,15,29,PE5TT
19:07:36,14064.6,CT1EXR,16,23,DO4DXA
19:07:37,14037.0,MM2T,32,29,W1NT-6
19:07:37,14037.0,MM2T,31,27,WX7V/5
19:07:37,14038.2,K0TG,41,11,W1NT-6
19:07:37,14038.2,K0TG,41,14,N2EPE
19:07:37,14038.2,K0TG,42,22,WX7V/5
19:07:37,14040.5,NE5A,30,5,N2EPE
19:07:37,14062.5,KF0UVL,17,8,N2EPE
19:07:38,14038.2,K0TG,41,21,W6YX
19:07:38,14038.2,K0TG,40,17,WA7LNW
19:07:39,14027.0,KT5V,31,5,AK6RI-1
19:07:39,14028.6,DL1VDL,32,11,DR4W
19:07:39,14035.0,EA5M,35,21,LZ4AE
19:07:39,14036.9,MM2T,30,7,N4HAC
19:07:39,14054.5,K4WOP,16,5,K5TR
19:07:39,14062.5,KF0UVL,17,7,K5TR
19:07:40,14003.6,WA8VTD,25,11,ZF9CW
19:07:40,14029.8,K4WLO,18,8,KM3T-5
19:07:40,14029.9,K4WLO,17,6,KM3T-2
19:07:40,14031.3,K5SJC,33,27,ZF9CW
19:07:40,14038.2,K0TG,39,9,KM3T-2
19:07:40,14040.5,NE5A,30,7,KM3T-2
19:07:40,14040.5,NE5A,32,9,KM3T-5
19:07:40,14042.0,K1TR,37,19,KM3T-5
19:07:40,14052.5,W4LOO,24,3,K9LC
19:07:41,14027.0,KT5V,31,6,NG7M
19:07:41,14028.1,W8XAL,36,17,NG7M
19:07:41,14028.7,DL1VDL,32,5,LZ5DI
19:07:41,14042.0,K1TR,39,6,NG7M
19:07:41,14045.0,AI5IN,39,12,DL8LAS-3
19:07:41,14045.0,AI5IN,39,12,DL8LAS
19:07:41,14045.3,N5NA,31,11,N6TV
19:07:42,14037.0,MM2T,30,10,W2NNN
19:07:43,14029.9,K4WLO,18,6,KM3T-3
19:07:43,14036.9,MM2T,29,15,KM3T-3
19:07:44,14028.6,DL1VDL,32,8,YO5LD
19:07:44,14038.2,K0TG,36,5,N2YCH
19:07:44,14038.2,K0TG,39,8,WB6BEE
19:07:45,14028.6,DL1VDL,33,21,YO2KAR
19:07:45,14030.4,EA6BF,41,6,F4GOU
19:07:45,14042.0,K1TR,39,36,AC0C-1
19:07:46,14026.9,KT5V,30,14,VE6WZ
19:07:46,14027.0,KT5V,31,12,VE6WZ
19:07:46,14041.0,KX2P,28,27,W8WWV
19:07:47,14028.6,DL1VDL,31,17,R4NCU
19:07:47,14028.6,DL1VDL,33,17,BD8CS
19:07:47,14028.6,DL1VDL,32,7,N2EPE
19:07:47,14030.0,N7US,37,38,KC4YVA
19:07:47,14038.2,K0TG,40,7,KC4YVA
19:07:47,14039.6,I2WIJ,36,13,TI7W
19:07:48,14030.0,N7US,37,14,NU4F
19:07:48,14062.5,KF0UVL,17,15,W6YX
19:07:49,14003.6,WA8VTD,25,7,WA7LNW
19:07:49,14026.9,KT5V,30,14,VE6WZ-3
19:07:49,14028.6,DL1VDL,33,29,W1NT-2
19:07:49,14028.6,DL1VDL,32,10,LZ7AA
19:07:49,14028.6,DL1VDL,33,37,LZ4AE
19:07:49,14028.6,DL1VDL,33,37,LZ4AE
19:07:49,14030.0,N7US,39,28,K1RA-4
19:07:49,14062.5,KF0UVL,17,9,W1NT-2
19:07:50,14024.4,K1DW,33,3,KM3T-2
19:07:50,14027.4,N8KH,37,17,KM3T-2
19:07:50,14034.4,KG9X,38,9,EI4HQ
19:07:50,14036.9,MM2T,30,6,RU9CZD
19:07:50,14037.0,MM2T,28,14,KM3T-2
19:07:50,14037.6,N4HAI,31,3,EI4HQ
19:07:50,14038.2,K0TG,40,4,AK6RI-1
19:07:50,14052.5,W4LOO,24,13,AA4PA
19:07:51,14035.0,IZ5BBS,37,31,DL8LAS
19:07:51,14036.9,MM2T,29,15,KM3T-5
19:07:51,14037.0,MM2T,31,20,ZF9CW
19:07:52,14035.0,IZ5BBS,37,31,DL8LAS-1
19:07:52,14064.0,OK1DWF,26,9,IK7YTT
19:07:53,14028.6,DL1VDL,32,7,RK3TD-2
19:07:53,14030.0,N7US,38,20,K6FOD
19:07:53,14040.6,NE5A,33,10,W2NNN
19:07:53,14041.0,KX2P,29,19,W2NNN
19:07:54,14030.0,N7US,38,33,K3PA-1
19:07:55,14032.7,N4BP,30,8,WS3W
19:07:55,14034.1,VE5UO,33,9,W3RGA
19:07:55,14037.0,MM2T,30,4,AC0C-1
19:07:56,14028.6,DL1VDL,31,8,W8WWV
19:07:57,14003.6,WA8VTD,26,9,KD7EFG
19:07:57,14014.0,YO9CMC,20,9,M1GEO
19:07:57,14029.0,WA3AAN,35,23,TI7W
19:07:57,14039.0,W7SW,26,5,VE6WZ
19:07:57,14039.0,W7SW,26,11,VE6WZ
19:07:57,14039.0,W7SW,26,37,N9CO
19:07:57,14043.5,NK2Y,29,9,KD7EFG
19:07:57,14045.9,N4OI,31,13,S53A
19:07:58,14039.4,I2WIJ,36,29,YO2CK
19:07:59,14029.0,WA3AAN,32,18,WA7LNW
19:07:59,14030.4,AD4EB,31,17,W6YX
19:07:59,14031.3,K5SJC,33,20,K1RA-4
19:07:59,14035.9,N6CHU,29,25,WA7LNW
19:07:59,14037.0,MM2T,27,26,W1NT-2
19:07:59,14039.0,W7SW,26,14,NU4F
19:08:00,14028.1,W8XAL,34,20,AA4PA
19:08:00,14028.9,WA3AAN,35,25,WE9V
19:08:00,14035.9,N6CHU,27,24,WE9V
19:08:00,14035.9,N6CHU,28,29,K5TR
19:08:00,14035.9,N6CHU,28,6,K4PP
19:08:00,14035.9,N6CHU,27,14,AK6RI-1
19:08:00,14036.0,N6CHU,27,38,K7CO
19:08:00,14039.0,W7SW,26,41,WE9V
19:08:00,14039.0,W7SW,26,11,VE6WZ-3
19:08:00,14039.2,K7RL,36,26,K9LC
19:08:00,14040.5,NE5A,32,11,K4PP
19:08:00,14047.1,K1GU,32,5,WE9V
19:08:01,14023.2,AB5SE,35,16,ZF9CW
19:08:01,14029.0,WA3AAN,34,30,ZF9CW
19:08:01,14030.0,N7US,37,29,WC2L
19:08:02,14026.3,WG3J,43,9,N6TV
19:08:02,14027.0,KT5V,31,17,N6TV
19:08:02,14028.1,W8XAL,34,16,N6TV
19:08:02,14035.9,N6CHU,28,21,NG7M
19:08:02,14036.0,N6CHU,28,26,N6TV
19:08:03,14022.0,AG4T,19,2,K9IMM
19:08:03,14027.0,KT5V,31,12,K6FOD
19:08:03,14028.9,WA3AAN,34,18,K9IMM
19:08:03,14035.9,N6CHU,26,16,K9IMM
19:08:03,14035.9,N6CHU,27,15,K6FOD
19:08:03,14042.0,K1TR,35,3,VE6AO
19:08:04,14028.2,W8XAL,34,14,K5EM
19:08:04,14028.6,SM7T,32,12,KM3T-3
19:08:04,14030.1,N7US,38,29,N2YCH
19:08:04,14030.4,EA6BF,40,24,RK3TD-2
19:08:04,14032.8,N4BP,30,5,W2NAF
19:08:04,14040.4,OK5M,30,10,KM3T-3
19:08:05,14029.0,WA3AAN,33,25,K3PA-1
19:08:05,14035.9,N6CHU,28,19,WB6BEE
19:08:05,14035.9,N6CHU,29,33,AC0C-1
19:08:05,14036.0,N6CHU,27,28,K3PA-1
19:08:05,14039.3,K7RL,40,13,WT8P
19:08:05,14054.0,K5IRH,22,9,WB6BEE
19:08:05,14066.4,WJ0L,22,4,K3PA-1
19:08:06,14026.3,WG3J,42,11,OK1HRA
19:08:06,14026.9,KT5V,31,18,OK1HRA
19:08:07,14035.5,N3OC,40,16,S53A
19:08:07,14036.0,N6CHU,28,15,W1NT-6
19:08:07,14040.4,OK5M,30,19,EA5WU
19:08:07,14040.4,OK5M,29,16,W1NT-6
19:08:08,14027.8,W8FN,38,19,KD7EFG
19:08:08,14035.9,N6CHU,28,11,N2EPE
19:08:08,14040.4,OK5M,30,30,BD8CS
19:08:09,14022.0,AG4T,19,17,W1NT-2
19:08:09,14032.2,DK3WW,30,23,W1NT-2
19:08:09,14035.9,N6CHU,28,24,ND7K
19:08:09,14040.4,OK5M,30,5,SZ1A
19:08:09,14040.4,OK5M,30,33,IT9GSF
19:08:09,14040.4,OK5M,30,29,LZ3CB
19:08:09,14040.4,OK5M,29,15,W1NT-2
19:08:10,14027.4,N8KH,37,28,K1RA-4
19:08:10,14028.1,W8XAL,36,32,K7CO
19:08:10,14028.9,WA3AAN,34,9,N7VVX
19:08:10,14035.9,N6CHU,27,28,N7VVX
19:08:10,14037.1,K1RV,32,2,VE6WZ-3
19:08:10,14040.5,OK5M,30,23,BG7IEJ
19:08:10,14062.5,KF0UVL,18,4,WA7LNW
19:08:10,14069.0,YO4GOU,30,8,MM0ZBH
19:08:10,14069.0,YO4GOU,30,5,EI4HQ
19:08:10,14069.0,YO4GOU,30,6,EI4HQ
19:08:11,14025.7,VB7F,31,9,KM3T-2
19:08:11,14027.4,N8KH,37,26,K5TR
19:08:11,14028.6,SM7T,32,12,KM3T-5
19:08:11,14037.9,T6RB,34,20,WC2L
19:08:11,14040.4,OK5M,30,9,KM3T-2
19:08:11,14040.4,OK5M,30,25,RU9CZD
19:08:11,14040.4,OK5M,29,7,DL1HWS-3
19:08:11,14040.4,OK5M,29,10,KM3T-5
19:08:11,14054.0,K5IRH,23,3,K9LC
19:08:12,14040.0,KC9IL,28,20,ZF9CW
19:08:13,14027.4,N8KH,35,14,NG7M
19:08:13,14027.4,N8KH,34,8,N6TV
19:08:13,14027.4,N8KH,37,23,K9IMM
19:08:13,14027.5,N8KH,37,17,W2NNN
19:08:13,14035.5,N3OC,41,14,NG7M
19:08:13,14040.4,OK5M,31,19,IK7YTT
19:08:13,14069.0,YO4GOU,30,6,OK1FCJ
19:08:14,14026.6,W1WEF,37,5,S53WW
19:08:14,14039.1,W7SW,26,38,N2YCH
19:08:14,14040.4,OK5M,30,11,RK3TD-2
19:08:14,14040.4,OK5M,30,21,LZ4UX
19:08:14,14040.4,OK5M,30,13,S53WW
19:08:15,14026.6,W1WEF,37,7,ZL4YL
19:08:15,14030.4,EA6BF,38,21,OZ1AAB
19:08:15,14031.3,K5SJC,33,24,K3PA-1
19:08:15,14034.5,KG9X,39,4,IK4VET
19:08:15,14045.0,AI5IN,37,8,PI4CC
19:08:15,14045.0,AI5IN,38,5,PA5KT-4
19:08:15,14045.0,AI5IN,38,14,SE5E
19:08:16,14026.3,WG3J,38,14,DO4DXA
19:08:16,14029.8,K4WLO,21,4,W2MV
19:08:17,14027.4,N8KH,37,30,W8WWV
19:08:17,14027.4,N8KH,36,30,N9CO
19:08:17,14030.5,EA6BF,40,22,SQ5J
19:08:17,14037.1,K1RV,32,2,VE6WZ
19:08:17,14040.4,OK5M,29,12,S53A
19:08:17,14040.4,OK5M,30,34,R4NCU
19:08:18,14039.6,W8CAR,37,24,KD7EFG
19:08:18,14040.4,OK5M,27,12,ES2RR
19:08:18,14040.4,OK5M,30,13,TI7W
19:08:18,14040.4,OK5M,30,13,WX7V/5
19:08:19,14030.0,N7US,38,30,W6YX
19:08:19,14030.5,EA6BF,40,24,OH8KA
19:08:19,14041.0,SM3EVR,25,38,IT9GSF
19:08:20,14029.3,W2RQ,44,28,K7CO
19:08:20,14030.0,N7US,36,26,WA7LNW
19:08:20,14030.4,EA6BF,43,21,LZ4AE
19:08:20,14030.4,EA6BF,41,21,LZ4AE
19:08:20,14032.5,KO4KW,38,45,WA7LNW
19:08:20,14040.4,OK5M,30,15,LZ4AE
19:08:20,14040.4,OK5M,30,15,LZ4AE
19:08:20,14040.4,OK5M,30,19,5Z4GO
19:08:20,14068.9,YO4GOU,30,14,OK1HRA
19:08:21,14029.8,K4WLO,21,15,K5TR
19:08:21,14029.9,SN5N,39,20,BG7IEJ
19:08:21,14029.9,K4WLO,22,7,WC2L
19:08:21,14030.0,N7US,37,21,K4PP
19:08:21,14030.0,N7US,37,22,VE6WZ-3
19:08:21,14030.0,N7US,37,20,K9LC
19:08:21,14030.5,EA6BF,40,25,BG7IEJ
19:08:21,14037.0,MM2T,30,10,BG7IEJ
19:08:21,14038.2,K0TG,38,15,AA4PA
19:08:22,14030.0,N7US,38,30,ZF9CW
19:08:22,14030.3,EA6BF,39,17,LB9KJ
19:08:22,14030.4,EA6BF,40,18,OZ1BZS
19:08:22,14030.4,EA6BF,39,13,LZ5DI
19:08:22,14037.4,K2WK,30,5,DL8LAS-3
19:08:22,14037.4,K2WK,30,5,DL8LAS
19:08:22,14045.8,N4OI,29,23,ZF9CW
19:08:23,14017.0,4Z5PF,28,22,IK7YTT
19:08:23,14017.1,4Z5PF,27,14,DL8LAS-1
19:08:23,14026.3,WG3J,38,7,OK1FCJ
19:08:23,14029.3,W2RQ,43,17,NG7M
19:08:23,14030.4,EA6BF,40,16,IK3STG
19:08:24,14017.0,4Z5PF,27,21,IZ2CPS
19:08:24,14022.8,IK5DVT,25,9,RK3TD-2
19:08:24,14030.0,N7US,38,17,N6TV
19:08:24,14030.1,N7US,38,23,K5EM
19:08:24,14030.4,EA6BF,39,15,IZ2CPS
19:08:24,14033.5,N4KS,32,7,VE6AO
19:08:24,14040.4,OK5M,30,9,VU2TUM
19:08:24,14050.9,KE2BVB,22,7,K9IMM
19:08:25,14017.0,4Z5PF,27,18,HA8TKS
19:08:25,14030.4,EA6BF,39,21,PI4CC
19:08:25,14033.6,N4KS,33,22,KM3T-3
19:08:25,14037.0,MM2T,30,14,N2YCH
19:08:25,14038.0,E70T,33,30,DK0KK
19:08:25,14040.5,OK5M,29,12,IK4VET
19:08:26,14022.8,IK5DVT,25,10,RK3TD
19:08:26,14028.9,WA3AAN,34,32,AC0C-1
19:08:26,14029.8,N7US,38,16,VE4DRK
19:08:26,14030.0,N7US,37,18,WT8P
19:08:26,14030.0,N7US,38,34,AC0C-1
19:08:26,14030.0,N7US,37,5,KD2M
19:08:26,14030.4,EA6BF,38,17,PA5KT-4
19:08:26,14030.4,EA6BF,38,27,DM5GG
19:08:26,14032.5,N4BP,30,10,VE4DRK
19:08:26,14038.0,E70T,36,9,W3RGA
19:08:26,14040.4,OK5M,29,6,W3RGA
19:08:26,14044.1,K3JT,32,4,WT8P
19:08:27,14010.0,RN3QBG,28,31,DO4DXA
19:08:27,14010.0,RN3QBG,28,26,PE5TT
19:08:27,14010.0,RN3QBG,27,6,F4GOU
19:08:27,14010.1,RN3QBG,28,17,HB9EMP
19:08:27,14017.0,4Z5PF,27,24,EA5WU
19:08:27,14026.4,WG3J,39,6,HA1VHF
19:08:27,14030.4,EA6BF,41,20,PE5TT
19:08:27,14030.4,EA6BF,40,27,HA1VHF
19:08:27,14040.4,OK5M,30,3,F4GOU
19:08:28,14010.0,RN3QBG,28,30,S53A
19:08:28,14010.0,RN3QBG,28,15,DF7GB
19:08:28,14017.0,4Z5PF,28,25,ES2RR
19:08:28,14017.1,4Z5PF,28,23,S53A
19:08:28,14029.0,WA3AAN,33,11,S53A
19:08:28,14029.3,W2RQ,41,26,S53A
19:08:28,14030.0,N7US,37,22,VE6WZ
19:08:28,14030.3,EA6BF,40,21,YO2CK
19:08:28,14030.4,EA6BF,40,32,ES2RR
19:08:28,14030.4,EA6BF,38,19,DF7GB
19:08:28,14031.3,K5SJC,31,9,W1NT-6
19:08:28,14032.7,N4BP,30,14,S53A
19:08:28,14033.0,WJ9B,36,10,W1NT-6
19:08:28,14036.9,MM2T,29,14,BD8CS
19:08:28,14040.5,NE5A,30,7,W1NT-6
19:08:28,14041.5,K0RX,33,8,VE6WZ
19:08:28,14041.5,K0RX,33,8,KC4YVA
19:08:28,14041.5,K0RX,33,18,W1NT-6
19:08:29,14010.0,RN3QBG,27,32,JN1ILK
19:08:29,14017.0,4Z5PF,28,19,IT9GSF
19:08:29,14017.0,4Z5PF,28,16,DK9IP-1
19:08:29,14017.1,4Z5PF,27,11,SZ1A
19:08:29,14027.4,N8KH,38,32,TI7W
19:08:29,14028.9,WA3AAN,34,22,ND7K
19:08:29,14030.4,EA6BF,39,19,JN1ILK
19:08:29,14037.0,MM2T,30,11,LZ7AA
19:08:29,14057.0,KE0TL,15,15,WX7V/5
19:08:30,14010.0,RN3QBG,27,22,DK0TE
19:08:30,14010.0,RN3QBG,28,20,MM0ZBH
19:08:30,14010.0,RN3QBG,28,19,JJ2VLY
19:08:30,14017.0,4Z5PF,27,16,OK1HRA
19:08:30,14017.0,4Z5PF,27,28,DR4W
19:08:30,14017.0,4Z5PF,27,14,HB9BXE
19:08:30,14017.1,4Z5PF,27,19,DK0TE
19:08:30,14027.0,KT5V,31,23,W6YX
19:08:30,14029.0,WA3AAN,34,14,W6YX
19:08:30,14029.2,M2RQ,44,11,OK1HRA
19:08:30,14029.2,W2RQ,44,11,OK1HRA
19:08:30,14037.0,MM2T,30,18,LZ4AE
19:08:30,14037.0,MM2T,30,18,LZ4AE
19:08:30,14040.0,KC9IL,28,23,W1NT-2
19:08:30,14040.3,OK5M,30,11,OK1HRA
19:08:30,14041.5,K0RX,34,24,W1NT-2
19:08:30,14041.5,K0RX,33,23,N4HAC
19:08:30,14041.5,K0RX,34,20,K1RA-4
19:08:30,14041.5,K0RX,33,19,WA7LNW
19:08:31,14010.0,RN3QBG,28,18,BI4MPH
19:08:31,14010.0,RN3QBG,28,27,RU9CZD
19:08:31,14027.4,N8KH,34,14,K9LC
19:08:31,14027.8,W8FN,39,6,K4PP
19:08:31,14028.9,WA3AAN,35,14,K9LC
19:08:31,14030.0,N7US,37,21,K7CO
19:08:31,14036.9,MM2T,30,9,WE9V
19:08:31,14038.2,K0TG,38,15,K5TR
19:08:31,14040.4,OK5M,30,6,BI4MPH
19:08:31,14041.5,K0RX,33,16,KM3T-2
19:08:31,14041.5,K0RX,33,12,K5TR
19:08:31,14043.5,NK2Y,29,3,K7CO
19:08:31,14046.6,N6HKA,31,6,BG7IEJ
19:08:32,14010.0,RN3QBG,28,22,S50U
19:08:32,14010.0,RN3QBG,28,12,MM9PSY
19:08:32,14017.0,4Z5PF,27,17,S50U
19:08:32,14017.1,4Z5PF,27,20,DL8LAS-3
19:08:32,14017.1,4Z5PF,27,14,DL8LAS
19:08:32,14030.4,EA6BF,39,12,S50U
19:08:32,14030.4,EA6BF,40,22,DL8LAS
19:08:32,14033.6,N4KS,34,20,KM3T-5
19:08:32,14038.2,K0TG,37,15,WC2L
19:08:32,14041.5,K0RX,33,8,VE6WZ-3
19:08:32,14041.5,K0RX,33,17,KM3T-5
19:08:32,14044.2,K3JT,34,8,DL8LAS-3
19:08:32,14044.2,K3JT,34,8,DL8LAS
19:08:33,14010.0,RN3QBG,27,16,ON6ZQ
19:08:33,14010.0,RN3QBG,27,16,IK3STG
19:08:33,14010.6,CT1BM,26,17,DL8LAS-1
19:08:33,14017.0,4Z5PF,27,17,OK1FCJ
19:08:33,14027.7,W8FN,38,6,OK1FCJ
19:08:33,14038.2,K0TG,34,29,ZF9CW
19:08:33,14039.0,W7SW,25,29,NG7M
19:08:33,14040.4,OK5M,30,10,OK1FCJ
19:08:33,14040.5,NE5A,31,9,NG7M
19:08:33,14041.5,K0RX,34,18,ZF9CW
19:08:33,14041.5,K0RX,33,15,W8WTS
19:08:34,14017.1,4Z5PF,27,23,S53WW
19:08:34,14017.1,4Z5PF,28,16,RK3TD-2
19:08:34,14030.4,EA6BF,39,27,S53WW
19:08:34,14037.6,N4HAI,31,6,K9IMM
19:08:34,14038.2,K0TG,34,9,VE6AO
19:08:34,14039.0,W7SW,25,14,N6TV
19:08:34,14039.1,W7SW,26,34,W2NNN
19:08:34,14041.6,K0RX,33,17,W2NNN
19:08:34,14044.1,K3JT,34,4,VE6AO
19:08:35,14010.0,RN3QBG,27,15,BI7JMD
19:08:35,14010.0,RN3QBG,27,16,VU2TUM
19:08:35,14010.0,RN3QBG,28,32,OE9GHV
19:08:35,14010.1,RN3QBG,27,20,IK4VET
19:08:35,14010.6,CT1BMW,26,3,HA8TKS
19:08:35,14010.6,CT1BMW,26,26,DK0KK
19:08:35,14010.6,CT1BMW,26,20,OE9GHV
19:08:35,14027.0,KT5V,31,16,K5EM
19:08:35,14029.3,M2RQ,43,7,N2YCH
19:08:35,14030.4,EA6BF,39,23,YO5LD
19:08:35,14030.4,EA6BF,39,22,DK0KK
19:08:35,14038.0,E70T,32,6,BI7JMD
19:08:35,14040.4,OK5M,30,7,BI7JMD
19:08:35,14041.5,K0RX,32,12,N2YCH
19:08:35,14041.5,K0RX,33,17,KM3T-3
19:08:35,14054.1,K5IRH,22,8,K5EM
19:08:36,14010.0,RN3QBG,28,28,PI4CC
19:08:36,14010.0,RN3QBG,27,23,PA5KT-4
19:08:36,14010.6,CT1BMW,26,19,PA5KT-4
19:08:36,14010.6,CT1BMW,26,18,SE5E
19:08:36,14017.0,4Z5PF,28,12,YO2KAR
19:08:36,14039.0,W7SW,26,41,K3PA-1
19:08:36,14039.0,W7SW,26,35,W3RGA
19:08:36,14039.0,W7SW,26,49,AC0C-1
19:08:36,14039.0,W7SW,25,6,KD2M
19:08:36,14039.0,W7SW,26,19,ZL4YL
19:08:36,14041.5,K0RX,33,20,WB6BEE
19:08:36,14041.5,K0RX,33,11,W3RGA
19:08:36,14042.0,K1TR,38,27,K3PA-1
19:08:37,14010.6,CT1BMW,26,17,DO4DXA
19:08:37,14010.7,CT1BMW,26,9,HB9EMP
19:08:37,14030.4,EA6BF,40,26,DO4DXA
19:08:38,14010.6,CT1BMW,26,12,S53A
19:08:38,14029.3,W2RQ,43,16,EA5WU
19:08:38,14035.9,N6CHU,28,22,W8WWV
19:08:38,14036.9,MM2T,30,8,R4NCU
19:08:38,14039.0,W7SW,26,22,KC4YVA
19:08:38,14040.4,OK5M,31,11,N9CO
19:08:38,14041.5,K0RX,34,22,N2EPE
19:08:39,14010.6,CT1BMW,26,13,DK9IP-1
19:08:39,14016.9,4Z5PF,27,8,YO2CK
19:08:39,14017.0,4Z5PF,28,9,DF7GB
19:08:39,14038.2,K0TG,38,39,KD7EFG
19:08:39,14040.0,KC9IL,28,11,TI7W
19:08:39,14054.0,K5IRH,23,11,KD7EFG
19:08:40,14010.6,CT1BMW,26,5,OK1HRA
19:08:40,14010.6,CT1BMW,26,19,DR4W
19:08:40,14010.6,CT1BMW,26,8,OH6BG
19:08:40,14010.6,CT1BMW,26,6,MM0ZBH
19:08:40,14017.1,4Z5PF,28,13,LZ4AE
19:08:40,14029.3,W2RQ,42,9,DP5G
19:08:40,14030.0,N7US,37,19,N4HAC
19:08:40,14031.3,K5SJC,32,13,W1NT-2
19:08:40,14031.3,K5SJC,33,21,W6YX
19:08:40,14035.9,N6CHU,28,19,K1RA-4
19:08:40,14037.0,KX2P,28,23,WX7V/5
19:08:40,14039.0,W7SW,25,27,W1NT-2
19:08:40,14039.0,W7SW,26,24,N7VVX
19:08:40,14039.0,W7SW,26,34,K1RA-4
19:08:40,14040.4,OK5M,29,14,DR4W
19:08:40,14049.6,AH7RF,30,6,ND7K
19:08:40,14061.1,K7GT,20,8,W6YX
19:08:41,14010.0,RN3QBG,27,24,HB9BXE
19:08:41,14010.0,RN3QBG,27,6,G0KTN
19:08:41,14010.6,CT1BMW,27,12,HB9BXE
19:08:41,14031.3,K5SJC,33,26,K7CO
19:08:41,14039.0,W7SW,26,40,WE9V
19:08:41,14039.0,W7SW,25,35,K7CO
19:08:41,14039.0,W7SW,26,28,KM3T-2
19:08:41,14039.0,W7SW,25,27,K4PP
19:08:41,14040.4,OK5M,30,6,BD7JNA
19:08:41,14041.5,K0RX,33,4,AK6RI-1
19:08:42,14010.6,CT1BM,26,17,DL8LAS
19:08:42,14028.9,WA3AAN,35,14,K5TR
19:08:42,14030.4,EA6BF,38,26,RU9CZD
19:08:42,14030.4,EA6BF,39,16,G4KCM
19:08:42,14031.3,K5SJC,33,28,K5TR
19:08:42,14031.3,K5SJC,33,14,VE6WZ-3
19:08:42,14039.0,W7SW,25,39,K5TR
19:08:42,14039.0,W7SW,26,36,K9LC
19:08:42,14039.0,W7SW,25,20,WC2L
19:08:42,14040.4,OK5M,30,13,S50U
19:08:42,14041.5,K0RX,34,20,AA4PA
19:08:42,14041.5,K0RX,34,17,WC2L
19:08:43,14017.1,4Z5PF,28,12,ON6ZQ
19:08:43,14031.3,K5SJC,33,26,ZF9CW
19:08:43,14042.0,K1TR,38,18,ZF9CW
19:08:44,14010.0,RN3QBG,27,22,S53WW
19:08:44,14031.3,K5SJC,33,6,K6FOD
19:08:45,14017.0,4Z5PF,27,12,DK0KK
19:08:45,14017.1,4Z5PF,27,19,IK4VET
19:08:45,14030.4,EA6BF,40,10,VU2TUM
19:08:45,14031.4,K5SJC,33,15,K5EM
19:08:45,14038.2,K0TG,33,5,K5EM
19:08:45,14062.5,KF0UVL,17,3,N2YCH
19:08:46,14022.8,IK5DVT,25,8,YO2KAR
19:08:46,14027.4,N8KH,37,29,WB6BEE
19:08:46,14031.1,K5SJC,33,9,VE4DRK
19:08:46,14037.6,N4HAI,30,1,WT8P
19:08:47,14017.1,4Z5PF,27,15,HB9EMP
19:08:47,14031.3,K5SJC,33,27,AC0C-1
19:08:47,14036.8,K0VBU,37,28,AC0C-1
19:08:48,14031.3,K5SJC,33,20,W8WWV
19:08:48,14031.3,K5SJC,33,14,VE6WZ
19:08:48,14036.8,K0VBU,37,23,N2EPE
19:08:48,14038.2,K0TG,38,17,VE6WZ
19:08:48,14061.0,K7GT,20,8,W8WWV
19:08:49,14017.0,4Z5PF,28,11,HA2NA
19:08:49,14022.0,AG4T,19,11,W1NT-6
19:08:49,14030.4,EA6BF,39,34,BD8CS
19:08:49,14031.3,K5SJC,33,21,N9CO
19:08:49,14036.8,K0VBU,37,22,KC4YVA
19:08:49,14036.8,K0VBU,37,17,W1NT-6
19:08:49,14036.8,K0VBU,37,19,KD7EFG
19:08:49,14041.5,K0RX,35,21,KD7EFG
19:08:49,14049.1,AC8PL,17,2,N9CO
19:08:50,14010.0,RN3QBG,27,14,IT9GSF
19:08:50,14031.3,K5SJC,32,16,ND7K
19:08:50,14036.8,K0VBU,37,32,WX7V/5
19:08:51,14023.2,AB5SE,34,13,N4HAC
19:08:51,14030.4,EA6BF,40,12,BI4MPH
19:08:51,14031.3,K5SJC,32,17,WE9V
19:08:51,14035.6,N1DC,32,8,WE9V
19:08:51,14036.8,K0VBU,36,24,N4HAC
19:08:51,14036.8,K0VBU,37,18,W6YX
19:08:51,14036.8,K0VBU,38,26,WA7LNW
19:08:51,14037.9,K6RB,34,24,N4HAC
19:08:52,14003.6,WA8VTD,26,2,K5TR
19:08:52,14010.0,RN3QBG,27,14,BD7JNA
19:08:52,14028.6,DL1VDL,31,6,S50U
19:08:52,14029.0,WA3AAN,32,9,K7CO
19:08:52,14036.8,K0VBU,38,24,KM3T-2
19:08:52,14036.8,K0VBU,37,23,WC2L
19:08:52,14042.0,K1TR,39,20,KM3T-2
19:08:53,14017.0,4Z5PF,28,13,MM9PSY
19:08:53,14022.0,EA2CAR,22,4,UY2RA
19:08:53,14035.6,N1DC,31,11,VE6WZ-3
19:08:53,14035.7,N1DC,32,15,W8WTS
19:08:53,14036.2,VE3KIU,31,12,VE6WZ-3
19:08:54,14036.8,K0VBU,37,15,W2NNN
19:08:54,14036.9,MM2T,30,6,LZ4UX
19:08:55,14035.7,N1DC,32,29,K9IMM
19:08:55,14036.8,K0VBU,36,30,K9IMM
19:08:55,14041.6,K0RX,34,3,IK4VET
19:08:56,14030.4,EA6BF,40,32,OE9GHV
19:08:56,14034.1,VE5UO,33,10,K5EM
19:08:56,14036.0,N6CHU,28,11,K5EM
19:08:56,14036.8,K0VBU,37,25,N2YCH
19:08:56,14037.6,N4HAI,31,1,N2YCH
19:08:57,14027.4,N8KH,35,29,AC0C-1
19:08:57,14028.6,DL1VDL,32,11,W3RGA
19:08:57,14028.6,DL1VDL,33,12,DM5GG
19:08:57,14030.4,EA6BF,38,18,M1GEO
19:08:58,14035.6,N1DC,32,36,W8WWV
19:08:58,14041.5,K0RX,33,11,S53A
19:08:58,14041.5,K0RX,30,35,W8WWV
19:08:59,14010.0,RN3QBG,27,11,R4NCU
19:08:59,14027.0,KT5V,30,8,KH6LC
19:08:59,14028.1,W8XAL,34,9,W1NT-6
19:08:59,14030.4,EA6BF,39,33,R4NCU
19:08:59,14035.2,VE3JM,37,24,KC4YVA
19:08:59,14035.6,N1DC,31,11,VE6WZ
19:08:59,14035.7,N1DC,32,31,N9CO
19:08:59,14036.2,VE3KIU,31,12,VE6WZ
19:08:59,14046.5,F6HKA,32,18,N2EPE
19:09:00,14027.4,N8KH,37,10,NU4F
19:09:00,14028.5,DL1VDL,32,11,OK1HRA
19:09:00,14035.7,N1DC,32,14,KD7EFG
19:09:00,14035.7,N1DC,31,7,TI7W
19:09:00,14039.5,I2WIJ,37,11,JN1ILK
19:09:00,14061.1,K7GT,20,16,KD7EFG
19:09:01,14034.2,DL6KVA,32,18,5Z4GO
19:09:01,14035.2,VE3JM,37,12,ND7K
19:09:01,14035.2,VE3JM,37,11,W6YX
19:09:01,14035.7,N1DC,31,14,WX7V/5
19:09:01,14035.9,N6CHU,27,22,W1NT-2
19:09:01,14035.9,N6CHU,28,16,N4HAC
19:09:01,14036.8,N2YO,36,29,K1RA-4
19:09:01,14037.0,KX2P,28,6,N4HAC
19:09:01,14039.2,K7RL,36,26,N4HAC
19:09:02,14028.7,DL1VDL,31,13,BG7IEJ
19:09:02,14035.2,VE3JM,37,28,WA7LNW
19:09:02,14035.2,VE3JM,37,12,K7CO
19:09:02,14035.2,VE3JM,34,16,K4PP
19:09:02,14035.7,N1DC,32,11,AA4PA
19:09:02,14036.8,K0VBU,38,25,AA4PA
19:09:02,14040.4,OK5M,30,11,DL8LAS-3
19:09:02,14061.0,K7GT,20,15,WE9V
19:09:03,14033.0,WJ9B,34,15,WC2L
19:09:03,14035.1,VE3JM,38,25,K9LC
19:09:03,14035.6,N1DC,32,16,K5TR
19:09:03,14036.8,K0VBU,38,26,KM3T-5
19:09:03,14040.4,OK5M,30,8,K5TR
19:09:03,14040.4,OK5M,30,11,DL8LAS
19:09:04,14028.8,SN5N,37,7,IK3STG
19:09:04,14040.4,OK5M,30,8,DL8LAS-1
19:09:05,14028.6,DL1VDL,32,6,LZ4UX
19:09:05,14028.7,DL1VDL,32,12,W2NNN
19:09:05,14035.2,VE3JM,37,36,K9IMM
19:09:05,14038.2,K0TG,34,8,N6TV
19:09:05,14047.5,EA3NO,30,4,RK3TD-2
19:09:06,14035.2,VE3JM,36,25,K3PA-1
19:09:06,14035.2,VE3JM,38,29,WB6BEE
19:09:06,14035.7,N1DC,32,8,K5EM
19:09:06,14039.2,K7RL,36,26,WB6BEE
19:09:06,14052.5,W4LOO,25,9,K6FOD
19:09:07,14028.6,DL1VDL,32,12,W2MV
19:09:07,14034.1,DL6KVA,32,7,VK3RASA
19:09:07,14035.2,VE3JM,37,29,AC0C-1
19:09:07,14037.2,TK1RV,32,9,AC0C-1
19:09:07,14039.3,K7RL,38,12,ZL4YL
19:09:08,14010.0,RN3QBG,27,10,M1GEO
19:09:09,14010.0,RN3QBG,27,8,G4ZFE
19:09:09,14035.1,VE3JM,37,9,VE6WZ
19:09:10,14010.0,RN3QBG,28,21,RN4WA
19:09:10,14022.0,EA2CAR,20,4,RN4WA
19:09:10,14022.0,AG4T,19,3,DK0TE
19:09:10,14025.7,UB7F,30,6,W1NT-6
19:09:10,14028.6,DL1VDL,32,28,W1NT-6
19:09:10,14028.6,DL1VDL,32,7,RN4WA
19:09:10,14028.6,DL1VDL,31,10,LZ3CB
19:09:10,14030.4,EA6BF,39,14,RN4WA
19:09:10,14032.8,DL6KVA,33,19,RN4WA
19:09:10,14034.2,DL6KVA,34,22,RN4WA
19:09:10,14035.0,EA5M,37,23,RN4WA
19:09:10,14036.4,IK3VUT,26,14,RN4WA
19:09:10,14037.0,MM2T,29,4,RN4WA
19:09:10,14038.0,E70T,34,16,RN4WA
19:09:10,14038.0,E70T,35,30,TI7W
19:09:10,14038.5,K4PI,36,12,OK1HRA
19:09:10,14039.1,DM6M,32,7,RN4WA
19:09:10,14040.0,SM7T,30,17,RN4WA
19:09:10,14040.4,OK5M,30,17,RN4WA
19:09:11,14010.0,RN3QBG,27,9,EI4HQ
19:09:11,14010.0,RN3QBG,27,13,DK9IP
19:09:11,14026.6,W1WEF,38,7,EI4HQ
19:09:11,14035.2,VE3JM,37,26,WX7V/5
19:09:11,14040.4,OK5M,30,12,OH6BG
19:09:11,14041.3,N5RZ,39,4,MM0ZBH
19:09:12,14026.3,WG3J,42,5,AK6RI-1
19:09:12,14035.2,VE3JM,37,41,WE9V
19:09:12,14035.7,N1DC,32,6,W6YX
19:09:12,14035.7,N1DC,33,6,K7CO
19:09:12,14036.3,KX2P,29,6,K7CO
19:09:12,14037.1,K1RV,31,10,WE9V
19:09:12,14039.6,W8CAR,37,19,K7CO
19:09:13,14010.1,RN3QBG,28,29,BG7IEJ
19:09:13,14026.6,W1WEF,37,20,K9LC
19:09:13,14026.6,W1WEF,38,25,K5TR
19:09:13,14035.0,EA5M,38,4,LB9KJ
19:09:13,14035.1,VE3JM,37,9,VE6WZ-3
19:09:13,14035.2,VE3JM,38,35,K5TR
19:09:13,14036.9,MM2T,27,7,BD7JNA
19:09:13,14041.3,N5RZ,39,7,MM9PSY
19:09:13,14052.5,W4LOO,24,20,K5TR
19:09:14,14023.6,WT9U,39,26,ZF9CW
19:09:14,14035.2,VE3JM,37,24,ZF9CW
19:09:14,14047.5,EA3NO,30,3,UY2RA
19:09:15,14034.2,DL6KVA,32,6,DL1HWS
19:09:15,14041.3,N5RZ,39,7,DL1HWS
19:09:16,14010.0,RN3QBG,27,16,DK0KK
19:09:16,14023.6,WT9U,39,15,KM3T-3
19:09:16,14030.4,EA6BF,40,16,YO2KAR
19:09:17,14023.6,WT9U,39,39,K3PA-1
19:09:17,14026.6,W1WEF,38,25,K3PA-1
19:09:17,14030.4,EA6BF,38,33,SM7IUN
19:09:17,14031.3,K5SJC,33,23,WB6BEE
19:09:17,14036.1,KX2P,28,6,VE4DRK
19:09:17,14036.2,VE3KIU,30,20,K3PA-1
19:09:17,14036.3,KX2P,28,22,K3PA-1
19:09:18,14023.6,WT9U,38,40,AC0C-1
19:09:18,14026.6,W1WEF,38,27,AC0C-1
19:09:18,14026.6,W1WEF,38,23,S53A
19:09:18,14030.4,EA6BF,40,12,HB9EMP
19:09:18,14030.4,EA6BF,40,17,ZL4YL
19:09:18,14031.2,VE3NZ,32,18,AC0C-1
19:09:18,14031.2,VE3NZ,32,20,S53A
19:09:18,14035.7,N1DC,32,10,AC0C-1
19:09:18,14036.3,KX2P,28,23,AC0C-1
19:09:18,14050.9,KE2BVB,22,23,AC0C-1
19:09:19,14023.0,G3ZXZ,19,20,N9CO
19:09:19,14026.6,W1WEF,38,21,VE6WZ
19:09:19,14031.2,VE3NZ,31,16,VE6WZ
19:09:19,14032.8,N4BP,31,14,VE6WZ
19:09:19,14039.0,W7SW,26,28,W8WWV
19:09:19,14041.3,N5RZ,40,8,GI4DOH
19:09:20,14023.0,G3ZXZ,19,20,LZ7AA
19:09:20,14023.0,G3ZXZ,19,24,W1NT-6
19:09:20,14023.0,G3ZXZ,19,7,LZ3CB
19:09:20,14029.8,K4WLO,21,32,IT9GSF
19:09:20,14030.4,EA6BF,38,7,LZ3CB
19:09:20,14031.2,VE3NZ,31,11,KC4YVA
19:09:20,14031.2,VE3NZ,32,19,IT9GSF
19:09:20,14042.0,K1TR,36,21,W1NT-6
19:09:21,14023.0,G3ZXZ,19,37,LZ4AE
19:09:21,14023.0,G3ZXZ,19,23,W1NT-2
19:09:21,14026.6,W1WEF,37,24,TI7W
19:09:21,14030.4,EA6BF,38,31,HB9BXE
19:09:21,14030.4,EA6BF,38,7,DK9IP
19:09:21,14031.1,VE3NZ,32,13,OK1HRA
19:09:21,14031.2,VE3NZ,32,15,TI7W
19:09:21,14031.2,VE3NZ,31,6,EI4HQ
19:09:21,14034.9,N7NR,32,45,KD7EFG
19:09:21,14035.2,VE3JM,38,17,TI7W
19:09:21,14036.2,VE3KIU,29,5,EI4HQ
19:09:21,14036.3,KX2P,28,20,WX7V/5
19:09:21,14037.2,K1RV,31,11,KD7EFG
19:09:21,14039.3,K7RL,35,35,ND7K
19:09:21,14042.9,AA4GA,33,22,WX7V/5
19:09:22,14023.0,G3ZXZ,19,3,K1RA-4
19:09:22,14023.6,WT9U,38,15,KM3T-2
19:09:22,14026.6,W1WEF,38,17,W6YX
19:09:22,14037.6,N4HAI,31,14,KM3T-2
19:09:22,14041.5,K0RX,33,17,W6YX
19:09:23,14023.0,G3ZXZ,19,8,LZ5DI
19:09:23,14023.0,G3ZXZ,19,20,KM3T-5
19:09:23,14023.6,WT9U,39,16,KM3T-5
19:09:23,14026.6,W1WEF,38,25,WA7LNW
19:09:23,14026.6,W1WEF,38,25,K4PP
19:09:23,14031.2,VE3NZ,31,10,AA4PA
19:09:23,14031.2,VE3NZ,33,4,K4PP
19:09:23,14031.3,K5SJC,32,18,K9LC
19:09:23,14037.6,N4HAI,31,19,AA4PA
19:09:23,14037.6,N4HAI,31,24,K5TR
19:09:23,14039.0,W7SW,25,14,AK6RI-1
19:09:24,14026.6,W1WEF,38,31,W8WTS
19:09:24,14026.6,W1WEF,38,21,VE6WZ-3
19:09:24,14031.2,VE3NZ,31,16,VE6WZ-3
19:09:25,14030.4,EA6BF,39,11,LZ4UX
19:09:25,14031.2,VE3NZ,29,28,ZF9CW
19:09:25,14037.6,N4HAI,31,19,ZF9CW
19:09:25,14039.0,W7SW,26,32,ZF9CW
19:09:26,14026.6,W1WEF,38,34,K9IMM
19:09:26,14030.1,N7US,38,4,IK4VET
19:09:26,14031.2,VE3NZ,32,26,K9IMM
19:09:27,14023.0,G3ZXZ,19,19,KM3T-3
19:09:27,14023.2,AB5SE,33,17,WB6BEE
19:09:27,14031.2,VE3NZ,32,6,WB6BEE
19:09:27,14031.3,VE3NZ,33,15,K5EM
19:09:27,14034.9,EA5M,37,7,YO2KAR
19:09:27,14035.0,EA5M,34,26,RK3TD
19:09:27,14036.6,K0VBU,38,8,VE4DRK
19:09:27,14037.6,N4HAI,31,15,KM3T-3
19:09:27,14037.6,N4HAI,31,15,K3PA-1
19:09:28,14030.5,AD4EB,39,38,AC0C-1
19:09:29,14031.2,VE3NZ,31,5,ZL4YL
19:09:29,14035.2,VE3JM,37,17,S53A
19:09:29,14045.3,N5NA,32,4,ZL4YL
19:09:29,14048.0,NK2Y,28,12,S53A
19:09:30,14027.4,N8KH,35,20,VE6WZ
19:09:30,14028.9,WA3AAN,34,40,N9CO
19:09:30,14029.9,K4WLO,22,4,NU4F
19:09:31,14023.0,G3ZXZ,19,44,IT9GSF
19:09:31,14023.0,G3ZXZ,19,36,LZ4AE
19:09:31,14031.3,K5SJC,33,11,N7VVX
19:09:31,14032.5,KO4VW,38,36,IT9GSF
19:09:31,14038.0,E70T,33,9,DP5G
19:09:32,14023.6,WT9U,40,22,ND7K
19:09:32,14024.9,W8FJ,38,38,ND7K
19:09:32,14034.9,N7NR,36,41,WX7V/5
19:09:32,14038.0,E70T,35,17,5Z4GO
19:09:33,14023.6,WT9U,38,23,WA7LNW
19:09:33,14026.6,W1WEF,38,31,AA4PA
19:09:33,14027.4,N8KH,35,22,AA4PA
19:09:33,14031.3,K5SJC,33,14,AA4PA
19:09:33,14035.0,EA5M,36,7,LZ5DI
19:09:33,14035.0,EA5M,37,32,DL8LAS
19:09:33,14035.2,VE3JM,37,16,AA4PA
19:09:34,14023.6,WT9U,38,25,K5TR
19:09:34,14031.2,VE3NZ,31,19,K5TR
19:09:34,14035.0,EA5M,37,32,DL8LAS-1
19:09:34,14036.2,W5TM,37,18,WC2L
19:09:34,14036.2,W5TM,37,9,W8WTS
19:09:35,14023.0,G3ZXZ,19,10,LZ4UX
19:09:35,14023.0,G3ZXZ,19,9,RK3TD-2
19:09:35,14026.6,W1WEF,38,12,NG7M
19:09:35,14027.4,N8KH,35,20,VE6WZ-3
19:09:35,14036.8,K0VBU,38,32,ZF9CW
19:09:36,14023.0,G3ZXZ,19,7,W2NNN
19:09:36,14026.3,WG3J,43,4,PI4CC
19:09:36,14035.4,N3OC,40,13,K6FOD
19:09:37,14036.2,W5TM,35,7,WT8P
19:09:37,14036.6,KX2P,28,5,W3RGA
19:09:37,14038.2,K0TG,36,2,WT8P
19:09:39,14024.9,W8FJ,40,23,AC0C-1
19:09:39,14034.2,DL6KVA,33,23,ZL4YL
19:09:40,14010.0,RN3MWS,26,20,ZL4YL
19:09:40,14024.9,W8FJ,42,8,KH6LC
19:09:40,14027.1,OH3BCX,31,13,SZ1A
19:09:40,14030.5,AD4EB,40,26,N9CO
19:09:40,14048.0,NK2Y,30,28,N9CO
19:09:41,14024.4,AA1DW,32,21,W1NT-6
19:09:41,14027.0,OH3BCX,31,26,EI4HQ
19:09:41,14030.5,AD4EB,40,20,W1NT-6
19:09:41,14030.9,K3WW,38,11,OK1HRA
19:09:41,14040.0,KC9IL,28,25,W1NT-6
19:09:41,14048.0,NK2Y,29,13,IT9GSF
19:09:42,14024.4,K1DW,34,1,MM0ZBH
19:09:42,14027.0,OH3BCX,31,12,OH6BG
19:09:42,14030.4,AD4EB,40,29,K1RA-4
19:09:42,14035.2,VE3JM,38,27,KD7EFG
19:09:42,14037.6,N4HAI,30,8,ND7K
19:09:43,14023.6,WT9U,40,19,W6YX
19:09:43,14030.5,AD4EB,40,16,KM3T-2
19:09:43,14030.5,AD4EB,37,23,WE9V
19:09:43,14036.2,W5TM,36,7,AK6RI-1
19:09:43,14036.6,KX2P,28,1,KM3T-2
19:09:43,14037.6,N4HAI,31,15,W6YX
19:09:43,14037.6,N4HAI,32,12,WA7LNW
19:09:44,14030.4,AD4EB,40,17,KM3T-5
19:09:44,14030.4,AD4EB,38,19,K9LC
19:09:44,14030.5,AD4EB,40,17,WC2L
19:09:44,14037.6,N4HAI,31,16,KM3T-5
19:09:44,14042.0,K1TR,39,33,K5TR
19:09:45,14023.6,WT9U,39,14,VE6WZ-3
19:09:45,14030.5,AD4EB,37,31,ZF9CW
19:09:45,14036.8,K0VBU,37,17,W8WTS
19:09:46,14024.9,W8FJ,42,17,NG7M
19:09:46,14029.3,W2RQ,44,8,DL1HWS
19:09:46,14030.5,AD4EB,41,21,W2NNN
19:09:46,14038.1,E70T,35,8,IK4VET
19:09:46,14057.1,KE0TL,15,10,W2NNN
19:09:47,14023.2,AB5SE,34,3,KM3T-3
19:09:47,14030.4,AD4EB,38,18,KM3T-3
19:09:47,14030.5,AD4EB,40,16,N2YCH
19:09:47,14036.6,KX2P,28,2,KM3T-3
19:09:47,14039.1,W7SW,26,12,K5EM
19:09:47,14042.0,K1TR,26,5,N6TV
19:09:48,14024.4,K1DW,33,13,WB6BEE
19:09:48,14030.5,AD4EB,38,29,W3RGA
19:09:48,14030.5,AD4EB,41,32,K3PA-1
19:09:49,14030.5,AD4EB,37,18,N2EPE
19:09:49,14037.6,N4HAI,31,17,AC0C-1
19:09:50,14023.6,WT9U,39,14,VE6WZ
19:09:51,14024.4,K1DW,34,10,DR4W
19:09:51,14035.6,VE3KIU,28,22,N9CO
19:09:51,14037.6,N4HAI,31,14,W1NT-6
19:09:52,14030.5,AD4EB,39,23,W1NT-2
19:09:52,14035.6,VE3KIU,28,18,TI7W
19:09:52,14039.0,W7SW,26,29,N4HAC
19:09:52,14039.0,W7SW,25,44,KD7EFG
19:09:52,14047.5,EA3NO,30,10,WX7V/5
19:09:53,14024.9,W8FJ,42,6,K1RA-4
19:09:53,14030.4,AD4EB,40,20,ND7K
19:09:53,14042.0,K1TR,40,16,ND7K
19:09:53,14046.5,F6HKA,32,12,LZ5DI
19:09:54,14027.0,OH3BCX,31,29,IK7YTT
19:09:54,14035.6,VE3KIU,28,27,WA7LNW
19:09:54,14036.6,KX2P,28,3,KM3T-5
19:09:54,14042.0,K1TR,39,22,WA7LNW
19:09:56,14019.0,EA3IJO,20,15,ES5PC
19:09:56,14026.7,W1WEF,38,11,IK4VET
19:09:56,14028.8,SN5N,38,16,IK4VET
19:09:56,14035.6,VE3KIU,29,4,DL1HWS
19:09:56,14037.5,N4HAI,31,6,VE6WZ-3
19:09:57,14035.5,VE3KIU,28,25,K9IMM
19:09:57,14039.0,W7SW,25,5,VE6AO
19:09:58,14031.0,VE3NZ,31,10,VE4DRK
19:09:58,14035.6,VE3KIU,29,15,K3PA-1
19:09:58,14037.1,K0SN,37,14,N6TV
19:09:58,14042.0,K1TR,40,11,K5EM
19:09:59,14028.8,SN5N,39,30,EA5WU
19:09:59,14035.6,VE3KIU,29,12,S53A
19:10:00,14034.1,DL6KVA,32,11,W8WWV
19:10:00,14041.2,N5RZ,38,27,W8WWV
19:10:00,14041.3,N5RZ,38,29,AC0C-1
19:10:00,14041.3,N5RZ,40,17,ZL4YL
19:10:01,14023.2,AB5SE,33,6,KC4YVA
19:10:01,14027.0,OH3BCX,32,19,LZ3CB
19:10:01,14029.6,KH7X,39,8,W1NT-6
19:10:01,14030.4,EA6BF,38,27,DP5G
19:10:01,14035.6,VE3KIU,29,12,KC4YVA
19:10:01,14037.1,K0SN,38,13,KC4YVA
19:10:01,14037.1,K0SN,36,12,VE6WZ
19:10:01,14037.1,K0SN,37,35,W1NT-6
19:10:01,14037.5,N4HAI,31,6,VE6WZ
19:10:01,14041.2,N5RZ,40,11,OK1HRA
19:10:01,14041.3,N5RZ,39,21,KC4YVA
19:10:01,14041.3,N5RZ,40,14,VE6WZ
19:10:01,14041.3,N5RZ,38,27,NU4F
19:10:02,14019.0,EA3IJO,20,16,IT9GSF
19:10:02,14037.6,N4HAI,31,20,W1NT-2
19:10:02,14041.3,N5RZ,38,28,TI7W
19:10:03,14027.0,KT5V,31,21,ND7K
19:10:03,14031.2,VE3NZ,32,35,KD7EFG
19:10:03,14035.6,VE3KIU,29,10,WX7V/5
19:10:03,14035.6,VE3KIU,28,6,W6YX
19:10:03,14040.0,KC9IL,29,17,KD7EFG
19:10:03,14041.3,N5RZ,40,17,K4PP
19:10:04,14023.2,AB5SE,33,3,KM3T-5
19:10:04,14031.2,VE3NZ,31,19,WA7LNW
19:10:04,14041.3,N5RZ,38,26,WE9V
19:10:04,14041.3,N5RZ,38,27,WA7LNW
19:10:04,14045.0,AI5IN,37,8,AK6RI-1
19:10:05,14035.4,N3OC,40,20,K7CO
19:10:05,14037.1,K0SN,38,9,W8WTS
19:10:05,14041.3,N5RZ,40,25,K5TR
19:10:05,14041.3,N5RZ,40,21,WC2L
19:10:05,14047.5,EA3NO,29,4,K5TR
19:10:06,14030.5,AD4EB,39,8,W2NAF
19:10:06,14031.3,VE3NZ,32,8,IK4VET
19:10:06,14037.0,K0SN,38,17,VE6WZ-3
19:10:06,14037.1,K0SN,38,17,NG7M
19:10:06,14041.3,N5RZ,40,11,W2NAF
19:10:07,14037.1,K0SN,38,20,K6FOD
19:10:07,14041.3,N5RZ,36,32,W2NNN
19:10:07,14047.5,EA3NO,29,7,VU2TUM
19:10:08,14027.1,OH3BCX,31,9,EA2RCF-4
19:10:08,14035.6,VE3KIU,29,6,WB6BEE
19:10:08,14037.1,K0SN,38,10,KM3T-3
19:10:08,14037.1,K0SN,37,10,W3RGA
19:10:08,14037.1,K0SN,38,20,WB6BEE
19:10:08,14037.6,N4HAI,31,3,N6TV
19:10:08,14041.3,N5RZ,39,21,VE6AO
19:10:08,14041.3,N5RZ,40,26,N6TV
19:10:08,14041.3,N5RZ,39,20,K9IMM
19:10:08,14041.3,N5RZ,40,31,W3RGA
19:10:08,14041.3,N5RZ,39,27,WB6BEE
19:10:08,14041.3,N5RZ,40,25,K5EM
19:10:08,14043.2,K5UV,37,10,KM3T-3
19:10:08,14043.2,K5UV,37,29,K9IMM
19:10:08,14046.5,F6HKA,31,7,RK3TD
19:10:09,14027.0,OH3BCX,31,23,EA5WU
19:10:09,14041.3,N5RZ,39,29,K3PA-1
19:10:10,14028.8,SN5N,38,37,R4NCU
19:10:10,14035.6,VE3KIU,28,7,AC0C-1
19:10:10,14037.1,K0SN,37,17,N2EPE
19:10:10,14038.0,E70T,34,27,R4NCU
19:10:10,14041.3,N5RZ,40,22,N2EPE
19:10:10,14048.0,NK2Y,29,8,AC0C-1
19:10:11,14031.0,K3WW,38,18,VE6WZ
19:10:11,14031.4,K5SJC,30,6,VE6WZ
19:10:11,14036.6,KX2P,28,3,KC4YVA
19:10:11,14037.0,K0SN,38,17,VE6WZ
19:10:11,14037.1,K0SN,37,22,ZL4YL
19:10:12,14023.2,AB5SE,34,11,W1NT-2
19:10:12,14028.8,SN5N,38,14,W1NT-6
19:10:12,14037.1,K0SN,37,39,W1NT-2
19:10:13,14030.4,EA6BF,38,34,HG8A
19:10:13,14031.0,K3WW,39,21,TI7W
19:10:13,14037.1,K0SN,38,24,TI7W
19:10:13,14037.1,K0SN,38,27,WX7V/5
19:10:13,14037.1,K0SN,38,9,KM3T-2
19:10:13,14037.1,K0SN,39,21,K1RA-4
19:10:13,14037.6,N4HAI,31,10,TI7W
19:10:13,14039.6,W8CAR,39,23,WX7V/5
19:10:13,14041.3,N5RZ,39,21,KM3T-2
19:10:13,14043.2,K5UV,36,16,TI7W
19:10:13,14043.2,K5UV,37,12,K1RA-4
19:10:13,14062.5,KF0UVL,17,20,WX7V/5
19:10:14,14025.3,TK4TZ,39,24,WE9V
19:10:14,14031.0,K3WW,39,19,K4PP
19:10:14,14037.1,K0SN,38,23,W6YX
19:10:14,14037.1,K0AN,38,38,ND7K
19:10:14,14037.1,K0SN,38,18,AA4PA
19:10:14,14037.1,K0SN,39,7,K4PP
19:10:14,14041.3,N5RZ,39,37,W6YX
19:10:14,14041.3,N5RZ,40,31,ND7K
19:10:14,14041.3,N5RZ,39,25,AA4PA
19:10:14,14043.2,K5UV,37,20,W6YX
19:10:14,14043.2,K5UV,37,17,WE9V
19:10:15,14031.0,K3WW,39,25,K7CO
19:10:15,14035.5,VE3KIU,29,12,K5TR
19:10:15,14037.1,K0SN,37,10,KM3T-5
19:10:15,14037.1,K0SN,37,7,AK6RI-1
19:10:15,14037.1,K0SN,38,16,WC2L
19:10:15,14041.3,N5RZ,39,23,KM3T-5
19:10:15,14041.3,N5RZ,39,24,AK6RI-1
19:10:15,14043.2,K5UV,37,9,KM3T-5
19:10:15,14043.2,K5UV,37,17,K9LC
19:10:16,14010.0,RN3QBG,28,5,IZ2CPS
19:10:16,14031.0,K3WW,38,11,S53WW
19:10:16,14036.0,EA4RKC,21,15,RK3TD-2
19:10:16,14043.2,K5UV,37,23,ZF9CW
19:10:17,14031.0,K3WW,38,18,VE6WZ-3
19:10:17,14037.1,K0SN,37,14,W2NNN
19:10:17,14041.2,N5RZ,41,13,VE6WZ-3
19:10:17,14043.2,K5UV,37,12,NG7M
19:10:18,14031.2,VE3NM,33,14,VE6AO
19:10:18,14037.1,K0SN,36,30,VE6AO
19:10:18,14037.1,K0SN,36,5,KD2M
19:10:18,14041.3,N5RZ,41,22,KM3T-3
19:10:19,14031.0,K3WW,39,16,N6TV
19:10:19,14037.1,K0SN,38,7,K5EM
19:10:19,14037.1,K0SN,37,38,K3PA-1
19:10:20,14023.2,AB5SE,34,26,AC0C-1
19:10:20,14030.5,AD4EB,39,11,S53A
19:10:20,14043.2,K5UV,36,15,W8WWV
19:10:20,14053.4,OK1ZEP/P,13,17,EA5WU
19:10:21,14037.1,K0SN,36,30,N9CO
19:10:21,14037.1,K1RV,31,3,OK1HRA
19:10:21,14041.3,N5RZ,39,22,N9CO
19:10:22,14027.8,W8FN,40,23,W1NT-6
19:10:22,14029.9,K4WLO,22,6,W1NT-6
19:10:22,14035.5,VE3KIU,28,9,VE6WZ
19:10:22,14037.1,K0SN,38,14,N4HAC
19:10:22,14041.2,N5RZ,41,13,VE6WZ
19:10:22,14041.3,N5RZ,40,20,N4HAC
19:10:23,14027.0,KT5V,31,19,TI7W
19:10:23,14027.8,W8FN,40,26,W1NT-2
19:10:23,14028.1,W8XAL,35,17,W1NT-2
19:10:24,14028.0,W8FN,41,8,DL5RCN
19:10:24,14028.1,W8XAL,35,13,K4PP
19:10:24,14030.4,EA6BF,39,10,BD7JNA
19:10:24,14037.1,K0SN,38,46,KD7EFG
19:10:24,14041.3,N5RZ,41,38,KD7EFG
19:10:26,14027.8,W8FN,39,27,WC2L
19:10:26,14027.8,W8FN,39,11,S53WW
19:10:26,14028.1,W8XAL,34,11,WC2L
19:10:26,14030.0,N7US,38,6,W2NAF
19:10:26,14030.4,EA6BF,40,37,HA8TKS
19:10:26,14035.9,N6CHU,28,9,WC2L
19:10:27,14023.2,AB5SE,33,2,N2YCH
19:10:27,14026.6,W1WEF,37,17,ZF9CW
19:10:27,14027.8,W8FN,40,31,N2YCH
19:10:27,14027.8,W8FN,40,32,W2NNN
19:10:27,14035.0,EA5M,38,5,PA5KT-4
19:10:27,14038.2,K0TG,34,12,NG7M
19:10:28,14026.6,W1WEF,38,8,VE6AO
19:10:28,14027.0,KT5V,30,7,WT8P
19:10:28,14027.8,W8FN,39,11,OE9GHV
19:10:28,14027.8,W8FN,39,22,W2MV
19:10:28,14030.0,N7US,37,10,VE7CC
19:10:28,14030.0,N7US,37,10,VE7CC
19:10:28,14035.5,VE3KIU,28,9,VE6WZ-3
19:10:29,14031.1,K3WW,39,12,K5EM
19:10:30,14027.7,W8FN,40,13,N2EPE
19:10:30,14028.8,SN5N,36,19,S53A
19:10:30,14035.0,EA5M,37,5,G4ZFE
19:10:30,14036.7,K0VBU,37,33,W8WWV
19:10:32,14010.0,RN3QBG,27,37,BD8CS
19:10:32,14030.0,N7US,37,10,VE6WZ
19:10:32,14032.2,N3RD,43,18,NU4F
19:10:32,14032.2,N3RD,43,20,N7VVX
19:10:32,14035.0,EA5M,35,15,EI4HQ
19:10:34,14026.6,W1WEF,37,22,ND7K
19:10:34,14032.2,N3RD,42,30,AA4PA
19:10:34,14035.7,KX2P,28,13,K1RA-4
19:10:34,14035.8,KX2P,27,28,WX7V/5
19:10:34,14035.9,N6CHU,27,9,KM3T-2
19:10:34,14035.9,N6CHU,28,45,W6YX
19:10:34,14036.0,N6CHU,28,11,TI7W
19:10:34,14037.6,N4HAI,31,20,WX7V/5
19:10:34,14039.3,K7RL,39,32,WX7V/5
19:10:35,14026.6,W1WEF,38,42,WE9V
19:10:35,14029.0,WA3AAN,35,9,K4PP
19:10:35,14035.0,EA5M,35,34,IK7YTT
19:10:35,14035.6,VE3KIU,29,20,KD7EFG
19:10:35,14035.7,KX2P,28,8,WE9V
19:10:35,14043.2,K5UV,19,8,K4PP
19:10:36,14028.8,SN5N,37,12,S53WW
19:10:36,14032.2,N3RD,42,21,WA7LNW
19:10:36,14035.7,KX2P,28,17,K9LC
19:10:36,14035.7,KX2P,28,25,K5TR
19:10:36,14035.8,KX2P,28,14,WA7LNW
19:10:36,14036.8,K0VBU,37,32,K9LC
19:10:36,14040.6,NE5A,35,20,K7EK
19:10:37,14027.7,W8FN,39,11,DK0KK
19:10:37,14027.8,W8FN,39,10,DL1HWS
19:10:37,14027.8,W8FN,39,15,IK4VET
19:10:37,14034.2,DL6KVA,32,6,ES5PC
19:10:37,14035.6,VE3KIU,29,2,IK4VET
19:10:37,14035.8,KX2P,28,14,ZF9CW
19:10:37,14038.0,E70T,36,26,RK3TD-2
19:10:38,14027.7,W8FN,37,22,VE6WZ-3
19:10:38,14032.1,N3RD,43,17,NG7M
19:10:38,14038.0,E70T,35,25,RK3TD
19:10:38,14045.8,N4OI,31,8,NG7M
19:10:39,14026.9,KT5V,31,13,VE6AO
19:10:39,14027.7,W8FN,40,39,K9IMM
19:10:39,14029.6,KH7X,40,16,KM3T-3
19:10:39,14032.2,N3RD,43,11,KD2M
19:10:39,14035.7,KX2P,28,15,K9IMM
19:10:40,14027.8,W8FN,39,25,S53A
19:10:40,14035.8,KX2P,28,17,K3PA-1
19:10:40,14037.2,K1RV,32,14,S53A
19:10:41,14027.7,W8FN,38,21,AC0C-1
19:10:41,14027.8,W8FN,39,21,DK9IP-1
19:10:41,14027.8,W8FN,38,10,DK0TE
19:10:41,14035.7,KX2P,27,7,W8WWV
19:10:41,14035.7,KX2P,27,14,AC0C-1
19:10:41,14040.5,NE5A,30,8,KC4YVA
19:10:41,14046.1,AD8J,29,5,W8WWV
19:10:42,14030.4,EA6BF,39,19,EI4HQ
19:10:42,14030.4,EA6BF,40,6,OH4KA
19:10:42,14033.3,KR2Q,38,53,N9CO
19:10:42,14034.4,KG9X,39,22,W1NT-6
19:10:42,14035.6,VE3KIU,29,8,IT9GSF
19:10:42,14035.7,KX2P,28,21,N9CO
19:10:42,14047.5,EA3NO,29,7,N9CO
19:10:42,14064.0,OK1DWF,26,6,LZ4AE
19:10:42,14064.0,OK1DWF,26,6,LZ4AE
19:10:43,14027.7,W8FN,37,22,VE6WZ
19:10:43,14030.4,EA6BF,40,16,DL1HWS-3
19:10:43,14030.4,EA6BF,39,9,JJ2VLY
19:10:43,14032.5,KO4VW,37,2,MM0ZBH
19:10:43,14034.4,KG9X,37,23,W1NT-2
19:10:43,14036.8,K0VBU,38,31,W1NT-2
19:10:43,14043.2,K5UV,37,9,W1NT-2
19:10:43,14046.1,AD8J,30,27,N7VVX
19:10:43,14047.5,EA3NO,31,12,W1NT-2
19:10:44,14027.8,W8FN,38,30,KM3T-2
19:10:44,14027.8,W8FN,38,18,TI7W
19:10:44,14034.4,KG9X,38,20,KM3T-2
19:10:44,14040.5,NE5A,30,20,TI7W
19:10:45,14027.7,W8FN,39,28,AA4PA
19:10:45,14027.7,W8FN,40,22,ND7K
19:10:45,14030.4,EA6BF,40,11,OK1FCJ
19:10:45,14030.5,AD4EB,40,34,KD7EFG
19:10:45,14034.4,KG9X,39,9,W6YX
19:10:45,14034.4,KG9X,38,18,AA4PA
19:10:45,14034.4,KG9X,39,15,ND7K
19:10:45,14034.4,KG9X,38,21,KM3T-5
19:10:45,14034.4,KG9X,39,16,WE9V
19:10:45,14035.4,N3OC,40,22,WE9V
19:10:45,14036.8,K0VBU,38,24,ND7K
19:10:45,14040.2,N1DC,32,12,WE9V
19:10:45,14040.5,NE5A,30,27,KD7EFG
19:10:45,14043.2,K5UV,36,27,AA4PA
19:10:46,14027.4,N8KH,38,22,WA7LNW
19:10:46,14027.7,W8FN,39,22,WA7LNW
19:10:46,14030.5,AD4EB,38,21,WA7LNW
19:10:46,14034.4,KG9X,38,14,WA7LNW
19:10:46,14035.4,N3OC,40,30,WA7LNW
19:10:46,14035.5,VE3KIU,29,2,K9LC
19:10:46,14064.0,OK1DWF,27,4,LZ4UX
19:10:47,14032.8,N4BP,31,20,K7EK
19:10:47,14036.0,EA4RKC,21,5,DK0KK
19:10:47,14036.3,W5TM,38,20,K7EK
19:10:47,14040.2,N1DC,32,17,K5TR
19:10:48,14023.2,AB5SE,33,9,W2NNN
19:10:48,14031.7,N6NT,35,4,DO4DXA
19:10:48,14034.4,KG9X,39,28,ZF9CW
19:10:48,14034.5,KG9X,39,22,N2YCH
19:10:48,14034.5,KG9X,37,26,W2NNN
19:10:48,14035.4,N3OC,41,14,WS3W
19:10:49,14032.5,TO4VW,37,12,N6TV
19:10:49,14032.7,N4BP,31,10,W2MV
19:10:49,14034.4,KG9X,39,20,KM3T-3
19:10:49,14035.9,N6CHU,28,9,W3RGA
19:10:49,14036.8,K0VBU,37,24,W3RGA
19:10:50,14032.5,KO4VW,37,33,K9IMM
19:10:50,14035.4,N3OC,38,42,K9IMM
19:10:50,14040.2,N1DC,33,29,K9IMM
19:10:50,14043.3,K5UV,38,22,K5EM
19:10:51,14022.0,AG4T,19,5,DK9IP-1
19:10:51,14030.4,EA6BF,40,18,DK9IP-1
19:10:51,14040.1,N1DC,32,29,W8WWV
19:10:52,14022.0,AG4T,19,4,AC0C-1
19:10:52,14027.7,W8FN,38,12,DR4W
19:10:52,14028.7,SN5N,36,9,DR4W
19:10:52,14034.4,KG9X,40,23,AC0C-1
19:10:52,14034.4,KG9X,37,19,KC4YVA
19:10:52,14034.4,KG9X,39,37,N9CO
19:10:52,14035.8,KX2P,28,4,KC4YVA
19:10:52,14035.9,N6CHU,28,25,N9CO
19:10:52,14040.2,N1DC,31,39,AC0C-1
19:10:52,14040.2,N1DC,33,29,N9CO
19:10:52,14043.2,K5UV,39,28,N9CO
19:10:53,14024.4,K1DW,34,12,VE6WZ
19:10:53,14027.7,W8FN,37,25,IT9GSF
19:10:53,14034.2,DL6KVA,31,6,DL1HWS-3
19:10:53,14040.1,N1DC,32,9,VE6WZ
19:10:54,14027.8,W8FN,38,12,DL8LAS-3
19:10:54,14029.9,K4WLO,22,8,W1NT-2
19:10:54,14030.0,N7US,37,22,KM3T-2
19:10:54,14031.1,K3WW,39,12,DL8LAS-3
19:10:54,14035.0,EA5M,37,14,W1NT-2
19:10:54,14035.8,KX2P,28,5,W1NT-2
19:10:54,14036.0,N6CHU,28,27,WX7V/5
19:10:55,14027.8,W8FN,39,10,DL8LAS
19:10:55,14027.8,W8FN,39,10,DL8LAS-1
19:10:55,14030.0,N7US,37,38,AA4PA
19:10:55,14031.1,K3WW,39,12,DL8LAS
19:10:55,14031.2,VE3NZ,32,24,ND7K
19:10:55,14035.4,N3OC,38,35,AA4PA
19:10:55,14035.7,KX2P,27,13,AA4PA
19:10:55,14035.7,KX2P,28,6,ND7K
19:10:55,14040.2,N1DC,32,10,TI7W
19:10:55,14043.2,K5UV,37,9,ND7K
19:10:56,14024.4,K1DW,33,30,WE9V
19:10:56,14031.4,K5SJC,32,17,KD7EFG
19:10:56,14035.4,N3OC,38,5,AK6RI-1
19:10:56,14035.7,KX2P,28,3,KM3T-5
19:10:56,14040.2,N1DC,32,17,KD7EFG
19:10:56,14040.2,N1DC,32,17,K7CO
19:10:56,14040.2,N1DC,32,9,W8WTS
19:10:56,14042.0,K1TR,40,6,W8WTS
19:10:56,14043.2,K5UV,37,15,AK6RI-1
19:10:57,14023.2,AB5SE,33,25,K7EK
19:10:57,14024.4,K1DW,33,17,WA7LNW
19:10:57,14024.4,K1DW,33,15,K9LC
19:10:57,14026.8,MM2T,30,24,RK3TD-2
19:10:57,14029.6,KH7X,39,13,K7EK
19:10:57,14031.7,N6NT,35,16,DK0KK
19:10:57,14034.4,KG9X,38,27,WC2L
19:10:57,14035.0,EA5M,37,6,OZ1AAB
19:10:57,14035.6,VE3KIU,28,18,K7EK
19:10:57,14040.2,N1DC,32,12,K7EK
19:10:57,14042.0,K1TR,36,26,K7EK
19:10:57,14046.6,F6HKA,31,4,K7EK
19:10:58,14026.8,MM2T,30,12,VU2TUM
19:10:58,14027.8,W8FN,38,26,ZF9CW
19:10:58,14027.8,W8FN,39,12,PE5TT
19:10:58,14031.7,N6NT,34,4,PI4CC
19:10:58,14031.7,N6NT,35,7,PA5KT-4
19:10:58,14031.7,N6NT,36,13,NG7M
19:10:58,14031.7,N6NT,36,11,PE5TT
19:10:58,14033.3,KR2Q,34,30,ZF9CW
19:10:58,14045.4,N5NA,32,23,N2YCH
19:10:58,14052.6,W4LOO,24,4,N2YCH
19:10:59,14024.4,K1DW,30,5,WT8P
19:10:59,14024.4,K1DW,34,12,VE6WZ-3
19:10:59,14026.8,MM2T,30,13,RK3TD
19:10:59,14027.8,W8FN,40,18,W3RGA
19:10:59,14027.9,W8XAL,35,19,VE4DRK
19:10:59,14033.2,KR2Q,36,21,VE6WZ-3
19:10:59,14040.1,N1DC,32,9,VE6WZ-3
19:10:59,14045.3,N5NA,31,11,WT8P
19:10:59,14046.1,AD8J,30,4,W3RGA
19:11:00,14024.4,K1DW,33,31,K9IMM
19:11:00,14024.4,K1DW,34,43,K3PA-1
19:11:00,14024.4,K1DW,32,22,S53A
19:11:00,14026.3,WG3J,42,5,VE6AO
19:11:00,14026.8,MM2T,30,5,KM3T-3
19:11:00,14027.8,W8FN,38,31,KM3T-3
19:11:00,14029.6,K1RF,39,36,K9IMM
19:11:00,14030.4,AD4EB,36,26,K9IMM
19:11:00,14031.4,K5SJC,33,17,K9IMM
19:11:00,14031.7,N6NT,35,26,S53A
19:11:00,14034.4,KG9X,39,23,K3PA-1
19:11:00,14034.4,KG9X,38,18,S53A
19:11:00,14035.7,KX2P,28,3,KM3T-3
19:11:00,14039.3,K7RL,35,24,KM3T-3
19:11:00,14042.0,K1TR,39,33,K9IMM
19:11:00,14045.3,N5NA,32,23,K9IMM
19:11:00,14045.3,N5NA,31,22,S53A
19:11:00,14052.5,W4LOO,24,17,N6TV
19:11:01,14024.4,K1DW,33,9,K5EM
19:11:01,14026.8,MM2T,29,14,R4NCU
19:11:01,14026.8,MM2T,29,18,LZ7AA
19:11:01,14031.7,N6NT,35,14,DF7GB
19:11:01,14031.7,N6NT,34,10,DK9IP-1
19:11:01,14045.3,N5NA,32,12,N2EPE
19:11:01,14045.4,N5NA,31,18,K5EM
19:11:01,14052.5,W4LOO,24,8,N2EPE
19:11:02,14024.3,K1DW,33,14,OK1HRA
19:11:02,14024.4,K1DW,33,20,W8WWV
19:11:02,14024.4,K1DW,35,47,AC0C-1
19:11:02,14026.8,MM2T,29,14,LZ3CB
19:11:02,14026.8,MM2T,30,4,SZ1A
19:11:02,14026.8,MM2T,29,27,BD8CS
19:11:02,14026.8,MM2T,29,34,LZ4AE
19:11:02,14026.8,MM2T,29,34,LZ4AE
19:11:02,14027.7,W8FN,38,9,EI4HQ
19:11:02,14027.8,W8FN,39,14,DP5G
19:11:02,14030.4,EA6BF,39,34,DK0TE
19:11:02,14045.3,N5NA,32,11,KC4YVA
19:11:02,14045.3,N5NA,31,19,NU4F
19:11:02,14052.5,W4LOO,24,22,AC0C-1
19:11:03,14023.2,AB5SE,33,31,N9CO
19:11:03,14023.2,AB5SE,32,7,W1NT-6
19:11:03,14024.4,K1DW,33,27,N9CO
19:11:03,14026.8,MM2T,30,15,N9CO
19:11:03,14026.8,MM2T,29,45,IT9GSF
19:11:03,14026.8,MM2T,29,12,W1NT-6
19:11:03,14026.8,MM2T,28,19,5Z4GO
19:11:03,14026.8,MM2T,30,8,MM0ZBH
19:11:03,14030.4,EA6BF,38,8,MM0ZBH
19:11:03,14033.2,KR2Q,36,21,VE6WZ
19:11:03,14035.0,EA5M,36,6,BI4MPH
19:11:03,14041.5,K0RX,33,5,IT9GSF
19:11:03,14052.5,W4LOO,24,6,VE6WZ
19:11:04,14026.8,MM2T,30,10,W1NT-2
19:11:04,14026.8,MM2T,29,15,LZ5DI
19:11:04,14045.3,N5NA,32,30,W1NT-2
19:11:05,14026.8,MM2T,29,5,KM3T-2
19:11:05,14026.8,MM2T,29,26,RU9CZD
19:11:05,14026.9,MM2T,30,18,BG7IEJ
19:11:05,14032.5,KO4VW,38,7,WX7V/5
19:11:05,14032.5,KO4VW,38,15,KM3T-2
19:11:05,14035.6,VE3KIU,29,1,K4PP
19:11:05,14039.0,W7SW,25,37,WX7V/5
19:11:05,14045.3,N5NA,32,15,TI7W
19:11:06,14026.8,MM2T,30,39,IK7YTT
19:11:06,14026.8,MM2T,30,6,KM3T-5
19:11:06,14027.7,W8FN,38,32,KM3T-5
19:11:06,14032.5,KO4VW,38,31,WE9V
19:11:06,14038.0,E70T,34,16,IK7YTT
19:11:06,14043.2,K5UV,37,23,KD7EFG
19:11:06,14045.3,N5NA,32,15,W6YX
19:11:06,14045.3,N5NA,33,22,ND7K
19:11:06,14045.3,N5NA,32,18,WE9V
19:11:07,14024.0,W4CMG,32,11,WC2L
19:11:07,14024.0,W4CMG,33,16,K5TR
19:11:07,14026.8,MM2T,29,10,LZ4UX
19:11:07,14026.8,MM2T,29,6,K5TR
19:11:07,14027.7,W8FN,39,15,K5TR
19:11:07,14032.5,KO4VW,38,23,K5TR
19:11:07,14036.0,EA4RKC,20,10,YO5LD
19:11:07,14040.2,N1DC,32,12,WA7LNW
19:11:07,14040.8,I2WIJ,37,24,RK3TD-2
19:11:07,14042.4,K1RV,32,11,IK4VET
19:11:07,14045.3,N5NA,32,15,K9LC
19:11:08,14026.8,MM2T,29,13,UT5R
19:11:09,14024.0,W4CMG,30,27,ZF9CW
19:11:09,14024.0,W4CMG,30,17,W2NNN
19:11:09,14029.6,KH7X,37,23,ZF9CW
19:11:09,14030.4,AD4EB,35,8,VE6WZ-3
19:11:09,14032.5,KO4VW,38,23,VE6WZ-3
19:11:09,14033.0,WJ9B,33,22,ZF9CW
19:11:09,14035.6,VE3KIU,31,12,ZF9CW
19:11:09,14035.7,KX2P,28,5,W3RGA
19:11:09,14040.8,I2WIJ,37,14,YO2KAR
19:11:09,14040.8,I2WIJ,34,11,DM5GG
19:11:09,14040.8,I2WIJ,36,19,RK3TD
19:11:09,14046.1,AD8J,30,9,W2NNN
19:11:10,14030.4,AD4EB,36,5,WB6BEE
19:11:10,14032.5,KO4VW,38,12,VE6AO
19:11:10,14032.5,KO4VW,37,17,KM3T-3
19:11:11,14026.8,MM2T,30,7,S53A
19:11:11,14026.8,M2TT,30,5,BD4UNT
19:11:11,14029.6,KH7X,41,13,N2EPE
19:11:11,14033.0,WJ9B,36,8,K9IMM
19:11:11,14033.0,WJ9B,36,25,K3PA-1
19:11:11,14040.8,I2WIJ,36,24,EA5WU
19:11:11,14042.3,K1RV,32,18,K9IMM
19:11:11,14042.4,K1RV,32,12,S53A
19:11:12,14029.6,KH7X,40,16,ZL4YL
19:11:12,14033.0,WJ9B,35,23,W8WWV
19:11:12,14033.0,WJ9B,36,20,AC0C-1
19:11:12,14040.8,I2WIJ,37,15,LZ7AA
19:11:12,14040.8,I2WIJ,37,8,LZ3CB
19:11:12,14042.3,K1RV,33,30,W8WWV
19:11:12,14060.0,N2UHC,18,7,W8WWV
19:11:13,14025.6,VB7FCWT,31,7,N4HAC
19:11:13,14032.5,KO4VW,38,18,N7VVX
19:11:13,14033.3,KR2Q,36,16,NU4F
19:11:13,14035.1,EA5M,38,5,PY2KNK
19:11:13,14036.0,EA4RKC,20,8,LZ4AE
19:11:13,14038.0,SN5N,36,25,BD8CS
19:11:13,14040.8,I2WIJ,37,25,LZ4AE
19:11:13,14040.8,I2WIJ,36,22,BD8CS
19:11:13,14040.8,I2WIJ,36,34,IT9GSF
19:11:13,14041.3,N5RZ,40,20,W1NT-6
19:11:13,14042.3,K1RV,32,10,N9CO
19:11:13,14060.0,N2UHC,18,11,N9CO
19:11:14,14024.4,K1DW,33,12,VE6WZ
19:11:14,14029.6,KH7X,36,32,VE6WZ
19:11:14,14030.4,AD4EB,35,8,VE6WZ
19:11:14,14032.5,KO4VW,37,11,VE6WZ
19:11:14,14032.5,KO4VW,38,23,VE6WZ
19:11:14,14040.8,I2WIJ,37,8,W1NT-2
19:11:15,14024.4,K1DW,33,17,K1RA-4
19:11:15,14026.8,MM2T,30,4,K1RA-4
19:11:15,14033.3,KR2Q,35,20,WX7V/5
19:11:15,14040.2,N1DC,32,10,WX7V/5
19:11:15,14040.8,I2WIJ,36,17,LZ5DI
19:11:15,14042.4,K1RV,32,11,WX7V/5
19:11:16,14024.4,K1DW,33,27,AA4PA
19:11:16,14024.4,K1DW,33,13,W6YX
19:11:16,14033.0,WJ9B,35,19,ND7K
19:11:16,14033.3,KR2Q,36,25,TI7W
19:11:16,14033.3,KR2Q,37,26,W6YX
19:11:16,14033.3,KR2Q,35,27,ND7K
19:11:16,14035.8,KX2P,28,8,W6YX
19:11:16,14040.2,N1DC,32,12,AA4PA
19:11:16,14040.5,NE5A,30,5,AK6RI-1
19:11:16,14040.8,I2WIJ,35,18,BG7IEJ
19:11:16,14042.4,K1RV,33,21,TI7W
19:11:17,14026.8,MM2T,29,11,BI7JMD
19:11:17,14031.0,K3WW,39,30,K9LC
19:11:17,14032.2,N3RD,43,3,AA0O
19:11:17,14033.0,WJ9B,35,25,WA7LNW
19:11:17,14033.2,KR2Q,33,43,WE9V
19:11:17,14033.3,KR2Q,37,38,K7CO
19:11:17,14033.3,KR2Q,35,29,WA7LNW
19:11:17,14042.3,K1RV,32,11,KD7EFG
19:11:17,14042.3,K1RV,32,11,WE9V
19:11:17,14042.3,K1RV,32,2,K9LC
19:11:17,14042.4,K1RV,31,13,W8WTS
19:11:17,14045.0,AI5IN,37,15,W8WTS
19:11:17,14045.0,AI5IN,38,27,WE9V
19:11:17,14045.0,AI5IN,37,24,K9LC
19:11:17,14045.1,AI5IN,37,16,IK4VET
19:11:18,14029.3,W2RQ,44,31,K7EK
19:11:18,14033.3,KR2Q,38,32,K7EK
19:11:18,14042.3,K1RV,31,16,K5TR
19:11:18,14045.0,AI5IN,38,11,DK0KK
19:11:19,14024.2,K1DW,33,13,VE4DRK
19:11:19,14024.4,K1DW,33,8,NG7M
19:11:19,14028.9,WA3AAN,33,14,NG7M
19:11:19,14029.6,KH7T,38,6,WT8P
19:11:19,14033.1,WJ9B,35,14,W2NNN
19:11:19,14033.3,KR2Q,37,29,NG7M
19:11:19,14040.8,I2WIJ,37,13,VU2TUM
19:11:19,14045.2,N5NA,32,8,VE4DRK
19:11:19,14045.3,N5NA,32,20,ZF9CW
19:11:19,14048.5,AB9CA,19,3,WT8P
19:11:20,14024.4,K1DW,33,19,VE6AO
19:11:20,14029.6,KH7X,36,32,VE6WZ-3
19:11:20,14033.0,WJ9B,36,18,WB6BEE
19:11:20,14045.0,AI5IN,37,34,WB6BEE
19:11:20,14045.3,N5NA,27,28,W3RGA
19:11:20,14045.3,N5NA,30,29,WB6BEE
19:11:20,14045.3,N5NA,32,28,KM3T-3
19:11:20,14060.0,N2UHC,18,6,WB6BEE
19:11:21,14030.4,EA6BF,38,14,G4ZFE
19:11:21,14033.3,KR2Q,37,13,S53A
19:11:21,14033.3,KR2Q,36,39,K9IMM
19:11:21,14033.3,KR2Q,36,29,K3PA-1
19:11:21,14045.0,AI5IN,38,32,K9IMM
19:11:21,14045.1,AI5IN,37,12,K5EM
19:11:21,14060.0,N2UHC,18,6,K9IMM
19:11:22,14033.0,WJ9B,35,5,N2EPE
19:11:22,14040.7,I2WIJ,36,27,YO2CK
19:11:22,14044.9,AI5IN,38,18,OK1HRA
19:11:22,14045.0,AI5IN,36,16,N2EPE
19:11:22,14045.0,AI5IN,37,30,W8WWV
19:11:22,14045.0,AI5IN,39,12,DP5G
19:11:23,14024.0,W4CMG,33,32,AC0C-1
19:11:23,14024.0,W4CMG,33,25,N9CO
19:11:23,14027.0,OH3BCX,32,15,BD8CS
19:11:23,14033.0,WJ9B,35,16,N9CO
19:11:23,14033.3,KR2Q,37,3,EI4HQ
19:11:23,14033.3,KR2Q,37,31,AC0C-1
19:11:23,14040.8,I2WIJ,36,24,LZ4AE
19:11:23,14042.3,K1RV,32,6,AC0C-1
19:11:23,14045.0,AI5IN,37,10,KC4YVA
19:11:23,14045.0,AI5IN,37,25,ZL4YL
19:11:23,14045.3,N5NA,32,25,N9CO
19:11:23,14051.3,F6GSI/P,20,6,LZ3CB
19:11:24,14022.0,AG4T,19,4,DL8LAS-3
19:11:24,14024.0,W4CMG,33,15,W1NT-6
19:11:24,14029.3,W2RQ,43,16,N7VVX
19:11:24,14029.6,KH7X,41,20,N7VVX
19:11:24,14032.8,N4BP,31,8,DL8LAS-3
19:11:24,14033.2,KR2Q,35,5,IT9GSF
19:11:24,14045.0,AI5IN,37,27,N4HAC
19:11:24,14045.3,N5NA,31,22,IT9GSF
19:11:25,14024.0,W4CMG,33,17,W1NT-2
19:11:25,14032.9,N4BP,30,4,DL5RCN
19:11:25,14034.4,KG9X,40,20,K1RA-4
19:11:25,14045.3,N5NA,31,27,KM3T-2
19:11:25,14045.3,N5NA,32,20,K1RA-4
19:11:26,14022.0,AG4T,19,4,DL8LAS
19:11:26,14024.4,K1DW,33,9,K4PP
19:11:26,14028.8,K1VUT,31,16,AA4PA
19:11:26,14032.5,KO4VW,37,30,K4PP
19:11:26,14032.5,KO4VW,38,20,TI7W
19:11:26,14032.8,N4BP,31,8,DL8LAS
19:11:26,14033.0,WJ9B,33,22,W6YX
19:11:26,14033.3,KR2Q,36,21,K4PP
19:11:26,14045.3,N5NA,34,12,K4PP
19:11:26,14045.3,N5NA,32,23,AA4PA
19:11:27,14024.0,W4CMG,34,14,KM3T-5
19:11:27,14024.0,W4CMG,34,15,ND7K
19:11:27,14028.1,W8XAL,33,26,KD7EFG
19:11:27,14028.8,K1VUT,32,17,WE9V
19:11:27,14029.3,W2RQ,40,39,WE9V
19:11:27,14031.0,K3WW,37,34,KD7EFG
19:11:27,14032.5,KO4VW,38,23,ND7K
19:11:27,14032.5,KO4VW,37,24,K7CO
19:11:27,14033.3,KR2Q,37,8,AK6RI-1
19:11:27,14045.3,N5NA,31,29,KM3T-5
19:11:27,14045.3,N5NA,31,7,W8WTS
19:11:27,14062.5,KF0UVL,18,9,KD7EFG
19:11:28,14023.9,W4CMG,30,18,K9LC
19:11:28,14028.8,K1VUT,32,11,WA7LNW
19:11:28,14028.8,K1VUT,32,16,K7EK
19:11:28,14028.8,K1VUT,32,19,K5TR
19:11:28,14032.5,KO4VW,36,27,K9LC
19:11:28,14033.0,WJ9B,36,24,K5TR
19:11:28,14034.4,KG9X,37,26,K5TR
19:11:28,14045.0,RT37UD,40,8,PA5KT-4
19:11:29,14032.5,KO4VW,38,8,N2YCH
19:11:29,14032.5,KO4VW,38,25,NG7M
19:11:29,14035.9,N6CHU,27,4,KD2M
19:11:29,14046.6,F6HKA,31,2,N2YCH
19:11:30,14024.4,K1DW,34,4,W3RGA
19:11:30,14029.6,KH7X,40,20,W3RGA
19:11:30,14032.1,SM7T,31,21,W3RGA
19:11:30,14032.5,KO4VW,38,7,WT8P
19:11:30,14032.5,KO4VW,38,18,W3RGA
19:11:30,14033.1,KR2Q,36,10,VE4DRK
19:11:30,14035.8,N6CHU,28,15,VE4DRK
19:11:30,14042.4,TK1RV,32,11,ZF9CW
19:11:31,14024.0,W4CMG,33,29,K3PA-1
19:11:31,14028.7,K1VUT,32,7,VE6WZ-3
19:11:31,14028.8,K1VUT,32,22,K9IMM
19:11:31,14028.8,EA1X,39,25,G4ZFE
19:11:31,14028.9,ZA1EM,31,6,DF7GB
19:11:31,14045.3,N5NA,31,26,VE6WZ-3
19:11:31,14045.3,N5NA,33,37,K3PA-1
19:11:32,14026.5,W1WEF,38,7,OK1HRA
19:11:32,14028.9,ZA1EM,32,18,DK0TE
19:11:32,14029.7,KH7X,39,19,K5EM
19:11:32,14030.4,EA6BF,41,10,BD4UNT
19:11:32,14032.5,KO4VW,39,23,N2EPE
19:11:32,14035.5,VE3KIU,29,5,OK1HRA
19:11:32,14036.0,EA4RKC,20,8,LZ7AA
19:11:33,14028.8,ZA1EM,28,25,DR4W
19:11:33,14028.8,K1VUT,32,10,AC0C-1
19:11:33,14031.0,K3WW,38,16,NU4F
19:11:33,14036.0,EA4RKC,20,8,LZ4AE
19:11:33,14045.3,N5NA,32,21,W8WWV
19:11:34,14027.8,W8FN,37,44,N9CO
19:11:34,14028.8,K1VUT,34,22,N9CO
19:11:34,14028.9,ZA1EM,31,13,DL8LAS-3
19:11:34,14032.5,KO4VW,38,38,N9CO
19:11:34,14045.3,N5NA,32,17,N4HAC
19:11:34,14045.3,N5NA,32,23,W1NT-6
19:11:35,14026.8,MM2T,29,7,BD7JNA
19:11:35,14028.7,K1VUT,32,7,VE6WZ
19:11:35,14028.9,ZA1EM,27,31,MM9PSY
19:11:35,14032.5,KO4VW,37,21,W1NT-2
19:11:35,14045.3,N5NA,31,26,VE6WZ
19:11:35,14045.3,N5NA,32,6,VE6WZ
19:11:36,14028.9,ZA1EM,31,13,DL8LAS
19:11:36,14034.1,VE5UO,33,25,WX7V/5
19:11:36,14035.9,N6CHU,27,8,AA4PA
19:11:36,14041.5,K0RX,33,27,WX7V/5
19:11:37,14028.9,ZA1EM,32,9,DL1HWS
19:11:37,14032.5,KO4VW,38,14,KM3T-5
19:11:37,14032.5,KO4VW,37,24,W6YX
19:11:37,14035.5,N3OC,40,20,TI7W
19:11:37,14035.9,N6CHU,27,10,KM3T-5
19:11:38,14029.6,KH7X,41,30,K7CO
19:11:38,14032.5,KO4VW,38,40,KD7EFG
19:11:38,14035.4,N3OC,40,19,K9LC
19:11:38,14039.3,K7RL,39,47,KD7EFG
19:11:38,14041.6,K0RX,34,18,K7EK
19:11:38,14042.4,K1RV,32,4,K7CO
19:11:38,14043.2,K5UV,35,22,WA7LNW
19:11:38,14045.3,N5NA,31,4,DK0KK
19:11:38,14045.3,N5NA,32,27,WA7LNW
19:11:39,14029.6,KH7X,40,31,K5TR
19:11:39,14049.1,AC8PL,17,6,K5TR
19:11:40,14028.9,ZA1EM,31,14,RK3TD
19:11:40,14028.9,ZA1EM,31,9,F4GOU
19:11:40,14032.5,KO4VW,37,20,ZF9CW
19:11:40,14032.6,KO4VW,38,19,W2NNN
19:11:40,14032.8,WJ9B,36,14,VE4DRK
19:11:40,14035.6,KX2P,27,4,VE4DRK
19:11:41,14028.9,ZA1EM,29,14,DK3WW
19:11:41,14028.9,ZA1EM,27,19,GI4DOH
19:11:41,14028.9,ZA1EM,33,13,EA5WU
19:11:41,14029.6,KH7X,41,15,N6TV
19:11:41,14034.4,KG9X,39,21,N6TV
19:11:41,14035.7,KX2P,27,12,WB6BEE
19:11:41,14035.9,N6CHU,27,9,KM3T-3
19:11:42,14029.6,KH7X,37,34,K9IMM
19:11:42,14032.6,KO4VW,38,12,K5EM
19:11:42,14036.0,EA4RKC,19,9,R4NCU
19:11:42,14036.2,W5TM,34,13,WT9U
19:11:43,14028.9,ZA1EM,30,13,EI4HQ
19:11:43,14041.9,K1TR,39,5,OK1HRA
19:11:43,14042.3,K1RV,32,4,OK1HRA
19:11:43,14045.0,AI5IN,37,9,EI4HQ
19:11:43,14045.0,AI5IN,36,13,DR4W
19:11:44,14030.5,AD4EB,38,9,NU4F
19:11:44,14030.5,AD4EB,37,8,IT9GSF
19:11:44,14033.0,WJ9B,36,12,N4HAC
19:11:44,14037.1,K0NN,40,37,AC0C-1
19:11:44,14041.5,K0RX,33,34,AC0C-1
19:11:44,14042.3,K1RV,32,7,IT9GSF
19:11:44,14045.0,AI5IN,38,38,AC0C-1
19:11:44,14045.0,AI5IN,37,15,NU4F
19:11:45,14033.0,WJ9B,35,17,W1NT-2
19:11:45,14038.0,E70T,35,7,ON6ZQ
19:11:45,14045.0,AI5IN,37,24,W1NT-6
19:11:45,14045.8,N4OI,31,20,W1NT-2
19:11:46,14023.2,AB5SE,35,15,K1RA-4
19:11:46,14028.9,ZA1EM,29,10,DL8LAS-1
19:11:46,14033.0,WJ9B,35,20,K1RA-4
19:11:46,14033.0,WJ9B,35,11,K4PP
19:11:46,14039.3,K7RL,39,22,KM3T-2
19:11:46,14045.8,N4OI,31,16,KM3T-2
19:11:46,14045.8,N4OI,30,24,WX7V/5
19:11:47,14026.3,WG3J,42,20,ND7K
19:11:47,14026.4,WG3J,43,24,TI7W
19:11:47,14031.2,VE3NZ,32,3,S53WW
19:11:47,14035.4,N3OC,39,26,ND7K
19:11:47,14035.5,N3OC,40,20,W6YX
19:11:47,14039.2,K7RL,39,24,KM3T-5
19:11:47,14045.0,AI5IN,38,33,AA4PA
19:11:47,14045.0,AI5IN,38,38,W6YX
19:11:47,14045.0,AI5IN,36,27,ND7K
19:11:47,14045.8,N4OI,31,17,KM3T-5
19:11:47,14045.8,N4OI,30,4,ND7K
19:11:48,14015.2,UA6HNU,29,7,DL1HWS-4
19:11:48,14024.4,K1DW,34,9,DL1HWS
19:11:48,14024.4,K1DW,33,3,DK0KK
19:11:48,14027.4,N8KH,37,31,KD7EFG
19:11:48,14027.8,W8FN,39,7,DL1HWS-4
19:11:48,14034.4,KG9X,39,11,AK6RI-1
19:11:48,14035.8,KX2P,28,13,KD7EFG
19:11:48,14045.0,AI5IN,37,25,K7CO
19:11:49,14026.3,WG3J,43,23,K9LC
19:11:49,14026.4,WG3J,42,20,WA7LNW
19:11:49,14029.6,KH7X,38,21,K9LC
19:11:49,14036.0,EA4RKC,18,4,DO4DXA
19:11:49,14045.8,N4OI,31,10,N2YCH
19:11:50,14026.2,WG3J,42,20,VE4DRK
19:11:50,14030.4,AD4EB,36,10,NG7M
19:11:50,14034.4,KG9X,37,13,WT8P
19:11:50,14041.5,K0RX,33,5,W2MV
19:11:50,14045.0,AI5IN,38,20,NG7M
19:11:51,14023.0,G3ZXZ,19,22,ZF9CW
19:11:51,14029.6,KH7X,39,21,VE6AO
19:11:51,14045.8,N4OI,31,16,KM3T-3
19:11:52,14026.4,WG3J,42,27,K3PA-1
19:11:52,14034.9,N7NR,35,19,N2EPE
19:11:52,14035.4,N3OC,37,41,K9IMM
19:11:52,14035.5,N3OC,41,15,N6TV
19:11:52,14035.5,N3OC,40,26,K3PA-1
19:11:52,14045.0,AI5IN,37,12,DK9IP-1
19:11:52,14045.8,N4OI,31,18,K9IMM
19:11:53,14035.5,N3OC,40,14,K5EM
19:11:54,14026.2,NJ3K,42,20,AC0C-1
19:11:54,14028.1,W8XAL,34,15,ZL4YL
19:11:54,14028.1,W8XAL,35,7,IT9GSF
19:11:54,14034.4,KG9X,37,6,ZL4YL
19:11:54,14035.4,N3OC,39,30,AC0C-1
19:11:54,14035.4,N3OC,40,16,IT9GSF
19:11:54,14043.2,K5UV,38,17,ZL4YL
19:11:54,14045.8,N4OI,31,15,AC0C-1
19:11:55,14023.0,G3ZXZ,19,19,BD8CS
19:11:55,14023.0,G3ZXZ,19,16,LZ5DI
19:11:55,14029.6,KH7X,40,15,VE6WZ
19:11:55,14035.5,N3OC,41,7,DL8LAS-3
19:11:56,14023.0,G3ZXZ,19,5,KM3T-2
19:11:56,14023.1,G3ZXZ,19,12,BG7IEJ
19:11:56,14026.5,WG3J,42,17,DL5RCN
19:11:56,14028.1,W8XAL,34,12,KM3T-2
19:11:56,14029.6,KH7X,38,22,W1NT-2
19:11:56,14035.4,N3OC,37,9,K1RA-4
19:11:56,14035.5,N3OC,41,7,DL8LAS
19:11:56,14036.0,EA4RKC,20,14,DL8LAS
19:11:56,14036.0,EA4RKC,20,26,DL8LAS-1
19:11:57,14023.0,G3ZXZ,19,15,RU9CZD
19:11:57,14026.4,WG3J,43,19,K4PP
19:11:57,14042.4,K1RV,32,7,AA4PA
19:11:58,14024.4,K1DW,33,8,IK4VET
19:11:58,14026.4,WG3J,42,19,W6YX
19:11:58,14028.1,W8XAL,34,14,KM3T-5
19:11:58,14029.6,KH7X,38,17,WC2L
19:11:58,14029.7,KH7X,39,12,W8WTS
19:11:58,14034.4,KG9X,38,22,K7CO
19:11:58,14036.1,EA4RKC,20,21,IK4VET
19:11:58,14040.2,N1DC,31,4,W6YX
19:11:59,14024.4,K1DW,34,8,N2YCH
19:11:59,14026.3,WG3J,40,12,K5TR
19:11:59,14028.1,W8XAL,35,10,K7EK
19:11:59,14029.6,KH7X,37,45,KD7EFG
19:11:59,14029.7,KH7X,40,15,N2YCH
19:11:59,14033.0,WJ9B,37,5,K9LC
19:11:59,14034.4,KG9X,38,30,KD7EFG
19:11:59,14036.0,EA4RKC,20,7,OE9GHV
19:11:59,14038.0,E70T,35,13,K7EK
19:12:00,14023.0,G3ZXZ,19,25,RK3TD
19:12:00,14033.0,WJ9B,36,7,K6FOD
19:12:00,14036.0,EA4RKC,20,14,SM7IUN
19:12:00,14038.0,E70T,35,25,M1GEO
19:12:00,14039.0,W7SW,24,9,W2MV
19:12:01,14023.2,AB5SE,33,5,WT8P
19:12:01,14035.5,N3OC,39,26,ZF9CW
19:12:01,14044.9,AI5IN,38,13,VE4DRK
19:12:02,14023.2,AB5SE,32,5,N6TV
19:12:02,14028.1,W8XAL,36,13,KM3T-3
19:12:02,14033.0,WJ9B,35,6,KM3T-3
19:12:02,14036.0,EA4RKC,20,20,HA2NA
19:12:03,14027.8,W8FN,39,19,K3PA-1
19:12:03,14032.7,N4BP,31,13,EI4HQ
19:12:03,14033.0,WJ9B,36,9,KC4YVA
19:12:03,14035.4,N3OC,41,5,DR4W
19:12:03,14035.9,EA4RKC,20,24,OK1HRA
19:12:03,14035.9,EA4RKC,20,25,DR4W
19:12:03,14036.0,EA4RKC,20,8,DP5G
19:12:03,14052.5,W4LOO,23,16,K3PA-1
19:12:04,14032.1,N3RD,44,33,AC0C-1
19:12:04,14036.0,EA4RKC,19,20,DL1HWS-3
19:12:04,14036.1,EA4RKC,20,13,HG8A
19:12:04,14038.0,E70T,35,13,NU4F
19:12:05,14029.2,W2RQ,41,17,OH6BG
19:12:05,14033.0,WJ9B,35,8,ZL4YL
19:12:05,14036.0,EA4RKC,20,28,IT9GSF
19:12:06,14026.3,WG3J,43,28,VE6WZ
19:12:06,14033.0,WJ9B,35,5,KM3T-2
19:12:06,14035.8,KX2P,28,2,KM3T-2
19:12:06,14036.0,EA4RKC,20,22,OK1FCJ
19:12:06,14045.0,AI5IN,35,17,VE6WZ
19:12:07,14033.0,WJ9B,37,6,WX7V/5
19:12:07,14049.6,AH7RF,31,4,WX7V/5
19:12:08,14026.2,NJ3K,43,24,ND7K
19:12:08,14026.2,NJ3K,43,24,TI7W
19:12:08,14026.3,WG3J,42,21,AA4PA
19:12:08,14032.5,KO4VW,36,4,W2NAF
19:12:08,14033.0,WJ9B,34,11,KM3T-5
19:12:08,14035.0,EA5M,36,27,RK3TD-2
19:12:08,14036.0,EA4RKC,18,17,DL1HWS
19:12:08,14045.4,N5NA,32,14,IK4VET
19:12:08,14045.8,N4OI,30,12,TI7W
19:12:09,14015.2,UA6HNU,31,9,DO4DXA
19:12:09,14022.9,G3ZXZ,19,8,K5TR
19:12:09,14024.9,W8FJ,44,29,K9LC
19:12:09,14026.4,WG3J,42,28,K7CO
19:12:09,14036.0,EA4RKC,18,14,DL1HWS-4
19:12:09,14036.0,EA4RKC,19,15,SE5E
19:12:09,14039.3,K7RL,40,8,K7EK
19:12:09,14045.8,N4OI,31,17,K7CO
19:12:09,14052.5,W4LOO,24,10,WC2L
19:12:09,14060.0,N2UHC,17,12,WE9V
19:12:09,14060.1,N2UHC,18,6,K7EK
19:12:10,14026.2,NJ3K,42,16,WA7LNW
19:12:10,14031.0,K3WW,39,6,KD2M
19:12:10,14032.5,KO4VW,37,15,K6FOD
19:12:10,14035.4,N3OC,37,43,KD7EFG
19:12:10,14037.1,DL1NKB,26,20,RK3TD
19:12:11,14026.3,WG3J,41,18,NG7M
19:12:11,14037.6,N4HAI,32,9,W2NNN
19:12:11,14039.5,W8CAA,39,11,VE4DRK
19:12:11,14052.5,W4LOO,25,8,W3RGA
19:12:11,14052.6,W4LOO,24,12,W2NNN
19:12:12,14026.3,WG3J,43,28,VE6WZ-3
19:12:12,14032.5,KO4VW,36,9,S53A
19:12:12,14045.7,N4OI,30,18,VE6WZ-3
19:12:13,14015.2,UA6HNU,31,6,DC8YZ
19:12:13,14026.2,NJ3K,43,18,K3PA-1
19:12:13,14026.6,W1WEF,38,11,N6TV
19:12:13,14031.0,K3WW,39,14,EI4HQ
19:12:13,14032.5,KO4VW,38,11,N6TV
19:12:13,14035.6,VE3KIU,29,3,K5EM
19:12:15,14015.3,UA6HNU,29,15,DL8LAS-3
19:12:15,14026.3,WG3J,42,26,AC0C-1
19:12:15,14026.6,W1WEF,37,42,N9CO
19:12:15,14033.3,KR2Q,37,18,ZL4YL
19:12:15,14035.2,VE3JM,38,11,IT9GSF
19:12:15,14035.6,VE3KIU,29,3,DL8LAS-3
19:12:15,14045.3,N5NA,32,31,AC0C-1
19:12:16,14015.2,UA6HNU,30,15,S50U
19:12:16,14015.3,UA6HNU,29,15,DL8LAS
19:12:16,14015.4,UA6HNU,30,18,DL5RCN
19:12:16,14024.4,K1DW,33,16,W1NT-2
19:12:16,14028.8,SN5N,33,11,S50U
19:12:16,14030.4,EA6BF,38,44,DL8LAS
19:12:16,14035.6,VE3KIU,29,3,DL8LAS
19:12:16,14045.7,N4OI,30,18,VE6WZ
19:12:17,14030.4,EA6BF,38,44,DL8LAS-1
19:12:17,14040.5,NE5A,30,31,WX7V/5
19:12:17,14045.0,AI5IN,37,28,KM3T-2
19:12:17,14045.0,AI5IN,37,26,K1RA-4
19:12:17,14045.0,AI5IN,37,30,K4PP
19:12:18,14023.1,AB5SE,31,14,TI7W
19:12:18,14031.2,VE3NZ,32,6,DL1HWS
19:12:18,14045.0,AI5IN,37,10,AK6RI-1
19:12:19,14024.0,W4CMG,33,21,WE9V
19:12:19,14024.4,K1MW,33,5,OE9GHV
19:12:19,14025.3,TK4TZ,38,10,WC2L
19:12:19,14035.0,EA5M,34,5,UT5R
19:12:19,14045.0,AI5IN,38,5,WS3W
19:12:19,14045.3,N5NA,32,19,K7CO
19:12:20,14015.3,UA6HNU,30,6,DM5GG
19:12:20,14024.1,W4CMG,34,7,N2YCH
19:12:20,14031.4,K5SJC,32,37,WA7LNW
19:12:20,14032.5,KO4VW,37,38,WA7LNW
19:12:20,14033.2,KR2Q,38,29,K9LC
19:12:20,14033.2,KR2Q,37,33,K5TR
19:12:20,14045.0,AI5IN,37,12,M1GEO
19:12:20,14045.0,AI5IN,37,26,WA7LNW
19:12:20,14045.1,AI5IN,36,17,N2YCH
19:12:21,14023.0,G3ZXZ,19,9,VU2TUM
19:12:21,14024.0,W4CMG,34,9,W3RGA
19:12:21,14031.4,K5SJC,33,14,NG7M
19:12:21,14032.2,N3RD,43,6,GI4DOH
19:12:21,14033.3,KR2Q,36,9,KD2M
19:12:21,14033.3,KR2Q,37,7,WT8P
19:12:21,14037.9,KD2FSH,34,26,NG7M
19:12:21,14045.0,AI5IN,36,27,W3RGA
19:12:21,14045.0,AI5IN,37,23,K6FOD
19:12:21,14045.1,AI5IN,36,24,W2NNN
19:12:21,14045.3,N5NA,32,14,NG7M
19:12:21,14045.4,N5NA,32,22,W2NNN
19:12:21,14049.6,AH7RF,30,9,KD7EFG
19:12:22,14026.4,WG3J,38,33,ZF9CW
19:12:22,14033.2,KR2Q,36,5,VE6AO
19:12:22,14045.0,AI5IN,36,39,ZF9CW
19:12:22,14045.0,AI5IN,37,18,S53A
19:12:22,14045.0,AI5IN,37,7,G4ZFE
19:12:22,14045.0,AI5IN,37,28,VE6AO
19:12:23,14023.0,G3ZXZ,19,16,R4NCU
19:12:23,14024.0,W4CMG,36,9,N2EPE
19:12:23,14024.0,W4CMG,32,30,K9IMM
19:12:23,14024.9,W8FJ,46,33,K3PA-1
19:12:23,14025.6,VB7FCWT,30,15,W8WWV
19:12:23,14032.2,N3RD,41,17,K3PA-1
19:12:23,14045.3,N5NA,34,9,DK0TE
19:12:24,14035.4,N3OC,42,10,EI4HQ
19:12:24,14036.0,EA4RKC,20,5,EI4HQ
19:12:24,14045.0,AI5IN,38,9,DK9IP
19:12:24,14045.0,AI5IN,38,11,KH6LC
19:12:24,14053.1,N7QD,15,12,K5EM
19:12:25,14029.6,KH7X,39,30,AC0C-1
19:12:25,14035.0,EA5M,38,42,IT9GSF
19:12:25,14037.6,N4HAI,31,9,NU4F
19:12:25,14040.0,KC9IL,32,17,N9CO
19:12:25,14045.0,AI5IN,38,33,N9CO
19:12:26,14005.5,OE5CSP,21,11,BD8CS
19:12:26,14037.0,DL1NKB,26,12,BD8CS
19:12:27,14028.9,WA3AAN,34,13,VE6WZ
19:12:27,14029.6,KH7X,40,23,K1RA-4
19:12:27,14032.2,N3RD,43,11,DL8LAS
19:12:27,14032.2,N3RD,43,11,DL8LAS-1
19:12:28,14026.2,NJ3K,42,12,AA4PA
19:12:28,14029.6,KH7X,39,18,K4PP
19:12:28,14029.6,KH7X,39,22,W6YX
19:12:28,14045.0,AI5IN,37,9,DL1HWS
19:12:28,14045.0,AI5IN,35,6,W2NAF
19:12:28,14045.8,N4OI,30,12,AA4PA
19:12:29,14005.5,OE5CSP,22,29,RK3TD-2
19:12:29,14029.6,KH7X,39,28,WE9V
19:12:29,14030.0,N7US,37,24,KM3T-5
19:12:29,14031.7,N6NT,36,13,SE5E
19:12:29,14032.5,KO4VW,38,11,WC2L
19:12:29,14037.1,DL1NKB,26,20,RK3TD-2
19:12:29,14045.0,AI5IN,36,21,TI7W
19:12:29,14050.9,KE2BVB,21,8,WE9V
19:12:30,14025.6,VB7FCWT,31,24,K5TR
19:12:30,14034.1,VE5UO,34,11,N2YCH
19:12:31,14005.5,OE5CSP,21,25,RK3TD
19:12:31,14034.1,VE5UO,30,34,KD7EFG
19:12:31,14037.6,N4HAI,31,12,KD7EFG
19:12:31,14045.0,AI5IN,37,40,KD7EFG
19:12:31,14045.0,AI5IN,39,5,GI4DOH
19:12:31,14045.8,N4OI,30,21,KD7EFG
19:12:31,14053.0,N7QD,14,14,WA7LNW
19:12:32,14026.1,NJ3K,40,25,ZF9CW
19:12:32,14030.0,N7US,37,24,KM3T-3
19:12:32,14031.2,VE3NZ,31,7,K6FOD
19:12:32,14032.5,HA7I,35,37,EA5WU
19:12:33,14028.9,WA3AAN,34,13,VE6WZ-3
19:12:33,14032.5,HA7I,35,23,R4NCU
19:12:33,14040.5,NE5A,31,15,WT9U
19:12:33,14045.0,AI5IN,38,11,WT9U
19:12:34,14030.3,EA6BF,40,27,DR4W
19:12:34,14031.7,N6NT,32,37,W8WWV
19:12:34,14032.1,N3JT,34,43,K9IMM
19:12:34,14035.0,EA5M,36,40,DR4W
19:12:34,14037.0,DL1NKB,26,8,DR4W
19:12:34,14037.1,DL1NKB,26,10,LZ4AE
19:12:34,14037.1,DL1NKB,25,10,LZ4AE
19:12:34,14045.3,N5NA,32,4,EI4HQ
19:12:35,14035.0,EA5M,37,15,DM6EE
19:12:36,14023.1,AB5SE,34,34,AC0C-1
19:12:36,14031.0,W5LXS,35,30,AC0C-1
19:12:36,14032.5,HA7I,36,16,BD8CS
19:12:36,14032.7,N4TIP,29,33,IT9GSF
19:12:37,14035.0,EA5M,37,10,KM3T-2
19:12:38,14032.5,HA7I,36,25,K1RA-4
19:12:38,14032.6,HA7I,36,12,BG7IEJ
19:12:39,14027.7,W8FN,39,9,PI4CC
19:12:39,14027.8,W8FN,40,5,W6YX
19:12:40,14032.5,HA7I,36,15,EA2RCF-4
19:12:40,14045.0,AI5IN,38,22,WC2L
19:12:41,14035.9,N6CHU,28,45,KD7EFG
19:12:41,14042.4,K1RV,32,6,WA7LNW
19:12:41,14045.0,TI5IN,38,8,K5TR
19:12:43,14027.8,W8FN,39,11,DF7GB
19:12:43,14028.1,W8XAL,35,12,VE6AO
19:12:43,14037.1,DL1NKB,26,2,LZ7AA
19:12:43,14040.2,N1DC,32,15,ZF9CW
19:12:43,14045.0,AI5IN,36,7,VE6WZ-3
19:12:44,14025.6,VB7F,31,15,W8WWV
19:12:44,14026.7,W1WEF,38,16,K5EM
19:12:44,14032.5,KO4KW,39,39,K3PA-1
19:12:44,14036.2,W5TM,35,17,K3PA-1
19:12:44,14037.0,DL1NKB,26,9,R4NCU
19:12:44,14043.2,K5UV,37,34,K3PA-1
19:12:45,14032.7,N4BP,30,12,N7VVX
19:12:45,14045.0,AI5IT,39,4,N7VVX
19:12:46,14026.1,NJ3K,44,8,ZL4YL
19:12:46,14039.6,W8CAR,36,37,AC0C-1
19:12:47,14045.0,AI5IN,36,7,VE6WZ
19:12:47,14045.8,N4OI,31,13,W1NT-6
19:12:48,14026.1,NJ3K,42,7,K4PP
19:12:48,14035.5,N3OC,40,33,WX7V/5
19:12:49,14025.3,TK4TZ,37,29,AA4PA
19:12:49,14026.1,NJ3K,43,8,W6YX
19:12:49,14033.3,KR2Q,37,7,IK4VET
19:12:49,14040.2,N1DC,32,8,ND7K
19:12:50,14024.0,W4CMG,36,14,TI7W
19:12:50,14040.0,KC9IL,29,9,K7CO
19:12:50,14041.6,K0RX,33,27,K7CO
19:12:51,14043.5,NK2Y,29,3,K9LC
19:12:51,14045.3,N5NA,31,8,W2MV
19:12:52,14027.4,N8KH,37,16,S53A
19:12:52,14027.9,ZA1EM,31,20,DK3WW
19:12:52,14031.4,K5SJC,33,4,W3RGA
19:12:52,14035.4,VE3KIU,29,14,VE4DRK
19:12:52,14045.0,AI5IN,35,10,DK3WW
19:12:52,14046.1,AD8J,30,6,S53A
19:12:53,14027.7,W8FN,40,22,OK1HRA
19:12:53,14030.4,EA6BF,39,18,LZ7AA
19:12:53,14037.9,K6RB,34,16,KM3T-3
19:12:54,14029.6,KH7X,40,25,K3PA-1
19:12:54,14030.5,AD4EB,37,11,N6TV
19:12:54,14040.5,NE5A,30,4,N6TV
19:12:54,14041.6,K0RX,32,18,K9IMM
19:12:54,14042.3,K1RV,31,4,K3PA-1
19:12:55,14037.9,K6RB,34,24,N7VVX
19:12:55,14045.0,AI5IN,37,4,N7VVX
19:12:55,14045.3,N5NA,33,3,KH6LC
19:12:56,14024.0,W4CMG,35,5,IT9GSF
19:12:56,14026.3,WG3J,42,23,IT9GSF
19:12:56,14037.9,K6RB,34,28,N9CO
19:12:56,14043.2,K5UV,38,22,AC0C-1
19:12:57,14024.0,W4CMG,34,12,KM3T-2
19:12:57,14027.8,W8FN,38,6,IK7YTT
19:12:57,14037.9,K6RB,34,19,ZL4YL
19:12:57,14037.9,K6RB,34,15,KM3T-2
19:12:57,14045.3,N5NA,32,19,ZL4YL
19:12:58,14037.9,K6RB,31,38,WX7V/5
19:12:58,14037.9,K6RB,34,31,K1RA-4
19:12:59,14029.6,KH7X,40,15,AA4PA
19:12:59,14045.4,N5NA,33,7,W2NAF
19:13:00,14023.1,AB5SE,34,13,ND7K
19:13:00,14040.2,K9CW,32,6,W6YX
19:13:00,14058.0,W7BTR,21,19,ND7K
19:13:01,14035.9,N6CHU,27,18,K9LC
19:13:02,14025.3,TK4TZ,39,15,W2NNN
19:13:02,14032.3,KO4VW,39,8,VE4DRK
19:13:02,14032.5,HA7I,35,15,ES2RR
19:13:02,14037.9,K6RB,35,22,W3RGA
19:13:02,14037.9,K6RB,35,25,WB6BEE
19:13:02,14043.2,K5UV,36,26,WT8P
19:13:03,14039.3,K7RL,40,24,K6FOD
19:13:03,14040.5,NE5A,31,3,K6FOD
19:13:03,14041.3,N5RZ,39,10,DF7GB
19:13:03,14041.3,N5RZ,39,39,ZF9CW
19:13:03,14045.3,N5NA,31,5,K6FOD
19:13:04,14024.0,W4CMG,33,12,KM3T-3
19:13:04,14027.7,W8FN,39,7,VE6AO
19:13:04,14027.8,ZA1EM,31,17,DR4W
19:13:04,14032.2,N3RD,44,10,EI4HQ
19:13:04,14037.9,K6RB,35,11,N2EPE
19:13:04,14045.0,AI5IN,37,28,KM3T-3
19:13:05,14025.3,K4TZ,39,22,K3PA-1
19:13:05,14026.1,NJ3K,37,25,K9IMM
19:13:05,14039.2,K7RL,38,28,K3PA-1
19:13:05,14045.0,AI5IN,34,17,N6TV
19:13:05,14045.3,N5NA,32,3,MM0ZBH
19:13:05,14046.5,F6HKA,32,26,W8WWV
19:13:05,14046.6,F6HKA,32,10,HG8A
19:13:05,14058.0,W7BTR,20,4,N6TV
19:13:06,14041.3,N5RZ,41,9,KH6LC
19:13:06,14046.5,F6HKA,32,35,OH6BG
19:13:06,14046.5,F6HKA,32,46,IT9GSF
19:13:06,14058.0,N2ETH,19,11,N9CO
19:13:07,14041.3,N5RZ,40,32,AC0C-1
19:13:07,14041.3,N5RZ,40,25,W1NT-2
19:13:07,14045.0,AI5IN,34,38,W1NT-2
19:13:07,14046.5,F6HKA,32,24,W1NT-6
19:13:08,14035.0,EA5M,36,17,ZL4YL
19:13:08,14046.5,F6HKA,31,20,KM3T-2
19:13:09,14033.0,WJ9B,36,17,AA4PA
19:13:09,14033.0,WJ9B,36,5,AK6RI-1
19:13:09,14041.3,N5RZ,40,13,DK0KK
19:13:09,14043.9,K1SM,31,13,AA4PA
19:13:09,14046.5,F6HKA,32,15,WX7V/5
19:13:09,14046.5,F6HKA,32,8,K1RA-4
19:13:10,14030.4,EA6BF,39,23,RK3TD-2
19:13:10,14043.9,K1SM,32,5,W6YX
19:13:11,14041.3,N5RZ,40,12,N2YCH
19:13:11,14041.3,N5RZ,40,12,K7CO
19:13:11,14043.9,K1SM,31,29,TI7W
19:13:11,14043.9,K1SM,32,10,K7CO
19:13:11,14046.5,F6HKA,31,20,TI7W
19:13:12,14024.0,W4CMG,36,14,WA7LNW
19:13:12,14026.1,NJ3K,43,19,KD7EFG
19:13:12,14036.0,N6CHU,28,13,W2NNN
19:13:12,14037.9,K6RB,36,44,KD7EFG
19:13:12,14037.9,K6RB,34,17,W2NNN
19:13:12,14039.3,K7RL,36,33,WA7LNW
19:13:12,14041.3,N5RZ,40,7,VE7CC
19:13:12,14041.3,N5RZ,40,7,VE7CC
19:13:12,14041.3,N5RZ,39,17,NG7M
19:13:12,14043.9,K1SM,32,8,K9LC
19:13:12,14043.9,K1SM,32,28,K5TR
19:13:12,14045.3,N5NA,32,19,KD7EFG
19:13:12,14046.6,F6HKA,32,14,W2NNN
19:13:13,14037.7,K6RB,34,10,VE4DRK
19:13:13,14038.0,E70T,33,32,DF7GB
19:13:13,14041.3,N5RZ,41,27,K6FOD
19:13:13,14046.1,AD8J,30,8,WB6BEE
19:13:13,14046.5,F6HKA,32,13,WB6BEE
19:13:13,14046.5,F6HKA,32,17,LZ7AA
19:13:14,14030.9,KX2P,27,17,ZF9CW
19:13:14,14037.9,K6RB,35,12,VE6AO
19:13:14,14039.0,W7SW,23,13,VE6WZ-3
19:13:14,14039.6,W8CAR,39,21,ZF9CW
19:13:14,14043.9,K1SM,32,32,ZF9CW
19:13:14,14043.9,K1SM,32,9,VE6WZ-3
19:13:14,14046.5,F6HKA,32,21,ZF9CW
19:13:14,14046.5,F6HKA,31,11,LZ3CB
19:13:14,14046.5,F6HKA,33,31,LZ4AE
19:13:14,14046.5,F6HKA,31,31,LZ4AE
19:13:15,14032.5,HA7I,36,4,SZ1A
19:13:15,14037.0,K0SN,36,28,W8WWV
19:13:15,14040.2,N1TEC,32,28,K3PA-1
19:13:15,14043.9,K1SM,32,6,DL1HWS-3
19:13:15,14043.9,K1SM,33,12,G0KTN
19:13:15,14043.9,K1SM,32,29,W8WWV
19:13:15,14043.9,K1SM,32,25,K9IMM
19:13:16,14026.1,NJ3K,44,20,N9CO
19:13:16,14026.1,NJ3K,43,5,NU4F
19:13:16,14030.9,KX2P,27,4,N4HAC
19:13:16,14036.0,EA4RKC,20,25,DL8LAS-3
19:13:16,14043.9,K1SM,33,12,MM0ZBH
19:13:16,14043.9,K1SM,33,8,MM9PSY
19:13:16,14043.9,K1SM,32,21,N9CO
19:13:16,14043.9,K1SM,32,14,NU4F
19:13:16,14044.0,K1SM,32,8,DL8LAS-3
19:13:16,14046.5,F6HKA,31,19,N9CO
19:13:17,14005.5,OE5CSP,21,3,W1NT-2
19:13:17,14030.9,KX2P,28,19,AC0C-1
19:13:17,14030.9,KX2P,27,3,W1NT-2
19:13:17,14037.6,N4HAI,31,18,AC0C-1
19:13:17,14041.3,N5RZ,40,23,IT9GSF
19:13:17,14043.9,K1SM,32,21,IT9GSF
19:13:17,14043.9,K1SM,31,16,AC0C-1
19:13:17,14043.9,K1SM,31,14,W1NT-2
19:13:17,14044.1,K1SM,32,6,DL5RCN
19:13:17,14046.5,F6HKA,32,13,LZ5DI
19:13:17,14046.5,F6HKA,31,12,BD8CS
19:13:17,14046.5,F6HKA,32,25,W1NT-2
19:13:17,14046.6,F6HKA,31,10,LZ5DI
19:13:18,14005.5,OE5CSP,21,6,W1NT-6
19:13:18,14032.5,HA7I,36,11,IK7YTT
19:13:18,14035.9,N6CHU,28,13,ZL4YL
19:13:18,14039.0,W7SW,23,13,VE6WZ
19:13:18,14043.9,K1SM,31,5,IK3STG
19:13:18,14043.9,K1SM,32,9,VE6WZ
19:13:18,14044.0,K1SM,32,8,DL8LAS
19:13:19,14029.3,W2RQ,43,15,K4PP
19:13:19,14030.9,KX2P,28,10,K1RA-4
19:13:19,14040.9,VE9KK,33,9,WX7V/5
19:13:19,14041.3,N5RZ,39,23,K1RA-4
19:13:19,14041.6,K0RX,34,8,W2NAF
19:13:19,14043.9,K1SM,32,13,S53WW
19:13:19,14043.9,K1SM,32,28,WX7V/5
19:13:19,14043.9,K1SM,32,7,W8WTS
19:13:19,14044.0,K1SM,32,19,IK4VET
19:13:19,14045.0,AI5IN,37,8,S53WW
19:13:19,14046.5,F6HKA,31,8,LZ4UX
19:13:20,14027.9,ZA1EM,32,6,DO4DXA
19:13:20,14029.3,W2RQ,43,24,AA4PA
19:13:20,14043.9,K1SM,32,8,DL1HWS-4
19:13:20,14046.5,F6HKA,31,6,YO5LD
19:13:20,14046.5,F6HKA,32,22,KM3T-5
19:13:20,14046.5,F6HKA,30,10,UT5R
19:13:21,14024.9,VB7F,30,45,WE9V
19:13:21,14027.4,N8KH,37,13,ND7K
19:13:21,14028.1,W8XAL,35,5,KD2M
19:13:21,14029.3,W2RQ,42,18,W6YX
19:13:21,14029.3,W2RQ,42,22,TI7W
19:13:21,14030.9,KX2P,28,9,W6YX
19:13:21,14030.9,KX2P,28,8,K7CO
19:13:21,14043.9,K1SM,32,10,ND7K
19:13:21,14043.9,K1SM,31,9,WE9V
19:13:21,14049.6,AH7RF,30,18,W6YX
19:13:21,14051.0,KD9UDV,26,3,TI7W
19:13:21,14053.0,N7QD,14,4,WE9V
19:13:22,14030.8,KX2P,27,13,K9LC
19:13:22,14030.9,KX2P,27,21,K5TR
19:13:22,14032.1,N3RD,43,29,K9LC
19:13:22,14036.0,EA4RKC,20,12,RK3TD
19:13:22,14046.5,F6HKA,31,9,W3RGA
19:13:22,14046.5,F6HKA,32,14,K5TR
19:13:23,14029.3,W2RQ,43,25,WA7LNW
19:13:23,14030.9,KX2P,28,13,WA7LNW
19:13:23,14030.9,KX2P,27,15,WB6BEE
19:13:23,14031.0,K3WW,40,8,HA2NA
19:13:23,14042.5,W7JET,36,27,NG7M
19:13:23,14043.9,K1SM,32,19,WA7LNW
19:13:23,14043.9,K1SM,31,33,S53A
19:13:23,14052.5,W4LOO,24,8,WT8P
19:13:24,14029.3,W2RQ,42,9,K6FOD
19:13:24,14029.3,W2RQ,43,11,EI4HQ
19:13:24,14030.9,KX2P,27,7,K6FOD
19:13:24,14032.2,N3RD,44,27,ZF9CW
19:13:24,14042.6,W7JET,38,26,ZF9CW
19:13:24,14043.9,K1SM,32,13,EI4HQ
19:13:24,14046.5,F6HKA,31,21,KM3T-3
19:13:25,14027.8,W8FN,39,6,DK9IP
19:13:25,14030.8,KX2P,27,9,W8WWV
19:13:25,14030.9,KX2P,28,13,K3PA-1
19:13:25,14032.8,N4BP,32,9,K5EM
19:13:25,14035.2,VE3JM,37,3,VE6AO
19:13:25,14036.0,N6CHU,26,12,KC4YVA
19:13:25,14040.2,N1DC,32,6,K5EM
19:13:25,14043.9,K1SM,32,11,K3PA-1
19:13:25,14045.8,N4OI,30,9,K3PA-1
19:13:25,14052.5,W4LOO,24,10,VE6AO
19:13:26,14027.9,ZA1EM,32,28,MM0ZBH
19:13:26,14030.9,KX2P,28,9,K9IMM
19:13:26,14032.2,N3RD,44,20,DL8LAS-3
19:13:26,14042.6,W7JET,37,12,N6TV
19:13:26,14043.9,K1SM,32,7,N6TV
19:13:26,14046.5,F6HKA,30,14,N4HAC
19:13:27,14030.9,KX2P,27,13,N9CO
19:13:27,14031.0,K3WW,40,26,IT9GSF
19:13:27,14032.0,KA1EFO,26,17,N9CO
19:13:27,14032.5,HA7I,35,7,S50U
19:13:27,14040.9,VE9KK,35,16,N9CO
19:13:27,14042.0,K1TR,37,8,NU4F
19:13:28,14029.3,W2RQ,42,26,AC0C-1
19:13:28,14032.7,N4BP,31,34,AC0C-1
19:13:28,14039.6,W8CAR,39,7,W1NT-2
19:13:28,14042.5,W7JET,37,28,AC0C-1
19:13:28,14042.6,W7JET,38,20,W1NT-2
19:13:29,14029.0,WA3AAN,32,8,IK4VET
19:13:29,14029.3,W2RQ,43,7,VE6WZ
19:13:29,14029.3,W2RQ,43,15,IK4VET
19:13:29,14031.1,K3WW,39,16,IK4VET
19:13:29,14032.2,N3RD,41,24,K4PP
19:13:29,14042.6,W7JET,39,11,ZL4YL
19:13:29,14042.6,W7JET,39,32,WX7V/5
19:13:30,14029.3,W2RQ,43,7,DK0KK
19:13:30,14031.0,K3WW,38,7,AK6RI-1
19:13:30,14031.0,K3WW,39,32,AA4PA
19:13:30,14035.5,N3OC,39,6,PE5TT
19:13:30,14038.0,E70T,36,11,UT5R
19:13:30,14042.6,W7JET,39,24,AA4PA
19:13:30,14045.0,AI5IN,37,27,KM3T-5
19:13:30,14046.1,AD8J,29,10,DK0KK
19:13:31,14029.3,W2RQ,43,23,ND7K
19:13:31,14031.0,K3WW,39,25,W6YX
19:13:31,14037.9,K6RB,35,14,N2YCH
19:13:31,14039.3,K7RL,38,41,W6YX
19:13:31,14046.1,AD8J,29,7,W2MV
19:13:32,14024.9,W8FJ,42,11,KD2M
19:13:32,14029.2,W2RQ,43,26,K9LC
19:13:32,14037.1,K0SN,35,10,K9LC
19:13:32,14040.2,N1DC,33,2,K9LC
19:13:32,14042.5,W7JET,39,10,K9LC
19:13:32,14042.6,W7JET,37,19,TI7W
19:13:32,14042.6,W7JET,39,10,VE7CC
19:13:32,14042.6,W7JET,39,10,VE7CC
19:13:32,14058.0,W7BTR,20,4,K7CO
19:13:33,14029.2,W2RQ,43,31,K5TR
19:13:33,14031.0,K3WW,39,29,K5TR
19:13:33,14031.0,K3WW,38,21,S53A
19:13:33,14032.5,HA7I,37,30,WB6BEE
19:13:33,14037.1,K0SN,37,36,WA7LNW
19:13:33,14037.9,K6RB,34,7,WT8P
19:13:33,14042.5,W7JET,37,27,WB6BEE
19:13:34,14023.2,AB5SE,33,7,K6FOD
19:13:34,14028.9,WA3AAN,31,11,OK1HRA
19:13:34,14042.5,W7JET,38,9,K6FOD
19:13:35,14013.8,4Z5PF,27,14,HB9BXE
19:13:35,14024.4,K1DW,34,14,ZF9CW
19:13:35,14024.8,W8FJ,42,23,VE6WZ-3
19:13:35,14024.9,W8FJ,43,24,ZF9CW
19:13:35,14029.3,W2RQ,44,29,ZF9CW
19:13:35,14030.0,N7US,37,21,VE6AO
19:13:35,14031.2,VE3NZ,32,3,VE6AO
19:13:35,14032.5,HA7I,36,8,EI4HQ
19:13:35,14035.4,N3OC,40,18,VE6WZ-3
19:13:35,14037.1,K0SN,37,24,ZF9CW
19:13:35,14046.5,F6HKA,30,15,N2EPE
19:13:36,14013.8,4Z5PF,28,16,MM0ZBH
19:13:36,14013.8,4Z5PF,28,8,MM9PSY
19:13:36,14024.9,W8FJ,41,13,N7VVX
19:13:36,14029.3,W2RQ,43,28,K3PA-1
19:13:36,14029.3,W2RQ,44,11,N6TV
19:13:36,14030.0,N7US,36,3,N7TUG
19:13:36,14033.0,WJ9B,36,14,N6TV
19:13:36,14035.2,VE3JM,38,7,K5EM
19:13:36,14035.4,N3OC,40,8,N7VVX
19:13:36,14037.1,K0SN,37,28,K9IMM
19:13:36,14037.8,K6RB,34,27,W8WWV
19:13:36,14037.9,K6RB,33,13,K5EM
19:13:36,14037.9,K6RB,35,24,K9IMM
19:13:36,14042.6,W7JET,38,13,K5EM
19:13:37,14013.8,4Z5PF,27,7,UY2RA
19:13:37,14013.8,4Z5PF,27,18,IT9GSF
19:13:37,14013.8,4Z5PF,27,23,S50U
19:13:37,14014.0,4Z5PF,28,23,DL5RCN
19:13:37,14029.3,W2RQ,42,15,NU4F
19:13:37,14030.0,N7US,37,34,N9CO
19:13:37,14037.9,K6RB,35,5,NU4F
19:13:37,14052.5,W4LOO,25,6,N4HAC
19:13:38,14013.8,4Z5PF,27,16,HA8TKS
19:13:38,14033.3,KR2Q,35,30,AC0C-1
19:13:38,14037.8,K6RB,33,36,AC0C-1
19:13:38,14037.8,K6RB,34,18,W1NT-2
19:13:39,14013.8,4Z5PF,28,24,S53WW
19:13:39,14013.9,4Z5PF,27,17,IK4VET
19:13:39,14024.8,W8FJ,42,23,VE6WZ
19:13:39,14033.3,KR2Q,36,5,AA0O
19:13:39,14035.4,N3OC,40,18,VE6WZ
19:13:39,14037.8,K6RB,34,17,VE6WZ
19:13:39,14042.5,W7JET,38,14,VE6WZ
19:13:40,14013.8,4Z5PF,28,21,LZ4UX
19:13:40,14013.8,4Z5PF,28,16,DK0KK
19:13:40,14013.8,4Z5PF,28,14,RK3TD-2
19:13:40,14013.8,4Z5PF,27,15,UT5R
19:13:40,14024.9,W8FJ,41,11,ZL4YL
19:13:40,14030.4,EA6BF,40,26,DO4DXA
19:13:40,14032.2,N3RD,43,10,ZL4YL
19:13:40,14034.1,VE5UO,34,11,W8WTS
19:13:40,14035.0,EA5M,36,9,KM3T-5
19:13:40,14037.9,K6RB,32,17,K4PP
19:13:40,14040.9,VE9KK,31,7,K1RA-4
19:13:40,14042.5,W7JET,36,10,KM3T-5
19:13:40,14042.5,W7JET,40,10,WS3W
19:13:40,14042.6,W7JET,35,25,K4PP
19:13:41,14030.0,N7US,37,9,AK6RI-1
19:13:41,14033.3,KR2Q,35,31,AA4PA
19:13:41,14042.5,W7JET,38,15,AK6RI-1
19:13:42,14030.4,EA6BF,40,20,RK3TD
19:13:42,14032.2,N3RD,41,25,W6YX
19:13:42,14032.2,N3RD,39,23,K7CO
19:13:42,14037.9,K6RB,35,33,ND7K
19:13:42,14037.9,K6RB,36,33,WE9V
19:13:42,14038.2,K0TG,26,19,ND7K
19:13:42,14042.6,W7JET,36,31,W6YX
19:13:42,14043.5,NK2Y,29,17,WE9V
19:13:43,14013.8,4Z5PF,27,16,EA5WU
19:13:43,14013.8,4Z5PF,27,9,G4ZFE
19:13:43,14013.8,4Z5PF,27,25,S53A
19:13:43,14013.8,4Z5PF,27,14,HA2NA
19:13:43,14033.3,KR2Q,34,42,KD7EFG
19:13:43,14037.8,K6RB,35,35,K5TR
19:13:43,14037.9,K6RB,34,26,K9LC
19:13:43,14039.5,KG5U,31,3,K9LC
19:13:43,14039.6,KG5U,30,19,W3RGA
19:13:44,14013.7,4Z5PF,27,18,OK1HRA
19:13:44,14013.7,4Z5PF,27,10,YO2CK
19:13:44,14013.8,4Z5PF,27,15,LZ7AA
19:13:44,14013.8,4Z5PF,27,14,DK0TE
19:13:44,14013.8,4Z5PF,28,13,DK9IP-1
19:13:44,14026.6,K7WP,38,12,NG7M
19:13:44,14039.6,KG5U,30,11,WB6BEE
19:13:44,14039.6,KG5U,30,33,WA7LNW
19:13:45,14013.8,4Z5PF,28,28,DR4W
19:13:45,14013.8,4Z5PF,27,10,DK9IP
19:13:45,14013.8,4Z5PF,27,10,G0KTN
19:13:45,14024.9,W8FJ,42,12,K6FOD
19:13:45,14028.1,W8XAL,35,17,VE6WZ-3
19:13:45,14032.1,N3RD,42,10,K6FOD
19:13:45,14033.3,KR2Q,37,20,K6FOD
19:13:45,14036.0,EA4RKC,20,7,HB9BXE
19:13:45,14037.8,K6RB,34,17,VE6WZ-3
19:13:45,14037.9,K6RB,33,23,ZF9CW
19:13:45,14037.9,K6RB,35,19,KC4YVA
19:13:45,14042.3,K1RV,32,2,EI4HQ
19:13:45,14042.5,W7JET,38,13,N2EPE
19:13:45,14042.5,W7JET,38,14,VE6WZ-3
19:13:46,14013.8,4Z5PF,27,15,DL8LAS-3
19:13:46,14031.7,N6NT,34,4,MM0ZBH
19:13:46,14032.5,HA7I,35,17,5Z4GO
19:13:46,14037.9,K6RB,35,32,K3PA-1
19:13:46,14039.5,KG5U,30,17,W8WWV
19:13:46,14048.5,AB9CA,19,22,K3PA-1
19:13:47,14013.8,4Z5PF,28,13,OK1FCJ
19:13:47,14029.3,W2RQ,37,22,IT9GSF
19:13:47,14030.4,EA6BF,37,26,MM9PSY
19:13:47,14031.4,K5SJC,32,3,N4HAC
19:13:47,14031.7,N6NT,34,6,ON6ZQ
19:13:47,14032.2,N3RD,43,16,IT9GSF
19:13:47,14032.5,HA7I,37,12,IT9GSF
19:13:47,14033.3,KR2Q,37,15,N6TV
19:13:47,14039.5,KG5U,30,6,N4HAC
19:13:47,14040.0,KC9IL,29,3,N6TV
19:13:47,14040.9,VE9KK,30,21,K9IMM
19:13:47,14043.5,NK2Y,29,17,K9IMM
19:13:47,14043.5,NK2Y,29,11,IT9GSF
19:13:48,14013.8,4Z5PF,28,11,DL8LAS-1
19:13:48,14013.8,4Z5PF,27,15,DL8LAS
19:13:48,14024.9,W8FJ,43,15,NU4F
19:13:48,14034.7,N5TOO,37,31,N9CO
19:13:48,14034.7,N5TOO,32,12,DL8LAS
19:13:48,14034.7,N5TOO,36,38,AC0C-1
19:13:48,14034.7,N5TOO,34,13,KM3T-2
19:13:48,14034.9,WB2FKO,35,12,NU4F
19:13:48,14039.5,KG5U,29,15,N9CO
19:13:48,14042.6,W7JET,39,9,NU4F
19:13:48,14043.5,NK2Y,29,29,N9CO
19:13:48,14048.5,AB9CA,19,24,AC0C-1
19:13:48,14048.5,AB9CA,19,19,W1NT-2
19:13:48,14048.5,AB9CA,19,8,KM3T-2
19:13:49,14010.0,RN3MWSG,27,22,RU9CZD
19:13:49,14010.0,RN3QBG,28,9,HA8TKS
19:13:49,14034.7,N5TOO,36,20,W1NT-6
19:13:49,14042.4,K1RV,31,10,S53WW
19:13:49,14048.5,AB9CA,18,9,W1NT-6
19:13:50,14010.0,RN3QBG,28,23,DO4DXA
19:13:50,14024.9,W8FJ,41,29,K4PP
19:13:50,14027.8,W8FN,37,5,PA5KT-4
19:13:50,14028.1,W8XAL,35,17,VE6WZ
19:13:50,14031.2,VE3NZ,31,6,DL1HWS-4
19:13:50,14033.3,KR2Q,36,8,VE6WZ
19:13:50,14034.7,N5TOO,36,19,WX7V/5
19:13:50,14038.0,E70T,33,14,ZL4YL
19:13:50,14039.6,KG5U,30,12,K1RA-4
19:13:50,14039.6,KG5U,30,1,K4PP
19:13:50,14046.1,AD8J,31,11,PI4CC
19:13:50,14048.5,AB9CA,18,19,WX7V/5
19:13:51,14013.8,4Z5PF,28,10,PE5TT
19:13:51,14013.8,4Z5PF,28,6,SE5E
19:13:51,14024.9,W8FJ,43,9,AK6RI-1
19:13:51,14026.6,W1WEF,38,7,AK6RI-1
19:13:51,14037.9,K6RB,32,26,AA4PA
19:13:51,14039.5,KG5U,30,6,AK6RI-1
19:13:51,14039.6,KG5U,30,18,AA4PA
19:13:51,14048.5,AB9CA,18,9,KM3T-5
19:13:52,14024.9,W8FJ,42,27,W6YX
19:13:52,14028.1,W8XAL,34,13,TI7W
19:13:52,14032.1,N3RD,40,32,ND7K
19:13:52,14034.7,N5TOO,35,13,W6YX
19:13:52,14034.7,N5TOO,36,13,TI7W
19:13:52,14037.9,K6RB,33,17,W6YX
19:13:52,14039.6,KG5U,30,22,W6YX
19:13:52,14042.6,W7JET,34,19,N2YCH
19:13:52,14042.6,W7JET,37,10,WC2L
19:13:52,14048.5,AB9CA,18,13,N2YCH
19:13:52,14058.0,W7BTR,20,9,W6YX
19:13:53,14013.8,4Z5PF,28,13,ES2RR
19:13:53,14031.7,N6NT,33,4,GI4DOH
19:13:53,14032.2,N3RD,43,20,S53A
19:13:53,14034.7,N5TOO,36,12,K7CO
19:13:53,14034.7,N5TOO,34,32,W3RGA
19:13:53,14034.7,N5TOO,32,20,W2NNN
19:13:53,14034.7,N5TOO,36,17,S53A
19:13:53,14037.9,K6RB,35,46,K7CO
19:13:53,14037.9,K6RB,34,7,VE7CC
19:13:53,14037.9,K6RB,34,7,VE7CC
19:13:53,14040.9,VE9KK,28,8,S53A
19:13:53,14042.6,W7JET,39,35,K7CO
19:13:54,14010.0,RN3QBG,28,12,DK9IP-1
19:13:54,14013.8,4Z5PF,27,13,DP5G
19:13:54,14024.9,W8FJ,43,26,K5TR
19:13:54,14030.3,EA6BF,40,13,OK1HRA
19:13:54,14037.1,K0SN,35,37,K5TR
19:13:55,14034.7,N5TOO,28,14,KM3T-3
19:13:55,14034.7,N5TOO,37,32,N2EPE
19:13:55,14043.9,K1SM,27,5,DR4W
19:13:55,14045.0,AI5IN,38,6,LZ4AE
19:13:55,14045.0,AI5IN,38,6,LZ4AE
19:13:55,14046.1,AD8J,32,5,N2EPE
19:13:55,14048.5,AB9CA,19,9,KM3T-3
19:13:56,14024.9,W8FJ,43,18,K5EM
19:13:56,14027.4,N8KH,37,35,ZF9CW
19:13:56,14031.7,N6NT,36,36,ZF9CW
19:13:56,14031.7,N6NT,35,24,K3PA-1
19:13:56,14034.6,N5TOO,32,23,VE6WZ-3
19:13:56,14034.6,N5TOO,36,14,W8WWV
19:13:56,14034.7,N5TOO,31,31,ZF9CW
19:13:56,14037.1,K0SN,34,28,N7VVX
19:13:56,14039.6,KG5U,30,9,KC4YVA
19:13:56,14048.5,AB9CA,18,24,ZF9CW
19:13:57,14024.9,W8FJ,42,19,N6TV
19:13:57,14031.7,N6NT,35,29,K9IMM
19:13:57,14034.7,N5TOO,32,12,DL8LAS-3
19:13:57,14034.7,N5TOO,30,7,MM0ZBH
19:13:57,14039.6,KG5U,30,8,K9IMM
19:13:58,14010.0,RN3QBG,28,18,DL8LAS-1
19:13:58,14010.0,RN3QBG,28,18,DL8LAS
19:13:58,14022.3,M7HOI,17,23,IT9GSF
19:13:58,14027.4,N8KH,37,10,IT9GSF
19:13:58,14029.3,W2RQ,43,9,DL8LAS
19:13:58,14029.6,KH7X,43,19,N4HAC
19:13:58,14031.7,N6NT,34,17,NU4F
19:13:58,14034.6,N5TOO,36,20,IT9GSF
19:13:58,14040.9,VE9KK,30,9,N4HAC
19:13:58,14045.0,AI5IN,37,13,DL8LAS-1
19:13:58,14045.0,AI5IN,37,13,DL8LAS
19:13:59,14031.7,N6NT,35,30,AC0C-1
19:13:59,14031.7,N6NT,35,38,W1NT-2
19:13:59,14031.7,N6NT,35,36,KM3T-2
19:13:59,14031.7,N6NT,35,33,W1NT-6
19:13:59,14031.8,N6NT,34,16,IK4VET
19:13:59,14034.7,N5TOO,32,25,W1NT-2
19:13:59,14038.6,K4PI,35,33,KM3T-2
19:14:00,14029.2,W2RQ,43,26,VE6WZ
19:14:00,14031.7,N6NT,34,7,AA0O
19:14:00,14034.6,N5TOO,32,23,VE6WZ
19:14:00,14034.7,N5TOO,35,11,K1RA-4
19:14:00,14038.6,K4PI,37,14,PI4CC
19:14:00,14038.6,K4PI,36,18,W2NAF
19:14:00,14038.6,K4PI,37,30,WX7V/5
19:14:00,14039.0,W7SW,24,7,VE6WZ
19:14:00,14043.9,K1SM,32,6,PI4CC
19:14:01,14031.7,N6NT,36,38,KM3T-5
19:14:01,14031.7,N6NT,34,12,OE9GHV
19:14:01,14034.6,N5TOO,33,15,KM3T-5
19:14:01,14038.6,K4PI,37,12,PE5TT
19:14:01,14038.6,K4PI,35,35,KM3T-5
19:14:01,14038.6,K4PI,37,9,OE9GHV
19:14:02,14027.8,W8FN,40,9,KD2M
19:14:02,14031.7,N6NT,35,37,AA4PA
19:14:02,14031.7,N6NT,34,24,W2MV
19:14:02,14031.7,N6NT,35,27,WC2L
19:14:02,14031.7,N6NT,35,23,KD2M
19:14:02,14031.8,N6NT,36,32,N2YCH
19:14:02,14034.7,N5TOO,30,27,AA4PA
19:14:02,14034.7,N5TOO,30,16,WC2L
19:14:02,14037.1,K0SN,37,7,N2YCH
19:14:02,14038.6,K4PI,37,28,AA4PA
19:14:02,14038.6,K4PI,37,27,N2YCH
19:14:02,14038.6,K4PI,37,32,WC2L
19:14:03,14026.3,WG3J,41,37,KD7EFG
19:14:03,14031.7,N6NT,34,28,TI7W
19:14:03,14031.7,N6NT,35,19,ND7K
19:14:03,14031.7,N6NT,35,21,K7CO
19:14:03,14034.6,N5TOO,29,20,ND7K
19:14:03,14034.6,N5TOO,32,21,K9LC
19:14:03,14037.1,K0SN,37,26,WE9V
19:14:03,14039.5,KG5U,30,7,WE9V
19:14:03,14039.5,KG5U,30,20,ND7K
19:14:03,14058.0,W7BTR,20,26,KD7EFG
19:14:04,14031.6,N6NT,35,20,WB6BEE
19:14:04,14031.8,N6NT,36,34,W2NNN
19:14:04,14032.1,N3RD,39,23,K5TR
19:14:04,14034.6,N5TOO,30,9,K5TR
19:14:04,14038.0,E70T,35,16,K5TR
19:14:04,14038.5,OK4MM,37,13,OK1HRA
19:14:04,14038.6,K4PI,37,32,W2NNN
19:14:05,14030.4,EA6BF,37,8,BH4RRG
19:14:05,14031.7,N6NT,34,19,WA7LNW
19:14:05,14031.7,N6NT,33,9,EI4HQ
19:14:05,14038.6,K4PI,37,17,DR4W
19:14:06,14010.0,RN3QBG,28,12,DK0KK
19:14:06,14029.2,W2RQ,43,26,VE6WZ-3
19:14:06,14031.7,N6NT,34,17,N2EPE
19:14:06,14038.6,K4PI,34,35,KM3T-3
19:14:06,14039.6,KG5U,30,22,ZF9CW
19:14:07,14026.3,WG3J,40,40,K9IMM
19:14:07,14029.3,W2RQ,43,9,DL8LAS-3
19:14:07,14033.3,KR2Q,36,18,N7VVX
19:14:07,14040.1,KC9IL,30,12,K5EM
19:14:07,14040.8,VE9KK,32,11,W8WWV
19:14:08,14015.0,K5IRH,22,22,N9CO
19:14:08,14029.0,WA3AAN,35,7,DL8LAS-1
19:14:08,14032.2,N3RD,43,17,N6TV
19:14:09,14015.0,K5IRH,22,19,AC0C-1
19:14:09,14029.0,WA3AAN,35,7,DL8LAS
19:14:09,14039.6,KG5U,29,4,NU4F
19:14:10,14032.2,N3RD,44,9,IK4VET
19:14:10,14038.7,OK4MM,30,13,IK4VET
19:14:11,14015.0,K5IRH,22,17,K4PP
19:14:11,14041.5,K0RX,33,3,K4PP
19:14:11,14046.1,AD8J,32,7,W2NAF
19:14:12,14015.0,K5IRH,22,22,AA4PA
19:14:12,14038.0,E70T,34,19,W2MV
19:14:13,14015.0,K5IRH,22,10,W6YX
19:14:13,14015.0,K5IRH,22,14,WE9V
19:14:13,14015.0,K5IRH,22,19,ND7K
19:14:13,14024.4,K1DW,33,10,K7CO
19:14:13,14026.8,MM2T,30,12,RN4WA
19:14:13,14032.5,HA7I,36,6,RN4WA
19:14:13,14043.5,NK2Y,29,11,TI7W
19:14:13,14063.1,K7GT,20,1,ND7K
19:14:14,14027.7,W8FN,38,15,K9LC
19:14:14,14027.8,W8FN,39,6,HA2NA
19:14:14,14031.2,VE3NZ,32,8,EA5WU
19:14:14,14032.2,N3RD,41,39,KD7EFG
19:14:14,14040.9,VE9KK,32,10,WB6BEE
19:14:14,14043.9,K1SM,32,6,HA2NA
19:14:14,14063.1,K7GT,20,19,KD7EFG
19:14:15,14015.0,K5IRH,22,12,WA7LNW
19:14:15,14026.3,WG3J,36,10,DR4W
19:14:15,14035.5,N3OC,40,21,K5TR
19:14:15,14046.1,AD8J,29,6,DR4W
19:14:15,14063.1,K7GT,20,4,WA7LNW
19:14:16,14042.4,K1RV,31,2,G0KTN
19:14:16,14042.5,W7JET,37,11,KM3T-3
19:14:17,14015.0,K5IRH,22,16,K3PA-1
19:14:17,14015.0,K5IRH,22,19,W8WWV
19:14:17,14025.3,TK4TZ,36,15,ZF9CW
19:14:17,14028.8,SN5N,40,20,5Z4GO
19:14:17,14034.4,KG9X,39,16,VE6WZ-3
19:14:17,14037.6,N4HAI,31,1,N7VVX
19:14:17,14042.5,W7JET,39,7,VE6AO
19:14:17,14046.5,F6HKA,32,4,UY2RA
19:14:18,14015.0,K5IRH,22,8,K9IMM
19:14:18,14015.0,K5IRH,22,4,N6TV
19:14:18,14024.4,K1DW,33,9,N6TV
19:14:18,14042.5,W7JET,39,27,N4HAC
19:14:18,14045.3,W4RKU,32,25,N4HAC
19:14:18,14046.1,AD8J,30,13,IT9GSF
19:14:19,14031.0,K3WW,38,31,AC0C-1
19:14:19,14031.2,VE3NZ,32,4,NU4F
19:14:19,14038.6,K4PI,36,13,DL8LAS-1
19:14:19,14038.6,K4PI,36,13,DL8LAS
19:14:19,14042.6,W7JET,37,10,KM3T-2
19:14:20,14031.0,K3WW,39,5,DL1HWS
19:14:20,14037.9,N4IQ,36,10,DK0KK
19:14:20,14038.6,K4PI,36,13,DL1HWS
19:14:20,14038.7,K4PI,37,13,IK4VET
19:14:21,14027.4,N8KH,35,13,SE5E
19:14:21,14031.0,K3WW,37,16,VE6WZ
19:14:21,14031.0,K3WW,39,22,ZL4YL
19:14:21,14031.6,N6NT,34,13,VE6WZ
19:14:21,14034.4,KG9X,39,16,VE6WZ
19:14:21,14038.6,K4PI,37,27,K1RA-4
19:14:23,14034.4,KG9X,39,9,W2MV
19:14:23,14038.6,K4PI,37,20,W2MV
19:14:23,14053.5,AF1RM,15,10,W6YX
19:14:24,14030.0,N7US,35,14,W3RGA
19:14:24,14031.0,K3WW,38,33,WE9V
19:14:24,14033.0,WJ9B,36,7,W3RGA
19:14:24,14035.5,N3OC,38,9,EA5WU
19:14:24,14038.6,K4PI,37,18,ND7K
19:14:24,14038.6,K4PI,37,23,S53A
19:14:24,14042.6,W7JET,38,29,W3RGA
19:14:24,14046.6,F6HKA,31,12,OH8KA
19:14:24,14048.5,4T4E,18,20,TI7W
19:14:25,14030.4,AD4EB,40,23,K5TR
19:14:25,14034.4,KG9X,38,20,WB6BEE
19:14:25,14038.6,K4PI,37,14,WB6BEE
19:14:25,14039.3,K7RL,36,31,NG7M
19:14:25,14043.2,K5UV,35,12,WB6BEE
19:14:25,14043.5,NK2Y,29,18,K5TR
19:14:25,14060.0,N2UHC,18,6,K5TR
19:14:27,14031.0,K3WW,37,17,VE6AO
19:14:27,14031.0,K3WW,38,32,ZF9CW
19:14:27,14031.0,K3WW,38,23,K3PA-1
19:14:27,14031.6,N6NT,34,13,VE6WZ-3
19:14:27,14034.6,N5TOO,35,7,VE6AO
19:14:27,14034.7,N5TOO,36,33,K3PA-1
19:14:27,14038.6,K4PI,36,34,ZF9CW
19:14:27,14038.6,K4PI,36,10,MM0ZBH
19:14:27,14050.0,IT9DNW,21,19,DL8LAS-3
19:14:28,14031.0,K3WW,39,12,N7VVX
19:14:28,14031.0,K3WW,40,38,K9IMM
19:14:28,14038.6,K4PI,36,21,IT9GSF
19:14:28,14042.5,W7JET,37,19,W8WWV
19:14:28,14058.0,W7BTR,20,5,W8WWV
19:14:29,14016.3,UA6HNU,31,10,DL8LAS
19:14:29,14025.3,K4TZ,37,12,W1NT-2
19:14:29,14035.0,EA5M,38,31,HA8TKS
19:14:29,14050.0,IT9DNW,21,19,DL8LAS
19:14:30,14016.3,UA6HNU,31,13,DL1HWS
19:14:30,14016.3,UA6HNU,31,10,DL1HWS-4
19:14:30,14035.1,EA5M,36,19,BG7IEJ
19:14:30,14038.6,K4PI,35,38,AC0C-1
19:14:30,14038.6,K4PI,37,13,DK0KK
19:14:30,14045.3,N5NA,31,4,DK0KK
19:14:31,14016.3,UA6HNU,31,16,YO5LD
19:14:31,14032.1,N3RD,42,21,K1RA-4
19:14:31,14034.7,N5TOO,35,7,W2NAF
19:14:31,14035.0,EA5M,37,22,ES5PC
19:14:31,14037.9,K6RB,35,10,VE6WZ
19:14:31,14038.6,K4PI,36,9,PA5KT-4
19:14:31,14038.6,K4PI,37,22,K4PP
19:14:31,14043.9,K1SM,32,4,K4PP
19:14:31,14050.0,IT9DNW,21,11,UT5R
19:14:32,14010.0,RN3QBG,28,9,SM7IUN
19:14:32,14016.3,UA6HNU,31,17,DM5GG
19:14:32,14022.0,EA2CAR,20,11,YO2KAR
19:14:32,14035.5,N3OC,40,7,OE9GHV
19:14:32,14038.6,K4PI,35,8,M1GEO
19:14:32,14043.9,K1SD,32,5,OE9GHV
19:14:33,14010.0,RN3QBG,28,14,HA1VHF
19:14:33,14016.3,UA6HNU,31,15,DK3WW
19:14:33,14031.2,VE3NZ,33,5,DK3WW
19:14:33,14034.1,VE5UO,34,16,W6YX
19:14:33,14046.5,F6HKA,31,11,AA4PA
19:14:33,14046.5,F6HKA,31,10,W2MV
19:14:34,14010.0,RN3QBG,29,17,EA5WU
19:14:34,14015.0,K5IRH,22,10,TI7W
19:14:34,14016.3,UA6HNU,31,17,S53A
19:14:34,14016.3,UA6HNU,31,29,HA2NA
19:14:34,14024.5,K1DW,33,9,W2NNN
19:14:34,14024.9,W8FJ,43,41,KD7EFG
19:14:34,14030.5,AD4EB,38,16,TI7W
19:14:34,14034.1,VE5UO,34,6,WT8P
19:14:34,14034.6,N5TOO,33,35,WE9V
19:14:34,14035.6,VE3KIU,29,7,K7CO
19:14:34,14038.6,K4PI,36,29,KD7EFG
19:14:34,14043.9,K1SM,32,8,G4ZFE
19:14:34,14043.9,K1SM,32,32,KD7EFG
19:14:35,14015.0,K5IRH,22,6,WB6BEE
19:14:35,14021.9,EA2CAR,20,18,YO2CK
19:14:35,14032.1,N3RD,41,7,OK1HRA
19:14:36,14016.3,UA6HNU,31,14,DL1HWS-3
19:14:36,14016.4,UA6HNU,31,21,HG8A
19:14:36,14032.7,N4BP,30,9,K6FOD
19:14:36,14034.7,N5TOO,33,17,NG7M
19:14:36,14038.6,K4PI,37,17,G0KTN
19:14:37,14024.9,W8FJ,38,10,DL8LAS-3
19:14:37,14045.0,AI5IN,39,7,MM9PSY
19:14:38,14015.0,K5IRH,22,10,ZF9CW
19:14:38,14016.3,UA6HNU,31,11,OK1FCJ
19:14:38,14016.3,UA6HNU,32,16,S50U
19:14:38,14016.5,UA6HNU,32,19,DL5RCN
19:14:38,14024.0,W4CMG,34,13,VE6WZ-3
19:14:38,14034.6,N5TOO,35,6,N7VVX
19:14:39,14010.0,RN3MWSG,28,20,DL8LAS-1
19:14:39,14010.0,RN3MWSG,28,20,DL8LAS
19:14:39,14016.3,UA6HNU,31,10,DL8LAS-1
19:14:39,14016.3,UA6HNU,31,16,HA8TKS
19:14:39,14022.0,EA2CAR,20,31,IK7YTT
19:14:39,14022.0,EA2CAR,20,24,HA8TKS
19:14:39,14024.9,W8FJ,38,10,DL8LAS
19:14:39,14035.5,N3OC,36,24,N9CO
19:14:40,14038.0,E70T,36,3,G0TMX
19:14:40,14042.0,K1TR,34,8,IK4VET
19:14:40,14052.5,W4LOO,24,7,KM3T-2
19:14:41,14042.5,W7JET,33,31,K1RA-4
19:14:41,14045.0,AI5IN,37,32,WX7V/5
19:14:42,14022.0,EA2CAR,20,6,SM1HEV
19:14:42,14024.0,W4CMG,34,13,VE6WZ
19:14:42,14024.9,W8FJ,40,12,VE6WZ
19:14:43,14016.3,UA6HNU,31,10,HA1VHF
19:14:43,14028.5,W4SPR,30,12,N2YCH
19:14:43,14028.5,W4SPR,31,12,AA4PA
19:14:43,14029.3,W2RQ,42,9,GI4DOH
19:14:43,14032.2,N3RD,43,10,AK6RI-1
19:14:43,14045.3,N5NA,32,4,GI4DOH
19:14:44,14024.4,K1DW,34,10,WC2L
19:14:44,14028.5,W4SPR,31,6,WC2L
19:14:44,14028.5,W4SPR,31,14,WE9V
19:14:45,14028.5,W4SPR,31,15,ND7K
19:14:45,14028.9,WA3AAN,35,15,KD7EFG
19:14:46,14028.1,W8XAL,35,3,EI4HQ
19:14:46,14028.5,W4SPR,31,18,WA7LNW
19:14:46,14028.5,W4SPR,31,12,N2EPE
19:14:46,14030.8,KX2P,28,1,N2EPE
19:14:46,14042.0,K1TR,37,6,EI4HQ
19:14:46,14043.5,NK2Y,28,4,WA7LNW
19:14:46,14052.5,W4LOO,24,18,WB6BEE
19:14:47,14029.0,WA3AAN,35,15,DL8LAS-3
19:14:48,14026.3,WG3J,41,36,W8WWV
19:14:48,14028.5,W4SPR,32,35,ZF9CW
19:14:48,14032.2,N3RD,43,15,K5EM
19:14:49,14032.1,N3RD,42,24,VE6WZ-3
19:14:49,14035.0,EA5M,38,25,IK3STG
19:14:49,14035.0,EA5M,36,32,DL8LAS
19:14:49,14042.5,W7JET,37,27,K9IMM
19:14:49,14052.5,W4LOO,24,17,N9CO
19:14:50,14026.6,W1WEF,38,6,NU4F
19:14:50,14026.6,W1WEF,38,31,AC0C-1
19:14:50,14028.5,W4SPR,31,17,W1NT-2
19:14:50,14028.5,W4SPR,31,14,AC0C-1
19:14:50,14029.6,W7KFI/5,18,20,NU4F
19:14:50,14030.8,KX2P,28,2,KM3T-2
19:14:50,14035.0,EA5M,34,43,S53WW
19:14:50,14035.1,EA5M,37,21,IK4VET
19:14:51,14016.3,UA6HNU,30,8,DO4DXA
19:14:51,14028.5,W4SPR,31,14,AA0O
19:14:51,14028.5,W4SPR,31,11,W1NT-6
19:14:51,14032.5,KO4VW,36,15,W1NT-6
19:14:51,14046.5,F6HKA,32,5,RK3TD-2
19:14:52,14030.8,KX2P,28,8,KM3T-5
19:14:52,14032.1,N3RD,42,24,VE6WZ
19:14:52,14035.0,EA5M,38,24,SM7IUN
19:14:52,14052.5,W4LOO,24,8,KM3T-5
19:14:54,14029.6,KH7X,43,8,VE7CC
19:14:54,14029.6,KH7X,43,8,VE7CC
19:14:54,14035.0,EA5M,37,15,LZ7AA
19:14:54,14035.1,EA5M,37,11,OH8KA
19:14:54,14040.9,TK5OHY,29,10,W6YX
19:14:54,14043.2,K5UV,37,20,W3RGA
19:14:54,14049.5,SP2AS,18,8,EA5WU
19:14:55,14024.9,W8FJ,42,10,WT8P
19:14:55,14024.9,W8FJ,39,18,TI7W
19:14:55,14029.6,KH7X,43,23,ND7K
19:14:55,14032.2,N3RD,38,28,TI7W
19:14:55,14034.9,EA5M,38,35,OK1HRA
19:14:55,14035.0,KE3JM,38,6,VE4DRK
19:14:55,14037.9,K6RB,33,11,TI7W
19:14:56,14045.3,N5NA,32,4,DR4W
19:14:56,14048.5,AB9CA,19,11,K5TR
19:14:56,14048.5,AB9CA,19,15,WA7LNW
19:14:57,14030.8,KX2P,28,2,KM3T-3
19:14:58,14035.0,EA5M,37,18,MM9PSY
19:14:58,14035.0,EA5M,36,32,DL8LAS-3
19:14:58,14035.2,EA5M,38,31,DL5RCN
19:14:58,14043.5,NK2Y,29,12,K3PA-1
19:14:59,14024.9,W8FJ,42,10,DL8LAS-1
19:14:59,14034.4,KG9X,38,17,IT9GSF
19:14:59,14035.0,EA5M,37,22,BD8CS
19:14:59,14043.5,NK2Y,29,19,ZF9CW
19:15:00,14031.2,VE3NZ,31,8,N9CO
19:15:00,14035.0,EA5M,37,37,DL1HWS
19:15:00,14059.0,N2ETH,19,16,N9CO
19:15:01,14037.1,K0SN,37,36,AC0C-1
19:15:01,14037.9,K6RB,34,17,W1NT-6
19:15:01,14043.5,NK2Y,29,11,AC0C-1
19:15:02,14026.8,VE9KK,30,5,K1RA-4
19:15:02,14035.0,EA5M,37,23,DM5GG
19:15:03,14029.9,ZA1EM,31,12,DK3WW
19:15:03,14029.9,ZA1EM,32,24,RK3TD
19:15:03,14035.0,EA5M,37,20,HA1VHF
19:15:03,14062.5,KF0UVL,18,13,AA4PA
19:15:03,14066.5,WJ0L,21,7,VE6WZ
19:15:04,14040.5,NE5A,31,11,WC2L
19:15:05,14029.8,ZA1EM,31,9,OK1HRA
19:15:05,14029.9,ZA1EM,32,20,EA5WU
19:15:05,14031.0,K3WW,40,17,EA5WU
19:15:05,14035.0,EA5M,33,36,HA2NA
19:15:05,14041.3,N5RZ,40,18,S53A
19:15:05,14042.4,N7OR,34,13,VE4DRK
19:15:05,14048.4,AB9CA,19,2,VE4DRK
19:15:07,14024.9,W8FJ,43,31,WA7LNW
19:15:07,14026.8,VE9KK,30,7,KC4YVA
19:15:07,14029.6,KH7X,40,14,NG7M
19:15:07,14029.6,KH7X,41,13,KC4YVA
19:15:07,14031.0,K3WW,40,15,NG7M
19:15:07,14031.0,K3WW,39,25,WA7LNW
19:15:07,14031.0,K3WW,39,10,K6FOD
19:15:08,14029.2,W2RQ,43,10,VE6AO
19:15:08,14029.3,W2RQ,43,7,MM9PSY
19:15:08,14031.4,K5SJC,32,9,VE6AO
19:15:08,14035.6,VE3KIU,30,3,MM0ZBH
19:15:08,14039.3,K7RL,38,24,K5EM
19:15:09,14028.5,W4SPR,32,17,N4HAC
19:15:09,14028.5,W4SPR,31,12,VE6WZ-3
19:15:09,14036.2,W5TM,37,19,N4HAC
19:15:09,14066.5,WJ0L,21,7,VE6WZ-3
19:15:10,14028.5,W4SPR,32,9,K9IMM
19:15:10,14029.9,ZA1EM,35,6,DL1HWS
19:15:10,14031.6,N6NT,33,24,N9CO
19:15:10,14032.2,N3RD,43,6,S53WW
19:15:10,14036.2,W5TM,37,19,W1NT-2
19:15:10,14036.2,W5TM,37,10,KM3T-2
19:15:11,14028.5,W4APR,31,12,AC0C-1
19:15:11,14032.2,N3RD,39,6,DK0KK
19:15:11,14043.2,K5UV,36,25,AC0C-1
19:15:11,14046.6,F6HT,31,7,BG7IEJ
19:15:12,14028.5,W4SPR,31,23,K1RA-4
19:15:12,14036.2,W5TM,38,18,K4PP
19:15:12,14036.2,W5TM,37,27,K1RA-4
19:15:12,14042.9,N4BA,35,14,K1RA-4
19:15:13,14028.5,W4SPR,31,12,VE6WZ
19:15:13,14034.7,N5TOO,36,12,VE6WZ
19:15:13,14036.3,W5TM,37,8,N2YCH
19:15:13,14042.3,K1RV,31,11,VE6WZ
19:15:13,14042.9,N4BA,35,11,VE6WZ
19:15:14,14024.0,W4CMG,35,18,AA4PA
19:15:14,14030.8,KX2P,27,13,AA4PA
19:15:14,14031.0,K3WW,38,7,GI4DOH
19:15:14,14036.2,W5TM,36,26,AA4PA
19:15:14,14045.8,N4OI,30,5,KD2M
19:15:15,14028.5,W4SPR,31,11,S53A
19:15:15,14028.5,W4SPR,32,23,W3RGA
19:15:15,14036.2,W5TM,37,18,W6YX
19:15:15,14036.2,W5TM,38,16,W3RGA
19:15:15,14042.9,N4BA,37,20,S53A
19:15:15,14042.9,N4BA,35,9,EA5WU
19:15:15,14042.9,N4BA,36,18,K7CO
19:15:15,14042.9,N4BA,36,9,TI7W
19:15:16,14026.8,VE9KK,29,8,WB6BEE
19:15:16,14028.5,W4SPR,30,20,WB6BEE
19:15:16,14031.0,K3WW,40,38,ND7K
19:15:16,14034.9,EA5M,38,19,YO2CK
19:15:16,14036.2,W5TM,38,17,K9LC
19:15:16,14036.2,W5TM,38,22,WB6BEE
19:15:16,14036.3,W5TM,37,8,W2NNN
19:15:16,14042.9,N4BA,35,7,K9LC
19:15:16,14042.9,N4BA,35,22,ND7K
19:15:17,14028.5,W4SPR,31,23,K5TR
19:15:17,14028.5,W4SPR,31,12,KC4YVA
19:15:17,14038.6,K4PI,31,25,WA7LNW
19:15:17,14046.1,AD8J,32,12,NG7M
19:15:18,14028.5,W4SPR,31,5,K6FOD
19:15:18,14028.5,W4SPR,31,9,KM3T-3
19:15:18,14035.0,EA5M,37,11,LZ5DI
19:15:18,14038.6,K4PI,36,16,DL8LAS-3
19:15:18,14042.9,N4BA,36,9,K6FOD
19:15:18,14046.1,AD8J,29,36,KM3T-3
19:15:19,14028.5,W4SPR,31,10,K3PA-1
19:15:19,14035.0,EA5M,37,30,OH6BG
19:15:19,14036.2,W5TM,37,29,W8WWV
19:15:19,14036.2,W5TM,35,26,ZF9CW
19:15:19,14038.5,K4PI,35,35,W8WWV
19:15:19,14041.9,K1TR,39,18,W8WWV
19:15:19,14042.9,N4BA,35,6,N7VVX
19:15:19,14046.2,AD8J,30,26,ZF9CW
19:15:20,14028.5,W4SPR,32,7,N9CO
19:15:20,14030.0,N7US,37,9,IT9GSF
19:15:20,14036.2,W5TM,35,6,NU4F
19:15:20,14038.5,K4PI,36,25,VE6WZ-3
19:15:20,14040.5,NE5A,30,5,NU4F
19:15:20,14042.3,K1RV,31,11,VE6WZ-3
19:15:20,14045.0,RT37UD,38,26,K9IMM
19:15:20,14046.1,AD8J,32,36,VE6WZ-3
19:15:20,14046.1,AD8J,30,41,K9IMM
19:15:20,14046.1,AD8J,30,7,NU4F
19:15:20,14058.0,W7BTR,20,2,VE6WZ-3
19:15:21,14035.0,EA5M,36,33,DL1HWS-4
19:15:21,14035.5,N3OC,38,9,PA5KT-4
19:15:21,14046.1,AD8J,29,33,W1NT-2
19:15:21,14046.1,AD8J,30,35,KM3T-2
19:15:22,14035.0,EA5M,37,30,SE5E
19:15:22,14042.9,N4BA,35,18,WX7V/5
19:15:22,14046.1,AD8J,29,48,AC0C-1
19:15:22,14046.1,AD8J,30,40,WX7V/5
19:15:22,14046.1,AD8J,29,28,W1NT-6
19:15:22,14046.1,AD8J,30,37,KM3T-5
19:15:22,14052.5,W4LOO,24,8,W1NT-6
19:15:23,14038.5,K4PI,36,25,VE6WZ
19:15:23,14046.1,AD8J,31,23,VE6WZ
19:15:23,14046.1,AD8J,32,36,VE6WZ
19:15:23,14046.2,AD8J,30,29,N2YCH
19:15:23,14052.5,W4LOO,24,16,K1RA-4
19:15:23,14058.0,W7BTR,20,2,VE6WZ
19:15:24,14046.1,AD8J,30,43,AA4PA
19:15:24,14046.1,AD8J,29,9,KD2M
19:15:25,14024.9,W8FJ,41,10,S53A
19:15:25,14026.4,WG3J,42,22,S53A
19:15:25,14031.2,VE3NZ,31,39,K7CO
19:15:25,14036.0,EA4RKC,19,8,DK0TE
19:15:25,14042.0,K1TR,39,13,W6YX
19:15:25,14045.3,N5NA,32,4,DP5G
19:15:25,14046.2,AD8J,30,40,W6YX
19:15:25,14046.2,AD8J,30,10,K7CO
19:15:26,14024.4,K1DW,33,9,EI4HQ
19:15:26,14028.5,W4SPR,31,35,TI7W
19:15:26,14028.6,W4SPR,32,12,W2NNN
19:15:26,14035.0,EA5M,32,42,DL1HWS-3
19:15:26,14036.2,W5TM,36,14,ND7K
19:15:26,14041.9,K1TR,40,16,K9LC
19:15:26,14046.1,AD8J,30,16,WE9V
19:15:26,14046.2,AD8J,30,17,TI7W
19:15:26,14052.5,W4LOO,25,29,ND7K
19:15:27,14030.0,N7US,37,24,K5TR
19:15:27,14046.1,AD8J,29,14,K5TR
19:15:28,14036.2,W5TM,36,16,WA7LNW
19:15:28,14050.0,IT9DNW,21,9,MM9PSY
19:15:29,14026.4,WG3J,42,18,K5EM
19:15:29,14028.5,W4SPR,32,21,W8WWV
19:15:29,14043.0,N4BA,37,7,K5EM
19:15:31,14036.2,W5TM,36,36,N9CO
19:15:31,14052.5,W4LOO,25,11,W1NT-2
19:15:32,14029.6,KH7X,42,28,AC0C-1
19:15:32,14032.5,HA7I,36,8,SE5E
19:15:32,14036.2,W5TM,38,10,W1NT-6
19:15:32,14038.0,E70T,34,27,WX7V/5
19:15:32,14039.6,W8CAR,28,34,AC0C-1
19:15:32,14050.0,IT9DNW,21,15,PE5TT
19:15:34,14032.5,HA7I,36,10,VU2TUM
19:15:34,14036.2,W5TM,37,6,ZL4YL
19:15:35,14038.0,E70T,35,13,WC2L
19:15:35,14042.9,N4BA,36,29,KD7EFG
19:15:35,14043.2,K5UV,36,8,WC2L
19:15:35,14052.5,W4LOO,24,19,W6YX
19:15:36,14036.1,W5TM,39,11,VE4DRK
19:15:36,14036.2,W5TM,38,28,WE9V
19:15:38,14027.8,W8FN,35,26,NG7M
19:15:38,14042.9,N4BA,35,5,DL8LAS-3
19:15:39,14028.8,W0UO,34,15,N4HAC
19:15:39,14040.9,K5OHY,28,25,K3PA-1
19:15:39,14042.0,K1TR,37,20,KM3T-3
19:15:39,14042.9,N4BA,33,17,K3PA-1
19:15:40,14036.0,EA4RKC,19,14,HA8TKS
19:15:40,14039.3,K7RL,40,25,ZF9CW
19:15:40,14042.9,N4BA,36,8,IT9GSF
19:15:40,14042.9,N4BA,35,5,DL8LAS
19:15:41,14025.3,TK4TZ,39,23,K9IMM
19:15:41,14032.2,N3RD,42,9,PI4CC
19:15:41,14035.2,VE3JM,38,6,IK4VET
19:15:41,14035.6,VE3KIU,29,4,S53WW
19:15:41,14036.2,K4GM,30,21,K9IMM
19:15:41,14042.0,K1TR,38,25,W1NT-2
19:15:41,14042.9,N4BA,35,10,N6TV
19:15:42,14028.5,W4SPR,31,5,K4PP
19:15:42,14038.0,E70T,34,5,WS3W
19:15:42,14042.0,K1TR,40,7,K4PP
19:15:43,14042.0,K1TR,37,23,WX7V/5
19:15:44,14031.4,K5SJC,34,2,AK6RI-1
19:15:45,14026.8,VE9KK,31,13,S53A
19:15:45,14031.2,VE3NZ,32,4,DK9IP-1
19:15:45,14042.0,K1TR,38,19,S53A
19:15:45,14045.3,N5NA,32,4,DK9IP-1
19:15:46,14030.0,N7US,37,38,KD7EFG
19:15:46,14033.0,WJ9B,35,11,WE9V
19:15:46,14043.3,K5UV,37,8,W2NNN
19:15:46,14046.0,AD8J,29,9,VE4DRK
19:15:46,14058.9,N2ETH,19,2,WE9V
19:15:47,14036.0,EA4RKC,20,15,LZ4AE
19:15:47,14036.0,EA4RKC,20,15,LZ4AE
19:15:47,14046.1,AD8J,37,24,K9LC
19:15:47,14046.1,AD8J,34,21,ND7K
19:15:47,14055.0,K5IRH,23,18,ND7K
19:15:49,14029.3,W2RQ,43,12,K5EM
19:15:49,14031.2,VE3NZ,33,2,MM0ZBH
19:15:49,14033.3,KR2Q,37,12,DL8LAS-3
19:15:49,14034.4,KG9X,39,18,K6FOD
19:15:49,14035.0,EA5M,38,31,MM0ZBH
19:15:49,14046.1,AD8J,31,25,WA7LNW
19:15:49,14046.1,AD8J,30,20,K5EM
19:15:50,14045.0,AI5IN,38,21,IT9GSF
19:15:50,14046.1,AD8J,31,24,VE6AO
19:15:50,14055.0,K5IRH,22,13,K3PA-1
19:15:50,14055.0,K5IRH,22,15,W8WWV
19:15:51,14029.3,W2RQ,42,8,S53WW
19:15:51,14033.3,KR2Q,37,12,DL8LAS
19:15:51,14043.2,K5UV,38,7,VE6WZ-3
19:15:51,14043.2,K5UV,37,7,KM3T-2
19:15:51,14046.1,AD8J,29,32,N9CO
19:15:51,14055.0,K5IRH,22,14,K9IMM
19:15:52,14025.3,TK4TZ,28,28,AC0C-1
19:15:52,14035.0,EA5M,38,21,YO5LD
19:15:52,14055.0,K5IRH,22,16,AC0C-1
19:15:54,14035.0,EA5M,38,19,ES2RR
19:15:54,14042.9,N4BA,36,3,AK6RI-1
19:15:54,14043.2,K5UV,37,8,VE6WZ
19:15:54,14043.2,K5UV,38,7,VE6WZ
19:15:54,14043.9,K1SM,32,4,HA1VHF
19:15:55,14029.3,W2RQ,43,6,HA2NA
19:15:55,14042.9,N4BA,36,4,WT8P
19:15:55,14045.0,AI5IN,38,7,ZL3X
19:15:56,14027.8,M8FN,37,10,W6YX
19:15:56,14029.3,W2RQ,43,16,DK9IP-1
19:15:56,14029.3,W2RQ,43,36,KD7EFG
19:15:56,14035.0,EA5M,36,24,R4NCU
19:15:56,14035.0,EA5M,36,11,JN1ILK
19:15:56,14042.0,K1TR,38,30,KD7EFG
19:15:56,14043.8,K1SM,31,15,OK1HRA
19:15:56,14055.0,K5IRH,23,11,W6YX
19:15:57,14030.0,N7US,37,17,WE9V
19:15:57,14036.0,EA4RKC,19,7,EI4HQ
19:15:57,14042.0,K1TR,38,13,TI7W
19:15:57,14042.6,W7JET,38,25,W2NNN
19:15:57,14043.8,K1SM,32,4,VE4DRK
19:15:57,14055.0,K5IRH,22,8,K9LC
19:15:57,14055.0,K5IRH,22,12,TI7W
19:15:58,14031.2,VE3NZ,32,3,MM9PSY
19:15:58,14036.2,W5TM,38,13,N2EPE
19:15:58,14043.9,K1SM,31,5,G4KCM
19:15:58,14049.6,AH7R,29,3,JH7CSU1
19:15:59,14026.4,WG3J,40,7,DL8LAS-3
19:15:59,14055.0,K5IRH,22,10,WA7LNW
19:16:00,14039.6,W8CAR,38,9,VE6AO
19:16:01,14026.4,WG3J,40,7,DL8LAS
19:16:01,14042.0,K1TR,38,17,IT9GSF
19:16:02,14036.2,W5TM,36,13,N6TV
19:16:02,14042.6,W7JET,36,11,W8WTS
19:16:02,14042.9,N4BA,36,13,W1NT-2
19:16:03,14031.6,N6NT,34,7,M1GEO
19:16:03,14031.6,N6NT,34,14,K4PP
19:16:03,14031.6,N6NT,34,8,EA2RCF-4
19:16:03,14036.2,W5TM,34,20,AC0C-1
19:16:05,14029.3,W2RQ,43,6,DK0TE
19:16:05,14029.6,KH7X,39,6,AK6RI-1
19:16:05,14031.6,N6NT,33,4,KD2OGR
19:16:05,14031.6,N6NT,34,11,DK0TE
19:16:06,14024.4,K1DW,33,2,DF7GB
19:16:06,14028.8,ZA1EM,31,18,OK1HRA
19:16:06,14049.0,KE9BNN,15,6,W6YX
19:16:07,14024.9,W8FJ,39,32,K7CO
19:16:07,14029.3,W2RQ,40,13,DK9IP
19:16:07,14030.8,K3WW,39,9,VE4DRK
19:16:07,14031.6,N6NT,34,13,DK9IP
19:16:07,14032.7,N4BP,30,41,WB6BEE
19:16:07,14032.7,N4BP,32,30,WE9V
19:16:07,14032.8,N4BP,31,27,W2NNN
19:16:07,14040.9,K5OHY,29,6,W2NNN
19:16:08,14031.6,N6NT,33,12,K5TR
19:16:08,14032.7,N4BP,31,37,K5TR
19:16:08,14045.0,AI5IN,37,10,K5TR
19:16:09,14026.8,W1WEF,38,15,DL5RCN
19:16:09,14028.9,ZA1EM,30,21,OK1FCJ
19:16:09,14030.0,N7US,38,8,NG7M
19:16:09,14031.6,N6NT,34,8,DL8LAS-3
19:16:09,14032.7,N4BP,30,26,KC4YVA
19:16:09,14036.2,EA4RKC,20,27,DL5RCN
19:16:09,14038.6,W7KFI,19,3,K6FOD
19:16:10,14028.9,ZA1EM,31,21,OH6BG
19:16:10,14029.3,W2RQ,43,11,DL8LAS-1
19:16:10,14029.6,KH7X,42,32,WA7LNW
19:16:10,14031.0,K3WW,39,4,MM0ZBH
19:16:10,14031.0,K3WW,36,18,DL8LAS-1
19:16:10,14031.6,N6NT,34,8,N7VVX
19:16:10,14031.6,N6NT,33,16,VE6AO
19:16:10,14032.7,N4BP,31,25,KM3T-3
19:16:10,14032.7,N4BP,31,29,K3PA-1
19:16:10,14036.0,EA4RKC,20,19,S50U
19:16:11,14029.3,W2RQ,43,11,DL8LAS
19:16:11,14031.0,K3WW,38,17,DL8LAS
19:16:11,14031.6,N6NT,34,8,DL8LAS
19:16:11,14032.7,N4BP,31,39,W8WWV
19:16:11,14032.7,N4BP,31,21,VE6WZ-3
19:16:11,14036.0,EA4RKC,19,10,S53WW
19:16:11,14038.0,E70T,35,27,BD8CS
19:16:11,14038.0,E70T,35,13,W8WWV
19:16:12,14028.9,ZA1EM,29,22,RK3TD-2
19:16:12,14029.3,W2RQ,44,8,DL1HWS-4
19:16:12,14029.6,KH7X,36,29,N9CO
19:16:12,14029.6,KH7O,39,14,W8WTS
19:16:12,14031.0,K3WW,40,4,PE5TT
19:16:12,14032.7,N4BP,31,23,KM3T-2
19:16:12,14032.7,N4BP,31,20,W8WTS
19:16:12,14032.7,N4BP,31,30,K9IMM
19:16:12,14032.7,N4BP,32,30,W1NT-2
19:16:12,14038.0,E70T,35,30,KM3T-2
19:16:12,14038.0,E70T,35,45,N9CO
19:16:12,14038.0,E70T,34,31,PI4CC
19:16:12,14038.0,E70T,34,41,W1NT-2
19:16:12,14038.0,E70T,35,31,PA5KT-4
19:16:12,14038.1,E70T,35,21,BG7IEJ
19:16:12,14038.6,W7KFI,19,3,AA0O
19:16:12,14055.0,K5IRH,22,12,N9CO
19:16:13,14028.9,ZA1EM,29,5,HB9EMP
19:16:13,14029.2,M2RQ,42,13,SE5E
19:16:13,14032.7,N4BP,30,31,AC0C-1
19:16:13,14032.7,N4BP,31,26,K4PP
19:16:13,14032.7,N4BP,30,15,WX7V/5
19:16:13,14032.7,N4BP,32,26,KM3T-5
19:16:13,14038.0,E70T,34,25,SE5E
19:16:13,14038.0,E70T,35,32,KM3T-5
19:16:14,14029.3,W2RQ,44,9,DK3WW
19:16:14,14031.6,VE6SV,32,19,K1RA-4
19:16:14,14032.7,N4BP,31,22,W1NT-6
19:16:14,14032.7,N4BP,31,32,K1RA-4
19:16:14,14032.8,N4BP,31,24,N2YCH
19:16:14,14038.0,E70T,36,42,W1NT-6
19:16:14,14038.0,E70T,35,25,K1RA-4
19:16:14,14038.1,E70T,34,16,N2YCH
19:16:14,14045.0,AI5IN,38,8,OE9GHV
19:16:15,14032.7,N4BP,31,21,VE6WZ
19:16:15,14032.7,N4BP,31,22,KD2M
19:16:15,14055.0,K5IRH,23,24,AA4PA
19:16:16,14032.7,N4BP,30,32,W3RGA
19:16:16,14035.0,EA5M,38,11,DK9IP-1
19:16:16,14036.7,OH3BCX,32,27,LZ7AA
19:16:16,14036.7,OH3BCX,32,17,F4GOU
19:16:16,14036.7,OH3BCX,31,13,EA5WU
19:16:16,14038.0,E70T,35,36,EA5WU
19:16:16,14038.1,E70T,35,34,OH8KA
19:16:16,14055.0,K5IRH,23,5,W3RGA
19:16:17,14032.7,N4BP,30,15,W6YX
19:16:17,14034.2,KG9X,34,10,VE4DRK
19:16:17,14035.0,VE3JM,38,7,VE4DRK
19:16:17,14036.6,OH3BCX,31,10,DR4W
19:16:17,14038.0,E70T,35,10,EI4HQ
19:16:17,14038.0,E70T,35,16,JN1ILK
19:16:17,14038.0,E70T,35,20,WB6BEE
19:16:17,14039.0,W7SW,25,41,WB6BEE
19:16:17,14048.5,AB9CA,19,9,W6YX
19:16:17,14055.0,K5IRH,22,8,WB6BEE
19:16:18,14032.7,N4BP,31,25,N2EPE
19:16:18,14035.1,EA5M,37,26,HG8A
19:16:18,14036.7,OH3BCX,32,10,SZ1A
19:16:18,14038.0,E70T,35,12,SZ1A
19:16:18,14055.0,K5IRH,22,6,N2EPE
19:16:19,14035.0,EA5M,37,37,OK1FCJ
19:16:19,14036.7,OH3BCX,32,23,LZ5DI
19:16:20,14036.2,W5TM,38,13,KM3T-3
19:16:20,14036.7,OH3BCX,31,13,OH6BG
19:16:20,14036.7,OH3BCX,31,7,S50U
19:16:20,14038.0,E70T,33,31,KM3T-3
19:16:20,14039.0,W7SW,26,29,KM3T-3
19:16:20,14039.1,W7SW,25,23,WA7LNW
19:16:20,14055.0,K5IRH,22,7,K6FOD
19:16:21,14033.3,KR2Q,37,10,DL8LAS-1
19:16:21,14035.0,EA5M,38,20,RU9CZD
19:16:21,14036.7,OH3BCX,31,23,IT9GSF
19:16:21,14036.7,OH3BCX,32,13,BD8CS
19:16:21,14039.0,W7SW,25,14,IT9GSF
19:16:21,14045.0,AI5IN,38,33,K3PA-1
19:16:21,14045.0,AI5IN,38,6,DL8LAS
19:16:21,14060.0,VE4GH,18,9,K3PA-1
19:16:21,14066.5,WJ0L,21,5,W8WWV
19:16:22,14032.7,N4BP,30,36,N9CO
19:16:22,14045.0,AI5IN,13,4,DO4DXA
19:16:22,14060.0,VE4GH,20,9,VE6WZ-3
19:16:22,14060.0,VE4GH,19,18,N9CO
19:16:22,14066.5,WJ0L,21,4,N9CO
19:16:23,14032.2,N3RD,42,9,PE5TT
19:16:23,14035.1,EA5M,38,16,SQ5J
19:16:23,14039.0,W7SW,26,30,K9IMM
19:16:23,14046.5,F6HKA,29,5,SE5E
19:16:24,14036.2,W5TM,38,13,KM3T-5
19:16:24,14039.0,W7SW,25,30,KM3T-5
19:16:24,14039.1,W7SW,25,17,W1NT-6
19:16:25,14035.0,EA5M,37,28,RK3TD
19:16:25,14035.2,VE3JM,37,17,K1RA-4
19:16:25,14043.9,K1SM,32,7,GI4DOH
19:16:25,14060.0,VE4GH,20,9,VE6WZ
19:16:26,14028.9,WA3AAN,29,11,AA4PA
19:16:26,14032.7,N4BP,32,35,AA4PA
19:16:26,14039.0,W7SW,26,28,AA4PA
19:16:26,14052.5,W4LOO,25,2,VE7CC
19:16:26,14052.5,W4LOO,25,2,VE7CC
19:16:27,14026.6,W1WEF,38,37,KD7EFG
19:16:27,14031.2,VE3NZ,31,16,W6YX
19:16:27,14032.7,N4BP,30,31,KD7EFG
19:16:27,14036.6,OH3BCX,32,7,LZ3CB
19:16:27,14036.7,OH3BCX,32,44,EI4HQ
19:16:27,14039.0,W7SW,26,22,W6YX
19:16:27,14048.5,AB9CA,17,29,KD7EFG
19:16:28,14032.7,N4BP,31,20,K9LC
19:16:28,14036.7,OH3BCX,31,9,G0KTN
19:16:28,14041.9,K1TR,40,31,WE9V
19:16:29,14027.4,N8KH,37,26,KC4YVA
19:16:30,14032.7,N4BP,30,25,NG7M
19:16:30,14035.6,VE3KIU,28,4,NG7M
19:16:30,14036.0,EA4RKC,20,15,OH6BG
19:16:31,14026.6,W1WEF,38,18,IT9GSF
19:16:31,14032.7,N4BP,31,27,WA7LNW
19:16:31,14035.6,VE3KIU,28,5,DL8LAS-1
19:16:31,14035.6,VE3KIU,28,5,DL8LAS
19:16:31,14036.7,OH3BCX,31,7,DL8LAS-1
19:16:31,14036.7,OH3BCX,31,7,DL8LAS
19:16:31,14038.2,K0TG,38,28,K3PA-1
19:16:31,14041.5,K0RX,34,6,IT9GSF
19:16:31,14046.1,AD8J,31,34,K3PA-1
19:16:32,14031.0,K3WW,39,7,DK0KK
19:16:32,14036.0,EA4RKC,20,6,RU9CZD
19:16:32,14038.0,E70T,34,19,RU9CZD
19:16:33,14026.8,VE9KK,28,7,K9IMM
19:16:33,14033.0,WJ9B,35,13,VE6WZ-3
19:16:33,14041.9,K1TR,39,16,VE6WZ-3
19:16:33,14044.0,K1SM,32,2,SQ5J
19:16:34,14024.9,W8FJ,38,28,AC0C-1
19:16:34,14027.4,N8KH,36,14,KM3T-5
19:16:34,14032.5,KO4VW,34,42,AC0C-1
19:16:34,14036.0,EA4RKC,20,6,ES5PC
19:16:35,14029.3,W2RQ,44,8,N2YCH
19:16:35,14036.0,EA4RKC,20,14,ES2RR
19:16:35,14036.7,OH3BCX,32,13,ES2RR
19:16:35,14038.0,E70T,34,21,ES2RR
19:16:35,14038.0,E70T,34,9,VU2TUM
19:16:36,14028.1,W8XAL,35,11,VE6WZ
19:16:36,14031.0,K3WW,39,8,DP5G
19:16:36,14033.0,WJ9B,35,13,VE6WZ
19:16:36,14035.5,N3OC,38,7,DK0TE
19:16:36,14035.5,N3OC,37,8,DK9IP-1
19:16:36,14038.0,E70T,32,31,S53A
19:16:36,14041.9,K1TR,39,16,VE6WZ
19:16:36,14042.0,K1TA,37,10,HA2NA
19:16:36,14042.0,K1TR,39,17,AA4PA
19:16:36,14043.9,K1SM,32,8,DP5G
19:16:37,14032.7,N4BP,32,18,WC2L
19:16:37,14042.0,K1TR,38,15,K7CO
19:16:38,14023.2,AB5SE,35,21,WE9V
19:16:38,14028.2,W8XAL,33,11,W2NNN
19:16:38,14032.7,N4BP,32,27,TI7W
19:16:38,14038.0,E70T,34,10,JJ2VLY
19:16:38,14066.4,WJ0L,21,4,WE9V
19:16:39,14028.1,W8XAL,35,17,K9LC
19:16:39,14028.1,W8XAL,35,12,N2EPE
19:16:39,14036.7,OH3BCX,31,9,OK1FCJ
19:16:40,14039.0,W7SW,25,17,K6FOD
19:16:41,14032.7,N4BP,30,6,VE6AO
19:16:41,14035.9,N6CHU,27,22,ZF9CW
19:16:41,14038.0,E70T,35,28,ZF9CW
19:16:41,14040.0,KC9IL,30,27,K3PA-1
19:16:41,14049.0,KE9BNN,15,15,ZF9CW
19:16:42,14023.1,AB5SE,33,24,W8WWV
19:16:42,14032.7,N4BP,31,26,IT9GSF
19:16:42,14035.5,N3OC,39,12,IK4VET
19:16:42,14035.5,N3OC,40,14,DK0KK
19:16:42,14035.5,N3OC,41,9,PI4CC
19:16:42,14038.0,E70T,33,38,IT9GSF
19:16:43,14024.0,W4CMG,36,4,W2NAF
19:16:43,14029.3,W2RQ,43,12,PE5TT
19:16:43,14035.9,N6CHU,29,20,VE6WZ-3
19:16:43,14042.0,K1TR,37,37,N9CO
19:16:43,14053.4,K7GT,16,7,N9CO
19:16:44,14027.8,W8FN,39,6,EA2RCF-4
19:16:44,14039.3,K7RL,40,32,AC0C-1
19:16:44,14040.0,KC9IL,30,32,AC0C-1
19:16:44,14049.0,KE9BNN,15,24,WX7V/5
19:16:44,14066.5,WJ0L,21,6,AC0C-1
19:16:45,14049.0,KE9BNN,15,4,KM3T-5
19:16:46,14035.5,N3OC,39,14,DP5G
19:16:46,14035.9,N6CHU,29,20,VE6WZ
19:16:46,14040.0,KC9IL,31,11,WT8P
19:16:46,14058.0,W7BTR,20,2,VE6WZ
19:16:47,14023.1,AB5SE,34,22,AA4PA
19:16:47,14040.0,KC9IL,29,29,AA4PA
19:16:48,14023.2,AB5SE,32,11,W6YX
19:16:48,14038.0,E70T,34,13,F6KGL
19:16:48,14038.1,E70T,35,20,W2NNN
19:16:48,14043.7,KD2FSS,37,12,K7CO
19:16:49,14038.0,E70T,33,14,WE9V
19:16:49,14039.3,K7RL,39,22,N2EPE
19:16:50,14042.5,W7JET,41,24,N7VVX
19:16:50,14043.9,K1SM,32,4,NG7M
19:16:51,14032.7,N4BP,31,25,N4HAC
19:16:51,14036.7,OH3BCX,32,42,IK7YTT
19:16:51,14038.0,E70T,35,10,S50U
19:16:52,14027.7,W8FT,39,14,DK0KK
19:16:52,14032.7,N4BP,31,12,NU4F
19:16:52,14036.0,EA4RKC,20,12,BD8CS
19:16:53,14027.8,W8FN,39,12,SE5E
19:16:53,14029.2,W2RQ,43,8,DO4DXA
19:16:53,14031.0,K3WW,38,17,SE5E
19:16:53,14039.3,K7RL,39,35,W1NT-2
19:16:53,14039.3,K7RL,39,30,N9CO
19:16:53,14045.0,AI5IN,36,10,PI4CC
19:16:54,14023.2,AB5SE,36,19,K9IMM
19:16:54,14023.2,AB5SE,35,16,K4PP
19:16:54,14026.3,WG3J,42,11,N6TV
19:16:54,14036.7,OH3BCX,32,10,EA2RCF-4
19:16:54,14038.0,E70T,32,17,ES5PC
19:16:54,14039.6,W8CAR,40,19,VE6WZ-3
19:16:55,14027.4,N8KH,37,22,W1NT-6
19:16:55,14030.5,AD4EB,39,4,W2MV
19:16:55,14032.7,N4BP,30,4,KD2OGR
19:16:55,14039.3,K7RL,38,29,W1NT-6
19:16:55,14043.7,KD2FSS,27,20,AC0C-1
19:16:56,14029.2,W2RQ,42,7,DF7GB
19:16:56,14036.0,EA4RKC,20,5,DP5G
19:16:56,14039.3,K7RL,39,21,AK6RI-1
19:16:57,14023.2,AB5SE,34,11,W3RGA
19:16:57,14035.0,EA5M,33,36,S53A
19:16:57,14035.2,NE2V,35,18,KD7EFG
19:16:57,14036.0,EA4RKC,20,6,DK9IP-1
19:16:57,14038.0,E70T,30,4,BH4RRG
19:16:57,14039.3,K7RL,39,18,WC2L
19:16:57,14039.6,W8CAR,40,19,VE6WZ
19:16:57,14042.6,W7JET,39,42,KD7EFG
19:16:58,14035.9,EA4RKC,20,5,YO2CK
19:16:58,14043.7,N8UM,36,14,K7CO
19:16:58,14043.7,N8UM,38,18,W6YX
19:16:59,14023.1,AB5SE,35,9,K9LC
19:16:59,14023.2,AB5SE,38,9,N2EPE
19:16:59,14024.4,K1DW,33,11,N2EPE
19:16:59,14034.0,VE5UO,33,29,WE9V
19:16:59,14039.2,K7RL,38,36,WE9V
19:16:59,14039.6,W8CAR,39,26,ND7K
19:16:59,14043.8,ZA1EM,31,30,MM9PSY
19:17:00,14027.8,W8FN,39,8,ON6ZQ
19:17:01,14036.0,EA4RKC,20,23,IK7YTT
19:17:01,14043.7,N8UM,36,12,NG7M
19:17:01,14043.8,N8UM,37,19,K5EM
19:17:01,14046.8,EA3FZT,33,17,KM3T-3
19:17:02,14024.4,K1DW,33,10,IT9GSF
19:17:02,14026.6,W1WEF,38,43,W8WWV
19:17:02,14034.0,VE5UO,33,29,W8WWV
19:17:02,14040.9,TK5OHY,31,4,IT9GSF
19:17:02,14042.0,K1TR,37,19,S53WW
19:17:02,14043.7,N8UM,37,16,ZF9CW
19:17:02,14043.7,N8UM,38,24,K3PA-1
19:17:03,14029.2,W2RQ,39,8,PI4CC
19:17:03,14034.1,VE5UO,34,27,W1NT-2
19:17:03,14043.7,N8UM,38,11,PE5TT
19:17:03,14043.9,ZA1EM,32,8,BG7IEJ
19:17:03,14046.8,EA3FZT,34,16,KM3T-2
19:17:04,14034.0,VE5UO,32,33,N9CO
19:17:04,14034.0,VE5UO,31,28,K9IMM
19:17:04,14040.5,NE5A,30,37,N9CO
19:17:04,14040.5,NE5A,30,37,K9IMM
19:17:05,14031.2,VE3NZ,32,5,OE9GHV
19:17:05,14034.1,VE5UO,34,32,AC0C-1
19:17:05,14034.4,KG9X,38,26,WX7V/5
19:17:05,14039.3,K7RL,38,5,W2MV
19:17:05,14043.5,NK2Y,29,16,WX7V/5
19:17:05,14043.7,N8UM,37,12,OE9GHV
19:17:05,14043.7,N8UM,37,12,K4PP
19:17:05,14044.0,WB2KAO,34,11,WX7V/5
19:17:05,14046.8,EA3FZT,35,18,KM3T-5
19:17:05,14046.8,EA3FZT,36,17,ES2RR
19:17:06,14038.0,E70T,34,16,G4ZFE
19:17:06,14038.0,E70T,29,4,BH4RRG0
19:17:06,14040.6,NE5A,30,6,N2YCH
19:17:06,14043.9,LA1EM,31,16,GI4DOH
19:17:07,14034.1,VE5UO,33,22,AA4PA
19:17:07,14038.0,E70T,35,18,W3RGA
19:17:07,14043.6,N8UM,37,13,OK1HRA
19:17:07,14043.7,N8UM,36,15,VE6WZ
19:17:07,14043.7,N8UM,38,21,AA4PA
19:17:07,14043.9,LA1EM,31,17,EA5WU
19:17:08,14023.0,AB5SE,33,6,VE4DRK
19:17:08,14040.3,NE5A,30,13,VE4DRK
19:17:08,14043.9,LA1EM,30,13,DL1HWS-3
19:17:08,14043.9,LA1EM,33,18,G0KTN
19:17:08,14044.0,WB2KAO,32,11,KD7EFG
19:17:08,14046.7,EA3FZT,35,13,YO2CK
19:17:08,14046.8,EA3FZT,35,18,LZ4AE
19:17:08,14046.8,EA3FZT,36,18,LZ4AE
19:17:09,14034.1,VE5UO,32,18,K7CO
19:17:09,14040.5,NE5A,30,14,WB6BEE
19:17:09,14040.5,NE5A,30,27,W6YX
19:17:09,14040.5,NE5A,30,19,ND7K
19:17:09,14043.7,N8UM,38,18,ND7K
19:17:09,14044.6,TN3SD,39,16,W6YX
19:17:09,14046.8,EA3FZT,35,5,G4KCM
19:17:10,14031.6,N6NT,34,16,K9LC
19:17:10,14034.0,VE5UO,30,23,K5TR
19:17:10,14043.7,N8UM,38,19,K9LC
19:17:10,14044.6,N3SD,40,14,K5TR
19:17:10,14046.8,EA3FZT,33,14,K5TR
19:17:11,14044.6,N3SD,40,19,NG7M
19:17:11,14057.0,KE0TL,15,5,N4HAC
19:17:11,14057.0,KE0TL,15,5,N4HAC
19:17:12,14023.2,AB5SE,33,15,WA7LNW
19:17:12,14028.5,W4SPR,32,9,VE6AO
19:17:12,14031.6,N6NT,34,7,DL1HWS
19:17:12,14033.6,N4KS,30,16,K3PA-1
19:17:12,14035.5,N3OC,38,11,DL8LAS
19:17:12,14038.6,K4PI,35,11,IK4VET
19:17:12,14039.6,W8CAR,37,21,WA7LNW
19:17:12,14040.5,KT5V,31,8,VE6AO
19:17:12,14040.5,NE5A,29,27,ZF9CW
19:17:12,14040.5,NE5A,30,31,W8WWV
19:17:12,14040.5,NE5A,30,22,WA7LNW
19:17:12,14042.6,W7JET,39,8,KH6LC
19:17:12,14043.9,LA1EM,32,11,DL1HWS
19:17:12,14044.6,N3SD,38,8,KM3T-3
19:17:12,14044.6,N3SD,40,20,K3PA-1
19:17:12,14044.6,N3SD,40,16,WA7LNW
19:17:12,14057.0,KE0TL,15,13,KM3T-3
19:17:12,14057.0,KE0TL,15,19,K3PA-1
19:17:12,14057.0,KE0TL,15,19,W8WWV
19:17:12,14057.0,KE0TL,15,17,WA7LNW
19:17:13,14027.0,K5AX,35,28,IT9GSF
19:17:13,14031.6,N6NT,34,4,W2NAF
19:17:13,14043.9,ZA1EM,32,17,RK3TD-2
19:17:13,14057.0,KE0TL,15,12,KM3T-2
19:17:14,14033.3,KR2Q,37,25,K7EK
19:17:14,14033.3,KR2Q,36,51,N9CO
19:17:14,14039.3,K7RL,38,27,N6TV
19:17:14,14040.4,KT5V,31,23,VE6WZ-3
19:17:14,14043.3,K5UV,35,14,K7EK
19:17:14,14043.9,ZA1EM,33,14,HB9EMP
19:17:14,14046.1,AD8J,31,13,N6TV
19:17:14,14046.8,EA3FZT,36,25,YO5LD
19:17:14,14046.8,EA3FZT,34,17,N9CO
19:17:14,14046.8,EA3FZT,34,23,ES5PC
19:17:14,14057.0,KE0TL,15,12,W1NT-2
19:17:14,14057.0,KE0TL,15,12,VE6WZ-3
19:17:15,14023.2,AB5SE,33,28,AC0C-1
19:17:15,14036.0,EA4RKC,20,21,DK3WW
19:17:15,14040.0,KC9IL,31,9,K4PP
19:17:15,14043.7,N8UM,37,24,AC0C-1
19:17:15,14044.6,N3SD,40,24,AC0C-1
19:17:15,14057.0,KE0TL,15,21,AC0C-1
19:17:16,14020.8,RK1AT,25,18,G4ZFE
19:17:16,14040.5,NE5A,30,19,K1RA-4
19:17:16,14043.9,ZA1EM,30,21,RK3TD
19:17:16,14043.9,ZA1EM,31,10,DK0TE
19:17:16,14044.6,N3SD,40,8,KM3T-5
19:17:16,14057.0,KE0TL,15,14,KM3T-5
19:17:16,14057.0,KE0TL,15,9,K1RA-4
19:17:17,14030.5,AD4EB,37,8,AK6RI-1
19:17:17,14031.6,N6NT,34,15,DK9IP-1
19:17:17,14031.6,N6NT,34,4,EA5WU
19:17:17,14031.6,N6NT,34,9,W3RGA
19:17:17,14035.5,N3OC,41,6,DF7GB
19:17:17,14038.6,K4PI,37,13,VE6WZ
19:17:17,14040.4,KT5V,31,23,VE6WZ
19:17:17,14043.5,NK2Y,29,17,S53A
19:17:17,14043.7,N8UM,36,20,S53A
19:17:17,14043.7,N8UM,37,33,VE6WZ
19:17:17,14046.1,AD8J,30,9,WT8P
19:17:17,14057.0,KE0TL,15,12,VE6WZ
19:17:18,14020.8,RK1AT,24,20,EI4HQ
19:17:18,14020.8,RK1AT,25,19,G0KTN
19:17:18,14023.2,AB5SE,33,11,KD7EFG
19:17:18,14031.6,N6NT,33,5,HB9BXE
19:17:18,14034.1,VE5UO,33,15,WC2L
19:17:18,14040.5,KT5V,31,2,EI4HQ
19:17:18,14043.8,ZA1EM,30,17,EI4HQ
19:17:18,14044.6,N3SD,40,25,KD7EFG
19:17:18,14046.1,AD8J,31,26,WC2L
19:17:18,14046.1,AD8J,30,28,KD7EFG
19:17:19,14032.7,N4BP,31,24,K7CO
19:17:19,14039.6,W8CAR,39,16,W6YX
19:17:19,14040.0,KC9IL,30,14,W6YX
19:17:19,14043.8,ZA1EM,31,17,G4KCM
19:17:19,14044.6,N3SD,40,16,W6YX
19:17:19,14044.7,N3SD,40,23,K7CO
19:17:19,14057.0,KE0TL,15,16,W6YX
19:17:19,14057.1,KE0TL,15,9,W2NNN
19:17:20,14034.1,VE5UO,33,14,N2EPE
19:17:20,14039.6,W8CAR,38,19,K5TR
19:17:20,14043.7,N8UM,37,32,WE9V
19:17:20,14043.7,N8UM,37,24,K5TR
19:17:20,14044.6,N3SD,39,8,ND7K
19:17:20,14057.0,KE0TL,15,6,N2EPE
19:17:21,14040.5,KT5V,32,23,N7VVX
19:17:21,14043.9,LA1EM,33,41,MM0ZBH
19:17:22,14020.8,RK1AT,24,11,IK4VET
19:17:22,14034.0,VE5UO,33,11,NG7M
19:17:22,14035.2,VE3JM,36,13,NU4F
19:17:22,14035.5,N3OC,38,11,DL8LAS-1
19:17:22,14038.2,K0TG,35,16,N4HAC
19:17:22,14043.7,N8UM,36,9,DL1HWS
19:17:22,14043.7,N8UM,38,11,NU4F
19:17:22,14043.9,ZA1EM,31,22,OH6BG
19:17:23,14034.1,VE5UO,33,33,K3PA-1
19:17:23,14034.1,VE5UO,33,29,ZF9CW
19:17:23,14036.0,EA4RKC,20,11,RK3TD-2
19:17:23,14036.1,EA4RKC,20,7,BG7IEJ
19:17:23,14039.6,W8CAR,37,27,K3PA-1
19:17:23,14040.0,KC9IL,30,23,WA7LNW
19:17:23,14040.5,KT5V,31,9,DK0KK
19:17:23,14040.9,K5OHY,31,15,ZF9CW
19:17:23,14043.7,N8UM,37,11,VE6AO
19:17:23,14043.7,N8UM,38,25,WA7LNW
19:17:23,14043.9,K1SM,31,8,DK0KK
19:17:23,14043.9,LA1EM,34,12,BD8CS
19:17:23,14044.6,N3SD,41,5,IT9GSF
19:17:23,14044.6,N3SD,39,7,KM3T-2
19:17:23,14062.5,KF0UVL,17,14,W8WWV
19:17:24,14024.4,K1DW,36,29,K7EK
19:17:24,14039.0,W7SW,25,12,W8WTS
19:17:24,14039.1,W7SW,26,26,K7EK
19:17:24,14043.8,N8UM,38,25,K7EK
19:17:24,14043.9,ZA1EM,31,8,DM5GG
19:17:24,14044.0,K1SM,32,23,K7EK
19:17:25,14040.0,KC9IL,31,21,VE6WZ-3
19:17:25,14043.7,N8UM,38,6,N6TV
19:17:25,14043.7,N8UM,37,33,VE6WZ-3
19:17:25,14043.7,N8UM,37,45,K9IMM
19:17:25,14044.6,N3SD,40,9,N6TV
19:17:25,14059.0,N2ETH,19,3,K9IMM
19:17:26,14034.0,VE5UO,32,16,KM3T-5
19:17:26,14034.1,VE5UO,33,10,KD2M
19:17:26,14036.5,SM7T,30,5,PT2FHC
19:17:26,14036.5,SM7T,31,23,N2YCH
19:17:26,14036.5,SM7T,29,38,W1NT-6
19:17:26,14043.9,K1SM,32,3,KD2M
19:17:26,14046.1,AD8J,30,4,KD2OGR
19:17:26,14046.8,EA3FZT,36,9,YO2KAR
19:17:26,14062.5,KF0UVL,17,28,AC0C-1
19:17:27,14034.1,VE5UO,33,23,K1RA-4
19:17:27,14036.5,SM7T,29,31,EA5WU
19:17:27,14043.7,N8UM,38,7,WT8P
19:17:27,14043.9,K1SM,32,6,DK0TE
19:17:27,14043.9,K1SM,32,6,DK9IP-1
19:17:27,14062.5,KF0UVL,17,17,K1RA-4
19:17:28,14035.6,VE3KIU,24,13,AA4PA
19:17:28,14040.0,KC9IL,31,21,VE6WZ
19:17:28,14040.5,NE5A,30,13,W3RGA
19:17:28,14040.5,KT5V,31,15,VE6WZ
19:17:29,14024.0,W4CMG,36,17,KD7EFG
19:17:29,14027.7,W8FN,40,3,G4KCM
19:17:29,14029.7,KH7X,36,20,W2NNN
19:17:29,14033.3,KR2Q,37,12,W2NNN
19:17:29,14039.3,K7RL,38,20,W2NNN
19:17:29,14040.5,KT5V,31,13,K7CO
19:17:29,14043.7,N8UM,38,31,KD7EFG
19:17:30,14024.0,W4CMG,36,7,WB6BEE
19:17:30,14029.6,KH7X,36,27,WB6BEE
19:17:30,14032.7,N4BP,31,18,ND7K
19:17:30,14035.0,EA5M,36,16,LZ5DI
19:17:30,14036.5,SM7T,30,18,WB6BEE
19:17:30,14036.5,SM7T,30,9,SZ1A
19:17:30,14036.5,SM7T,29,25,TI7W
19:17:30,14039.0,W7SW,25,21,N2EPE
19:17:30,14039.2,K7RL,39,34,K5TR
19:17:30,14039.3,K7RL,38,19,KC4YVA
19:17:30,14043.7,N8UM,37,14,TI7W
19:17:30,14043.8,ZA1EM,31,13,OK1FCJ
19:17:30,14046.8,EA3FZT,35,10,WB6BEE
19:17:30,14046.8,EA3FZT,35,14,TI7W
19:17:31,14029.6,KH7X,40,11,K6FOD
19:17:31,14039.3,K7RL,39,28,N7VVX
19:17:31,14042.9,N4BA,35,11,WE9V
19:17:31,14043.7,N8UM,35,8,K6FOD
19:17:31,14052.6,W4LOO,24,17,K5EM
19:17:31,14062.5,KF0UVL,17,5,K6FOD
19:17:32,14032.2,N3RD,43,6,DL8LAS
19:17:32,14035.5,N3OC,40,13,S53WW
19:17:32,14046.2,AD8J,29,8,IK4VET
19:17:32,14046.5,F6HKA,27,8,IK7YTT
19:17:32,14046.8,EA3FZT,35,18,OH6BG
19:17:33,14032.1,N3RD,43,6,VE6AO
19:17:33,14032.7,N4BP,31,36,ZF9CW
19:17:33,14036.5,SM7T,29,33,IT9GSF
19:17:33,14036.5,SM7T,31,26,RU9CZD
19:17:33,14040.5,NE5A,30,14,KM3T-3
19:17:33,14043.7,N8UM,36,9,DL1HWS-4
19:17:33,14049.9,KN8N,24,4,KM3T-3
19:17:33,14049.9,KN8N,23,8,K3PA-1
19:17:33,14052.4,W4LOO,25,17,W8WWV
19:17:33,14052.5,W4LOO,24,8,KM3T-3
19:17:34,14032.2,N3RD,43,13,K7EK
19:17:34,14036.5,SM7T,30,22,BD8CS
19:17:34,14038.2,K0TG,41,19,W1NT-2
19:17:34,14040.5,NE5A,30,22,W1NT-2
19:17:34,14041.3,N5RZ,40,16,K7EK
19:17:34,14042.6,W7JET,39,18,K7EK
19:17:35,14038.2,K0TG,39,19,WX7V/5
19:17:35,14039.0,W7SW,26,7,WS3W
19:17:35,14043.7,N8UM,37,24,WX7V/5
19:17:35,14043.9,K1SU,32,11,ES5PC
19:17:35,14052.5,W4LOO,24,9,WX7V/5
19:17:36,14038.2,K0TG,40,24,VE6WZ-3
19:17:36,14038.2,K0TG,33,29,AC0C-1
19:17:36,14038.2,K0TG,40,16,KM3T-5
19:17:37,14032.1,N3RD,40,9,DK9IP-1
19:17:37,14032.2,N3RD,38,6,DF7GB
19:17:37,14038.2,K0TG,39,11,W1NT-6
19:17:37,14039.3,K7RL,40,27,K1RA-4
19:17:38,14028.5,W4SPR,31,18,VE6WZ
19:17:38,14038.2,K0TG,40,24,VE6WZ
19:17:38,14039.3,K7RL,40,19,W3RGA
19:17:38,14039.6,W8CAR,37,13,AA4PA
19:17:38,14039.6,W8CAR,37,15,VE6WZ
19:17:38,14040.5,NE5A,30,27,AA4PA
19:17:38,14041.3,N5RZ,40,25,WT8P
19:17:38,14043.9,K1SM,32,9,EA5WU
19:17:38,14046.1,AD8J,30,11,EI4HQ
19:17:39,14028.5,W4SPR,31,35,KD7EFG
19:17:39,14035.0,EA5M,37,18,LZ4AE
19:17:39,14035.0,EA5M,37,7,G4KCM
19:17:39,14045.0,AI5IN,38,4,G4KCM
19:17:39,14048.5,AB9CA,19,11,WC2L
19:17:39,14059.9,VE4GH,20,3,VE4DRK
19:17:40,14038.0,E70T,34,10,OK1FCJ
19:17:40,14038.2,K0TG,36,16,W2NNN
19:17:40,14038.2,K0TG,39,21,W6YX
19:17:40,14038.2,K0TG,37,9,TI7W
19:17:40,14039.0,W7SW,25,15,TI7W
19:17:40,14062.5,KF0UVL,17,11,WB6BEE
19:17:41,14027.4,N8KH,37,22,WE9V
19:17:41,14029.3,W2RQ,34,7,MM0ZBH
19:17:41,14038.0,E70T,34,8,KC4YVA
19:17:41,14038.2,K0TG,39,11,N2EPE
19:17:41,14040.5,NE5A,30,15,N2EPE
19:17:41,14040.5,NE5A,30,15,K9LC
19:17:41,14040.5,NE5A,31,27,WE9V
19:17:41,14062.4,KF0UVL,17,13,WE9V
19:17:41,14062.5,KF0UVL,17,18,K5TR
19:17:42,14024.4,K1DW,33,9,K6FOD
19:17:42,14027.4,N8KH,36,25,N4HAC
19:17:42,14029.2,W2RQ,44,17,NG7M
19:17:42,14034.1,VE5UO,33,19,N4HAC
19:17:42,14038.0,E70T,34,26,OH6BG
19:17:42,14038.0,E70T,34,22,N4HAC
19:17:42,14038.2,K0TG,36,6,K6FOD
19:17:42,14043.9,K1SM,32,7,DL1HWS
19:17:43,14038.1,E70T,34,11,IK4VET
19:17:43,14038.2,K0TG,40,16,KM3T-3
19:17:43,14040.5,NE5A,31,28,K3PA-1
19:17:43,14045.0,AI5IN,37,7,DL1HWS-4
19:17:43,14062.5,KF0UVL,17,24,K3PA-1
19:17:44,14038.0,E70T,35,28,RK3TD-2
19:17:44,14038.1,K0TG,39,26,W8WWV
19:17:44,14038.2,K0TG,40,14,KM3T-2
19:17:44,14038.2,K0TG,40,20,WA7LNW
19:17:44,14039.3,K7RL,36,23,W8WTS
19:17:44,14040.5,NE5A,30,13,KM3T-2
19:17:44,14049.9,KN8N,24,4,W1NT-2
19:17:44,14055.0,K5IRH,20,13,ZF9CW
19:17:45,14029.3,W2RQ,43,21,K7EK
19:17:45,14037.1,K0SN,38,12,K7EK
19:17:45,14055.0,K5IRH,21,5,N6TV
19:17:45,14058.0,W7BTR,20,3,N9CO
19:17:45,14062.6,KF0UVL,17,7,K7EK
19:17:46,14038.0,E70T,34,30,RK3TD
19:17:46,14044.6,N3SD,40,9,WX7V/5
19:17:46,14060.0,VE4GH,20,2,AC0C-1
19:17:47,14032.2,N3RD,43,5,DK0TE
19:17:47,14036.5,SM7T,29,22,K1RA-4
19:17:47,14038.2,K0TG,40,20,K1RA-4
19:17:47,14040.5,NE5A,30,15,KM3T-5
19:17:48,14027.4,N8KH,38,29,W3RGA
19:17:48,14035.3,NE2V,39,24,S53A
19:17:48,14036.5,SM7T,30,17,S53A
19:17:48,14040.3,KT5V,31,16,S53A
19:17:48,14045.3,N5NA,31,5,EA5WU
19:17:48,14062.5,KF0UVL,18,5,W3RGA
19:17:49,14024.9,W8FJ,38,38,AA4PA
19:17:49,14031.6,N6NT,34,7,VE6WZ
19:17:49,14035.0,EA5M,37,18,LZ4AE
19:17:49,14048.5,AB9CA,19,24,AA4PA
19:17:50,14031.6,VB7F,33,21,W6YX
19:17:50,14032.0,N3RD,43,10,VE4DRK
19:17:50,14036.5,SM7T,30,9,OK1FCJ
19:17:50,14038.2,K0TG,39,20,WB6BEE
19:17:50,14040.3,KT5V,31,29,W6YX
19:17:51,14028.8,W0UO,34,10,KC4YVA
19:17:51,14036.5,SM7T,29,18,KC4YVA
19:17:51,14038.0,E70T,33,15,N2EPE
19:17:51,14038.3,K0TG,41,15,KC4YVA
19:17:51,14040.3,KT5V,31,7,K9LC
19:17:51,14040.3,KT5V,31,19,WE9V
19:17:51,14040.4,KT5V,30,22,TI7W
19:17:52,14007.3,SP3DGV,14,8,IK7YTT
19:17:52,14036.5,SM7T,29,8,S50U
19:17:52,14036.5,SM7T,30,19,OH6BG
19:17:52,14040.3,KT5V,31,21,K6FOD
19:17:52,14040.4,KT5V,31,7,K5EM
19:17:53,14026.6,W1WEF,38,8,S53WW
19:17:53,14031.6,N6NT,33,32,KM3T-3
19:17:53,14036.5,SM7T,31,28,KM3T-3
19:17:53,14040.0,KC9IL,30,9,KM3T-3
19:17:53,14040.3,KT5V,31,10,NG7M
19:17:53,14048.0,K6NR,25,13,NG7M
19:17:53,14048.0,K6NR,25,20,KM3T-3
19:17:54,14007.3,SP3DGV,14,16,RU9CZD
19:17:54,14030.0,N7US,39,38,K3PA-1
19:17:54,14030.0,N7US,38,29,ZF9CW
19:17:54,14032.5,KO4VW,37,37,K3PA-1
19:17:54,14036.5,SM7T,30,27,KM3T-2
19:17:54,14036.5,SM7T,30,22,ZF9CW
19:17:54,14036.6,SM7T,30,14,BG7IEJ
19:17:54,14040.0,KC9IL,30,8,KM3T-2
19:17:54,14040.3,KT5V,31,36,K3PA-1
19:17:54,14040.3,KT5V,31,10,W8WWV
19:17:54,14040.4,KT5V,31,34,ZF9CW
19:17:54,14045.3,N5NA,30,22,VE6AO
19:17:54,14048.0,K6NR,25,31,K3PA-1
19:17:54,14048.0,K6NR,25,26,W8WWV
19:17:54,14048.0,K6NR,25,19,KM3T-2
19:17:54,14048.0,K6NR,25,26,ZF9CW
19:17:54,14060.0,KE7LKW,18,6,WA7LNW
19:17:55,14030.0,N7US,38,29,W1NT-2
19:17:55,14032.7,N4BP,31,9,WS3W
19:17:55,14036.5,SM7T,30,13,SE5E
19:17:55,14044.6,N3SD,36,9,W1NT-2
19:17:55,14045.4,N5NA,32,12,K7EK
19:17:55,14048.0,K6NR,25,6,W8WTS
19:17:55,14048.0,K6NR,25,23,W1NT-2
19:17:56,14030.0,N7US,37,13,W2MV
19:17:56,14036.5,SM7T,30,11,ES2RR
19:17:56,14036.5,SM7T,30,9,VU2TUM
19:17:56,14040.0,KC9IL,30,24,WX7V/5
19:17:56,14040.3,KT5V,31,17,N6TV
19:17:56,14040.3,KT5V,30,15,K9IMM
19:17:56,14042.0,K1TR,39,8,OE9GHV
19:17:56,14045.3,N5NA,31,4,N6TV
19:17:56,14046.8,EA3FZT,34,10,W2MV
19:17:56,14048.0,K6NR,25,10,N6TV
19:17:56,14048.0,K6NR,25,23,VE6WZ-3
19:17:56,14048.0,K6NR,25,16,K9IMM
19:17:56,14052.4,W4LOO,24,13,VE6WZ-3
19:17:57,14030.0,N7US,38,42,AC0C-1
19:17:57,14030.0,N7US,34,22,W1NT-6
19:17:57,14030.0,N7US,39,27,K1RA-4
19:17:57,14033.3,KR2Q,36,13,DP5G
19:17:57,14036.5,SM7T,30,4,KD2M
19:17:57,14036.5,SM7T,30,28,KM3T-5
19:17:57,14037.9,K6RB,33,30,AC0C-1
19:17:57,14040.0,KC9IL,31,9,KM3T-5
19:17:57,14040.3,KT5V,31,43,AC0C-1
19:17:57,14040.3,KT5V,30,11,DP5G
19:17:57,14040.3,KT5V,31,2,K1RA-4
19:17:57,14042.0,K1TR,38,22,AC0C-1
19:17:57,14042.0,K1TR,39,21,KM3T-5
19:17:57,14042.0,K1TR,39,5,DK0TE
19:17:57,14046.1,AD8J,30,10,DP5G
19:17:57,14048.0,K6NR,26,29,AC0C-1
19:17:57,14048.0,K6NR,25,21,KM3T-5
19:17:57,14048.0,K6NR,25,11,W1NT-6
19:17:57,14048.0,K6NR,25,24,K1RA-4
19:17:58,14030.0,N7US,38,13,S53A
19:17:58,14039.3,K7RL,39,6,VE7CC
19:17:58,14039.3,K7RL,39,6,VE7CC
19:17:58,14040.3,KT5V,31,6,AK6RI-1
19:17:58,14062.5,KF0UVL,18,1,AK6RI-1
19:17:59,14030.0,N7US,38,34,WC2L
19:17:59,14040.0,KC9IL,30,14,WC2L
19:17:59,14046.8,EA3FZT,34,6,LZ3CB
19:17:59,14046.8,EA3FZT,35,13,W3RGA
19:17:59,14048.0,K6NR,25,13,W3RGA
19:17:59,14048.0,K6NR,25,23,VE6WZ
19:17:59,14048.0,K6NR,25,9,VE6WZ
19:17:59,14052.4,W4LOO,24,13,VE6WZ
19:18:00,14030.1,N7US,41,32,W2NNN
19:18:00,14036.6,SM7T,30,23,W2NNN
19:18:00,14040.1,KC9IL,30,23,W2NNN
19:18:00,14047.9,K6NR,25,14,VE4DRK
19:18:01,14029.0,WA3AAN,36,24,TI7W
19:18:01,14030.0,N7US,40,26,ND7K
19:18:01,14040.0,KC9IL,31,18,ND7K
19:18:01,14040.0,KC9IL,30,32,K5TR
19:18:01,14040.3,KT5V,31,24,ND7K
19:18:01,14041.7,KC8J,30,20,W6YX
19:18:01,14046.1,AD8J,30,17,WB6BEE
19:18:01,14048.0,K6NR,26,27,WB6BEE
19:18:01,14048.0,K6NR,25,20,W6YX
19:18:01,14048.0,K6NR,25,13,N2EPE
19:18:01,14048.0,K6NR,25,25,K5TR
19:18:01,14048.1,K6NR,25,29,K7CO
19:18:01,14060.0,KE7LKW,18,7,K7CO
19:18:01,14060.0,KE7LKW,18,4,ND7K
19:18:01,14062.5,KF0UVL,17,9,W6YX
19:18:02,14028.9,WA3AAN,35,28,WE9V
19:18:02,14030.0,N7US,39,36,KC4YVA
19:18:02,14034.0,VE5UO,33,17,K9LC
19:18:02,14035.0,EA5M,38,41,IK7YTT
19:18:02,14036.5,SM7T,30,8,IK7YTT
19:18:02,14040.0,KC9IL,30,15,KC4YVA
19:18:02,14046.8,EA3FZT,35,18,IK7YTT
19:18:02,14048.0,K6NR,25,7,K9LC
19:18:02,14048.0,K6NR,25,17,WE9V
19:18:02,14048.0,K6NR,25,20,N7VVX
19:18:03,14030.0,N7US,38,15,K6FOD
19:18:03,14037.9,K6RB,35,23,NG7M
19:18:03,14042.0,K1TR,35,5,DO4DXA
19:18:04,14024.9,W8FJ,42,10,PI4CC
19:18:04,14024.9,W8FJ,43,17,VE6AO
19:18:04,14034.0,VE5UO,32,13,KM3T-3
19:18:04,14037.6,N4HAI,31,8,IT9GSF
19:18:04,14042.0,K1TR,40,10,VE6AO
19:18:04,14046.8,EA3FZT,35,10,BD8CS
19:18:05,14023.2,AB5SE,33,16,ZF9CW
19:18:05,14026.3,WG3J,42,13,SE5E
19:18:05,14029.0,WA3AAN,32,13,WA7LNW
19:18:05,14036.5,SM7T,29,32,W1NT-2
19:18:05,14040.3,KT5V,31,21,N9CO
19:18:05,14040.4,KT5V,31,25,WA7LNW
19:18:05,14046.8,EA3FZT,34,26,W1NT-2
19:18:05,14052.5,W4LOO,25,15,ZF9CW
19:18:06,14024.9,W8FJ,43,13,K7EK
19:18:06,14032.6,KO4VW,38,12,K7EK
19:18:06,14035.9,N6CHU,28,29,N6TV
19:18:06,14036.5,SM7T,30,22,W2MV
19:18:06,14037.9,K6RB,35,19,K7EK
19:18:06,14040.4,KT5V,31,26,K7EK
19:18:06,14040.5,NE5A,31,18,K4PP
19:18:07,14024.4,K1DW,33,16,DP5G
19:18:07,14027.4,N8KH,38,17,N2YCH
19:18:07,14027.4,N8KH,37,30,AC0C-1
19:18:07,14034.1,VE5UO,33,15,W1NT-6
19:18:07,14036.0,N6CHU,28,12,W1NT-6
19:18:07,14038.0,E70T,34,10,HA2NA
19:18:07,14039.3,K7RL,38,31,K9IMM
19:18:07,14040.5,NE5A,34,28,AC0C-1
19:18:07,14049.6,AH7RF,30,8,ZL4YL
19:18:07,14049.9,KN8N,23,4,KM3T-5
19:18:07,14049.9,KN8N,24,5,AC0C-1
19:18:08,14035.5,N3OC,37,37,S53A
19:18:08,14035.9,N6CHU,27,15,AK6RI-1
19:18:08,14037.9,E70T,34,12,OK1HRA
19:18:08,14046.8,EA3FZT,35,4,F4GOU
19:18:09,14038.6,W7KFI/5,18,41,W3RGA
19:18:09,14038.6,W7KF,18,41,W3RGA
19:18:09,14039.3,K7RL,40,10,WT8P
19:18:09,14040.3,KT5V,31,6,WT8P
19:18:09,14040.3,KT5V,31,16,AA4PA
19:18:10,14024.7,W8FJ,43,10,VE4DRK
19:18:10,14027.4,N8KH,37,27,WC2L
19:18:10,14036.5,SM7T,30,15,WC2L
19:18:10,14042.0,K1TR,38,10,VE6WZ
19:18:11,14036.0,N6CHU,28,36,K7CO
19:18:11,14038.6,W7KFI,18,20,WB6BEE
19:18:11,14038.6,W7KFI,19,16,ND7K
19:18:12,14027.4,N8KH,37,19,N2EPE
19:18:12,14027.7,W8FN,36,7,WE9V
19:18:12,14035.9,N6CHU,28,33,K5TR
19:18:12,14035.9,N6CHU,27,27,WE9V
19:18:12,14038.5,W7KFI/5,18,20,K5TR
19:18:12,14038.6,W7KFI/5,18,32,N2EPE
19:18:12,14038.6,W7KFI/5,18,19,TI7W
19:18:12,14039.3,K7RL,40,14,TI7W
19:18:13,14026.6,W1WEF,38,8,K6FOD
19:18:13,14032.2,N3RD,43,6,DL1HWS
19:18:13,14033.3,KR2Q,36,11,DK0KK
19:18:13,14035.9,N6CHU,28,26,N7VVX
19:18:13,14035.9,N6CHU,27,23,K6FOD
19:18:13,14035.9,N6CHU,28,24,NG7M
19:18:13,14038.6,W7KF,19,12,NG7M
19:18:14,14027.4,N8KH,37,27,K3PA-1
19:18:14,14029.0,WA3AAN,35,21,IT9GSF
19:18:14,14032.8,N4BP,30,8,W2NAF
19:18:14,14038.6,W7KF,19,25,K3PA-1
19:18:14,14038.6,W7KFI/5,19,25,K3PA-1
19:18:14,14041.7,KC8J,30,4,VE6AO
19:18:14,14043.2,K5UV,37,7,VE6AO
19:18:14,14046.8,EA3FZT,34,29,IT9GSF
19:18:15,14027.4,N8KH,37,22,W1NT-2
19:18:15,14062.5,KF0UVL,17,8,WA7LNW
19:18:16,14027.4,N8KH,37,17,N9CO
19:18:16,14027.4,N8KH,37,19,K4PP
19:18:16,14033.0,WJ9B,35,4,K7EK
19:18:16,14038.6,W7KFI/5,18,34,N9CO
19:18:16,14039.0,W7SW,26,40,N9CO
19:18:16,14045.1,AI5IN,31,29,K7EK
19:18:16,14046.5,F6HKA,31,4,ES5PC
19:18:16,14046.9,EA3FZT,34,9,K7EK
19:18:16,14055.1,K5IRH,22,13,K7EK
19:18:17,14025.7,N2YO,39,26,VE6WZ-3
19:18:17,14027.4,N8KH,37,25,K9IMM
19:18:17,14028.9,WA3AAN,31,19,K9IMM
19:18:17,14029.0,WA3AAN,35,8,KD2M
19:18:17,14030.1,N7US,40,32,N2YCH
19:18:17,14035.0,EA5M,36,9,DP5G
19:18:17,14036.2,W5TM,37,24,K9IMM
19:18:17,14039.0,W7SW,26,28,N2YCH
19:18:17,14041.7,KC8J,30,24,WX7V/5
19:18:17,14043.2,K5UV,37,14,N6TV
19:18:18,14025.8,N2YO,39,17,K1RA-4
19:18:18,14027.4,N8KH,36,28,K1RA-4
19:18:18,14031.5,N6NT,34,8,OK1HRA
19:18:18,14031.6,N6NT,34,29,S53A
19:18:18,14037.1,WA2LMC,30,33,AC0C-1
19:18:18,14038.6,W7KFI/5,18,35,AC0C-1
19:18:18,14038.6,W7KFI/5,18,25,K1RA-4
19:18:18,14043.2,K5UV,37,18,W1NT-6
19:18:19,14031.6,N6NT,34,6,G0KTN
19:18:20,14025.7,N2YO,39,26,VE6WZ
19:18:20,14025.8,N2YO,38,7,VE6WZ
19:18:20,14026.6,W1WEF,37,15,VE6WZ
19:18:20,14031.6,N6NT,33,31,KD7EFG
19:18:20,14041.7,KC8J,30,25,KD7EFG
19:18:21,14025.8,N2YO,40,24,K7CO
19:18:21,14027.5,N8KH,37,20,W2NNN
19:18:21,14028.0,K9UIY,29,25,WB6BEE
19:18:21,14046.2,AD8J,31,14,DL8LAS-3
19:18:22,14025.8,N2YO,38,15,W6YX
19:18:22,14025.8,N2YO,37,21,ND7K
19:18:22,14025.8,N2YO,37,15,TI7W
19:18:22,14025.8,N2YO,38,13,K5TR
19:18:22,14027.4,N8KH,37,25,K5TR
19:18:22,14028.0,K9UIY,29,8,KC4YVA
19:18:22,14028.0,K9UIY,30,14,K5TR
19:18:22,14029.6,KH7X,38,16,TI7W
19:18:22,14031.4,K5SJC,33,3,N2EPE
19:18:22,14031.6,N6NT,35,23,WE9V
19:18:22,14032.1,N3RD,43,6,MM0ZBH
19:18:22,14036.2,W5TM,36,12,KC4YVA
19:18:22,14036.8,K0VBU,37,29,K5TR
19:18:22,14038.0,E70T,35,23,HA8TKS
19:18:22,14039.0,W7SW,25,18,ND7K
19:18:22,14066.5,WJ0L,21,5,W6YX
19:18:23,14022.0,EA2CAR,23,27,OH6BG
19:18:23,14033.3,KR2Q,37,12,K5EM
19:18:23,14046.1,AD8J,30,6,DL1HWS
19:18:23,14046.2,AD8J,31,14,DL8LAS
19:18:24,14022.0,EA2CAR,23,38,IT9GSF
19:18:24,14025.8,N2YO,38,14,NG7M
19:18:24,14046.5,F6HKA,31,4,NU4F
19:18:24,14047.2,K6NR,25,25,NG7M
19:18:24,14047.2,K6NR,25,19,KM3T-3
19:18:25,14022.0,EA2CAR,23,25,YO5LD
19:18:25,14022.0,EA2CAR,23,37,SE5E
19:18:25,14022.0,EA2CAR,23,14,RU9CZD
19:18:25,14022.0,EA2CAR,23,17,BD8CS
19:18:25,14024.4,K1DW,34,9,KM3T-2
19:18:25,14028.0,K9UIY,29,18,K3PA-1
19:18:25,14031.4,K5SJC,33,25,K3PA-1
19:18:25,14034.2,KX2P,28,19,K3PA-1
19:18:25,14047.2,K6NR,25,22,W8WWV
19:18:25,14047.2,K6NR,24,30,K3PA-1
19:18:25,14047.2,K6NR,25,9,VE6AO
19:18:25,14047.2,K6NR,25,18,KM3T-2
19:18:26,14022.0,EA2CAR,23,39,EA2RCF-4
19:18:26,14022.0,EA2CAR,23,31,ES5PC
19:18:26,14025.8,N2YO,37,20,WA7LNW
19:18:26,14025.8,N2YO,37,34,ZF9CW
19:18:26,14028.0,K9UIY,30,21,W1NT-2
19:18:26,14034.2,KX2P,28,23,N9CO
19:18:26,14040.0,KC9IL,30,20,ZF9CW
19:18:26,14040.0,KC9IL,30,16,W1NT-2
19:18:26,14047.2,K6NR,25,21,WA7LNW
19:18:26,14047.2,K6NR,25,27,ZF9CW
19:18:26,14047.2,K6NR,25,23,W1NT-2
19:18:26,14047.2,K6NR,25,22,N9CO
19:18:27,14022.0,EA2CAR,23,34,ES2RR
19:18:27,14022.0,EA2CAR,23,12,YO2KAR
19:18:27,14022.1,EA2CAR,23,11,OH8KA
19:18:27,14028.0,K9UIY,29,7,K4PP
19:18:27,14031.6,N6NT,33,6,G4ZFE
19:18:27,14046.5,F6HKA,31,6,RK3TD
19:18:28,14024.4,K1DW,33,11,KM3T-5
19:18:28,14027.7,W8FN,40,6,EA5WU
19:18:28,14028.0,K9UIY,29,16,VE6WZ-3
19:18:28,14028.0,K9UIY,29,27,AC0C-1
19:18:28,14028.0,K9UIY,29,12,W1NT-6
19:18:28,14028.0,K9UIY,30,27,K1RA-4
19:18:28,14033.3,KR2Q,37,7,DK9IP-1
19:18:28,14034.2,KX2P,28,14,K9IMM
19:18:28,14034.2,KX2P,28,14,WX7V/5
19:18:28,14034.2,KX2P,28,13,AC0C-1
19:18:28,14035.4,N3OC,37,8,OK1HRA
19:18:28,14037.6,N4HAI,31,21,K9IMM
19:18:28,14040.0,KC9IL,30,15,K1RA-4
19:18:28,14046.1,AD8J,30,6,DK9IP-1
19:18:28,14046.1,AD8J,30,5,OK1HRA
19:18:28,14047.2,K6NR,25,25,VE6WZ-3
19:18:28,14047.2,K6NR,25,17,K9IMM
19:18:28,14047.2,K6NR,25,25,WX7V/5
19:18:28,14047.2,K6NR,25,20,KM3T-5
19:18:28,14047.2,K6NR,25,36,AC0C-1
19:18:28,14047.2,K6NR,25,8,W1NT-6
19:18:28,14047.2,K6NR,25,30,K1RA-4
19:18:29,14022.0,EA2CAR,23,16,EI4HQ
19:18:29,14028.0,K9UIY,29,8,WT8P
19:18:29,14031.4,K5SJC,32,4,VE7CC
19:18:29,14031.4,K5SJC,32,4,VE7CC
19:18:29,14032.2,N3RD,43,6,WT8P
19:18:29,14046.1,AD8J,30,3,DK9IP
19:18:30,14022.1,EA2CAR,23,18,HG8A
19:18:30,14025.8,N2YO,38,10,AA4PA
19:18:30,14028.0,K9UIY,29,18,W3RGA
19:18:30,14028.0,K9UIY,29,17,AA4PA
19:18:30,14036.2,W5TM,36,10,WC2L
19:18:30,14038.2,K0TG,40,17,WC2L
19:18:30,14047.2,K6NR,25,12,W3RGA
19:18:30,14047.2,K6NR,25,21,AA4PA
19:18:31,14027.8,K9UIY,29,5,VE4DRK
19:18:31,14028.0,K9UIY,29,16,VE6WZ
19:18:31,14028.1,K9UIY,29,5,W2NNN
19:18:31,14038.2,K0TG,39,14,VE6WZ
19:18:31,14047.1,K6NR,25,12,VE4DRK
19:18:31,14047.2,K6NR,25,25,VE6WZ
19:18:31,14047.2,K6NR,25,11,VE6WZ
19:18:32,14025.8,N2YO,38,30,KD7EFG
19:18:32,14028.0,K9UIY,29,12,KD7EFG
19:18:32,14028.0,K9UIY,29,8,ND7K
19:18:32,14034.2,KX2P,28,16,K9LC
19:18:32,14035.9,N6CHU,28,28,ND7K
19:18:32,14047.2,K6NR,25,28,WB6BEE
19:18:32,14047.2,K6NR,25,37,KD7EFG
19:18:32,14047.2,K6NR,25,11,W6YX
19:18:32,14047.2,K6NR,25,11,K9LC
19:18:32,14047.3,K6NR,25,35,K7CO
19:18:33,14027.4,N8KH,38,34,TI7W
19:18:33,14028.0,K9UIY,29,6,N4HAC
19:18:33,14028.1,K9UIY,29,9,K5EM
19:18:33,14034.2,KX2P,28,21,K5TR
19:18:33,14034.2,KX2P,28,15,WE9V
19:18:33,14035.6,VE3KIU,29,3,DL8LAS
19:18:33,14038.2,K0TG,40,19,K5TR
19:18:33,14046.1,AD8J,29,11,DL8LAS-1
19:18:33,14047.2,K6NR,25,26,K5TR
19:18:33,14047.2,K6NR,26,23,WE9V
19:18:33,14047.2,K6NR,25,28,N7VVX
19:18:34,14034.0,VE5UO,33,7,K6FOD
19:18:35,14034.1,KX2P,28,8,W8WWV
19:18:35,14037.0,OH3BCX,31,8,SE5E
19:18:35,14038.2,K0TG,39,9,VE6AO
19:18:35,14041.5,K0RX,32,13,W8WTS
19:18:35,14046.5,F6HKA,31,2,W8WTS
19:18:36,14028.0,K9UIY,29,10,WA7LNW
19:18:36,14029.0,WA3AAN,34,22,ZF9CW
19:18:36,14034.2,KX2P,29,20,WA7LNW
19:18:36,14038.2,K0TG,38,19,ZF9CW
19:18:36,14041.5,K0RX,34,17,WA7LNW
19:18:36,14041.5,K0RX,33,27,W1NT-2
19:18:36,14041.5,K0RX,34,11,ZF9CW
19:18:36,14050.0,IT9DNW,21,12,ES5PC
19:18:37,14035.0,EA5M,37,8,YO2KAR
19:18:37,14042.9,N4BA,36,18,N9CO
19:18:38,14025.8,N2YO,37,11,AC0C-1
19:18:38,14029.0,WA3AAN,33,19,S53A
19:18:38,14037.0,OH3BCX,32,9,OK1HRA
19:18:38,14041.6,K0RX,33,18,N2YCH
19:18:38,14042.0,K1TR,37,5,DK9IP-1
19:18:38,14042.9,N4BA,36,29,VE6WZ-3
19:18:38,14042.9,N4BA,36,20,AC0C-1
19:18:38,14046.9,K4WLO,21,22,AC0C-1
19:18:39,14031.4,K5SJC,33,10,K1RA-4
19:18:39,14040.5,NE5A,30,15,W1NT-6
19:18:39,14041.5,K0RX,33,19,W1NT-6
19:18:39,14041.5,K0RX,32,21,K1RA-4
19:18:40,14034.1,VE5UO,33,9,W3RGA
19:18:40,14041.5,K0RX,33,19,W3RGA
19:18:40,14042.9,N4BA,37,19,AA4PA
19:18:41,14032.5,N4BP,30,8,VE4DRK
19:18:41,14034.1,VE5UO,32,9,W2NNN
19:18:41,14037.1,OH3BCX,32,9,DL8LAS-3
19:18:41,14039.1,W7SW,25,29,W2NNN
19:18:41,14041.5,K0RX,33,21,WC2L
19:18:41,14041.6,K0RX,33,24,W2NNN
19:18:41,14042.7,N4BA,36,6,VE4DRK
19:18:41,14042.9,N4BA,36,29,VE6WZ
19:18:41,14046.9,K4WLO,21,11,W2NNN
19:18:42,14027.8,W8FN,38,36,KD7EFG
19:18:42,14034.0,VE5UO,32,22,WB6BEE
19:18:42,14035.9,N6CHU,28,22,WB6BEE
19:18:42,14039.0,W7SW,26,38,K7CO
19:18:42,14039.6,W8CAR,38,29,KD7EFG
19:18:42,14041.5,K0RX,33,17,WB6BEE
19:18:43,14028.9,WA3AAN,34,11,K9LC
19:18:43,14034.1,VE5UO,33,15,KC4YVA
19:18:43,14034.1,VE5UO,33,12,TI7W
19:18:43,14034.2,KX2P,28,5,ND7K
19:18:43,14035.9,N6CHU,28,37,W6YX
19:18:43,14039.0,W7SW,26,29,KC4YVA
19:18:43,14039.0,W7SW,26,20,N2EPE
19:18:43,14039.0,W7SW,25,26,W6YX
19:18:43,14039.0,W7SW,25,27,K9LC
19:18:43,14039.0,W7SW,26,18,ND7K
19:18:43,14039.0,W7SW,25,43,K5TR
19:18:43,14039.0,W7SW,25,37,WE9V
19:18:43,14041.5,K0RX,33,7,KC4YVA
19:18:43,14041.5,K0RX,33,26,N2EPE
19:18:43,14041.5,K0RX,34,10,K5TR
19:18:43,14042.9,N4BA,37,22,W6YX
19:18:43,14045.7,VE3MA,40,13,TI7W
19:18:43,14046.8,K4WLO,20,4,N2EPE
19:18:43,14046.8,K4WLO,21,26,K9LC
19:18:43,14046.8,K4WLO,21,12,ND7K
19:18:43,14066.5,WJ0L,21,3,K9LC
19:18:44,14030.0,N7US,38,22,N4HAC
19:18:44,14030.1,N7US,38,27,K5EM
19:18:44,14032.8,N4BP,30,9,K5EM
19:18:44,14034.1,VE5UO,33,2,AA0O
19:18:44,14037.1,OH3BCX,32,9,DL8LAS
19:18:44,14039.0,W7SW,26,28,N7VVX
19:18:44,14041.5,K0RX,33,18,N4HAC
19:18:44,14042.0,K1TR,39,9,DK0KK
19:18:45,14027.4,N8KH,33,27,W8WWV
19:18:45,14028.5,W4SPR,31,17,IT9GSF
19:18:45,14032.5,HA7I,22,25,W8WWV
19:18:45,14035.9,N6CHU,28,25,W8WWV
19:18:45,14039.0,W7SW,25,25,NG7M
19:18:45,14039.0,W7SW,26,14,IT9GSF
19:18:45,14039.0,W7SW,27,43,K3PA-1
19:18:45,14041.5,K0RX,33,19,KM3T-3
19:18:45,14042.0,K1TR,38,17,K3PA-1
19:18:45,14042.9,N4BA,35,13,NG7M
19:18:46,14034.1,VE5UO,32,11,KM3T-2
19:18:46,14039.0,W7SW,26,26,KM3T-2
19:18:46,14041.5,K0RX,33,18,KM3T-2
19:18:46,14042.9,N4BA,36,6,VE6AO
19:18:46,14055.0,K5IRH,22,2,W8WTS
19:18:47,14030.0,N7US,38,28,WA7LNW
19:18:47,14030.0,N7US,38,20,K4PP
19:18:47,14034.1,VE5UO,33,21,WA7LNW
19:18:47,14039.0,W7SW,25,28,W1NT-2
19:18:47,14042.0,K1TR,37,12,ZF9CW
19:18:47,14042.9,N4BA,35,23,WA7LNW
19:18:47,14042.9,N4BA,36,17,ZF9CW
19:18:47,14044.6,N3SD,41,10,ZF9CW
19:18:47,14045.7,VE3MA,40,13,WA7LNW
19:18:48,14029.2,W2RQ,43,21,DP5G
19:18:48,14035.9,N6CHU,27,25,K9IMM
19:18:48,14039.0,W7SW,26,20,ZL4YL
19:18:48,14039.0,W7SW,25,9,KD2M
19:18:48,14039.0,W7SW,25,18,N6TV
19:18:48,14039.0,W7SW,25,30,K9IMM
19:18:48,14041.5,K0RX,34,20,KM3T-5
19:18:48,14042.9,N4BA,35,44,K9IMM
19:18:48,14046.9,K4WLO,21,22,K9IMM
19:18:49,14032.5,KO4VW,36,43,AC0C-1
19:18:49,14035.9,N6CHU,27,24,AC0C-1
19:18:49,14035.9,N6CHU,28,19,K1RA-4
19:18:49,14038.0,E70T,33,11,DR4W
19:18:49,14039.0,W7SW,26,41,AC0C-1
19:18:49,14039.0,W7SW,26,15,W1NT-6
19:18:49,14039.0,W7SW,26,37,K1RA-4
19:18:49,14041.5,K0RX,33,6,VE6WZ-3
19:18:49,14045.7,VE3MA,42,14,AC0C-1
19:18:49,14052.0,KD9UDV,26,10,AC0C-1
19:18:50,14036.5,SM7T,30,12,W3RGA
19:18:50,14039.0,W7SW,25,29,W3RGA
19:18:51,14039.0,W7SW,25,24,WC2L
19:18:51,14039.3,K7RL,39,21,AA4PA
19:18:51,14041.5,K0RX,33,6,VE6WZ
19:18:52,14036.5,SM7T,30,5,BI7JMD
19:18:53,14034.0,VE5UO,33,18,ND7K
19:18:53,14035.9,N6CHU,28,11,N2EPE
19:18:53,14038.2,K0TG,38,22,KD7EFG
19:18:53,14042.6,W7JET,37,16,KC4YVA
19:18:53,14043.5,NK2Y,29,9,K7CO
19:18:53,14046.3,WU6P,35,13,W6YX
19:18:53,14046.3,WU6P,35,17,K9LC
19:18:53,14062.5,KF0UVL,18,4,N2EPE
19:18:54,14030.0,N7US,32,18,K5TR
19:18:54,14043.5,NK2Y,29,4,DK0KK
19:18:54,14045.0,AI5IN,37,15,DL8LAS
19:18:54,14046.3,WU6P,36,20,K5TR
19:18:54,14046.3,WU6P,35,23,TI7W
19:18:54,14047.2,K6NR,25,12,TI7W
19:18:54,14047.3,K6NR,26,7,K5EM
19:18:55,14024.4,K1DW,34,13,KM3T-3
19:18:55,14032.2,N3RD,44,4,AA0O
19:18:55,14035.5,N3OC,40,8,NG7M
19:18:55,14039.3,K7RL,40,8,W2NAF
19:18:55,14046.3,WU6P,36,32,NG7M
19:18:56,14035.9,N6CHU,28,26,K3PA-1
19:18:56,14046.2,WU6P,36,21,W8WWV
19:18:56,14046.3,WU6P,36,30,VE6AO
19:18:56,14046.9,K4WLO,21,19,K3PA-1
19:18:57,14036.0,N6CHU,28,22,WA7LNW
19:18:57,14036.5,SM7T,31,7,ES5PC
19:18:57,14038.6,W7KFI/5,18,21,WA7LNW
19:18:57,14038.6,W7KFI/5,18,28,ZF9CW
19:18:57,14046.3,WU6P,36,17,W1NT-2
19:18:57,14046.3,WU6P,36,22,N9CO
19:18:57,14046.3,WU6P,35,24,ZF9CW
19:18:58,14025.8,N2YO,35,6,N6TV
19:18:58,14030.1,N7US,38,16,N6TV
19:18:58,14037.6,N4HAI,31,18,N2YCH
19:18:58,14038.2,K0TG,38,16,N6TV
19:18:58,14039.3,K7RL,40,12,N2YCH
19:18:58,14040.3,KT5V,31,12,K4PP
19:18:58,14045.0,AI5IN,37,7,KD2M
19:18:58,14046.3,WU6P,35,19,ZL4YL
19:18:58,14046.3,WU6P,36,36,WX7V/5
19:18:59,14022.0,EA2CAR,20,10,W1NT-6
19:18:59,14025.3,K4TZ,37,28,AC0C-1
19:18:59,14037.6,N4HAI,31,10,S53A
19:18:59,14040.5,NE5A,29,6,VE7CC
19:18:59,14040.5,NE5A,29,6,VE7CC
19:18:59,14043.2,K5UV,37,15,S53A
19:18:59,14046.3,WU6P,35,20,K9IMM
19:18:59,14046.3,WU6P,35,27,AC0C-1
19:18:59,14046.3,WU6P,36,16,VE7CC
19:18:59,14046.3,WU6P,36,16,VE7CC
19:19:00,14021.9,EA2CAR,20,22,YO2CK
19:19:00,14022.0,EA2CAR,20,14,LZ4AE
19:19:00,14022.0,EA2CAR,20,14,LZ4AE
19:19:00,14030.0,N7US,38,34,WT8P
19:19:00,14046.2,WU6P,36,19,VE6WZ-3
19:19:00,14046.3,WU6P,35,20,WT8P
19:19:01,14033.0,WJ9B,35,9,WC2L
19:19:01,14041.6,K0RX,33,15,AA4PA
19:19:01,14043.5,NK2Y,29,5,DL8LAS-3
19:19:01,14045.0,AI5IN,37,15,DL8LAS-3
19:19:01,14046.3,WU6P,36,15,W3RGA
19:19:01,14046.3,WU6P,36,14,AA4PA
19:19:02,14029.9,N7UI,37,23,VE4DRK
19:19:02,14040.6,NE5A,31,19,W2NNN
19:19:02,14046.2,WU6P,36,19,VE6WZ
19:19:02,14046.3,WU6P,35,18,W2NNN
19:19:02,14046.3,WU6P,36,13,VE6WZ
19:19:03,14028.0,K9UIY,29,3,N2EPE
19:19:03,14029.0,WA3AAN,35,22,K7CO
19:19:03,14030.0,N7US,37,21,W6YX
19:19:03,14030.1,N7US,39,20,K7CO
19:19:03,14035.2,VE3JM,37,25,KC4YVA
19:19:03,14046.3,WU6P,37,23,WB6BEE
19:19:03,14046.3,WU6P,34,42,K7CO
19:19:03,14046.3,WU6P,35,15,N2EPE
19:19:04,14024.4,K1DW,32,22,ND7K
19:19:04,14026.6,W1WEF,38,8,DO4DXA
19:19:04,14029.0,WA3AAN,35,11,NU4F
19:19:04,14032.8,N4BP,30,10,DL8LAS
19:19:04,14035.5,R3OC,40,7,NU4F
19:19:04,14039.7,W8CAR,37,8,K5EM
19:19:04,14040.0,KC9IL,30,15,TI7W
19:19:04,14042.0,K1TR,39,10,IK4VET
19:19:04,14043.5,NK2Y,29,5,DL8LAS
19:19:04,14045.7,VE3MA,39,8,K5TR
19:19:04,14046.3,WU6P,36,54,KD7EFG
19:19:04,14046.3,WU6P,34,36,ND7K
19:19:04,14046.3,WU6P,37,31,N7VVX
19:19:04,14046.3,WU6P,36,21,N4HAC
19:19:04,14046.3,WU6P,35,27,K5EM
19:19:05,14022.1,EA2CAR,20,7,SQ5J
19:19:05,14031.6,N6NT,34,11,PE5TT
19:19:05,14040.3,KT5V,31,3,PI4CC
19:19:05,14042.5,TW7JET,34,8,IT9GSF
19:19:06,14012.0,JE3WUK,20,13,BD8CS
19:19:06,14028.0,K9UIY,29,7,KM3T-2
19:19:06,14041.5,K0RX,33,38,W8WWV
19:19:06,14042.0,K1TR,38,21,KM3T-2
19:19:06,14045.7,VE3MA,39,31,K3PA-1
19:19:06,14046.3,WU6P,35,18,KM3T-2
19:19:06,14049.9,KN8N,24,2,KM3T-2
19:19:07,14022.0,EA2CAR,20,13,W1NT-2
19:19:07,14035.0,EA5M,37,15,RN4WA
19:19:07,14036.5,SM7T,30,19,RN4WA
19:19:07,14037.6,N4HAI,31,4,W2MV
19:19:07,14038.0,E70T,34,25,RN4WA
19:19:08,14035.2,VE3JM,37,9,K4PP
19:19:08,14039.0,W7SW,26,31,K4PP
19:19:08,14044.4,K2WK,30,12,N9CO
19:19:08,14044.4,K2WK,31,32,WA7LNW
19:19:09,14012.0,JE3WUK,21,26,S53A
19:19:09,14026.3,WG3J,42,5,AK6RI-1
19:19:09,14030.8,N1DC,33,27,K9IMM
19:19:09,14030.9,K3WW,40,14,OK1HRA
19:19:09,14031.0,K3WW,39,6,DK9IP-1
19:19:09,14040.3,KT5V,31,6,DK9IP-1
19:19:09,14044.4,K2WK,31,11,ZL4YL
19:19:09,14046.1,AD8J,30,7,EA5WU
19:19:09,14052.0,KD9UDV,26,5,WX7V/5
19:19:10,14028.9,WA3AAN,33,14,AC0C-1
19:19:10,14030.8,N1DC,33,17,VE6WZ-3
19:19:10,14045.7,VE3MA,40,14,VE6WZ-3
19:19:10,14046.3,WU6P,37,13,W1NT-6
19:19:10,14058.0,W7BTR,20,5,AC0C-1
19:19:11,14034.4,KG9X,37,7,W3RGA
19:19:11,14039.0,W7SW,26,24,AA4PA
19:19:12,14030.8,N1DC,33,17,VE6WZ
19:19:12,14032.8,N4BP,30,10,DL8LAS-3
19:19:12,14038.8,W7SW,25,22,VE4DRK
19:19:12,14045.7,VE3MA,40,14,VE6WZ
19:19:13,14027.4,N8KH,37,29,WB6BEE
19:19:13,14028.5,W4SPR,32,23,K7CO
19:19:13,14039.2,K7RL,38,28,WB6BEE
19:19:14,14028.0,K9UIY,29,7,W6YX
19:19:14,14028.9,WA3AAN,34,15,K5TR
19:19:14,14030.8,N1DC,32,3,K9LC
19:19:14,14030.8,N1DC,31,18,K5TR
19:19:14,14030.9,N1DC,31,20,WE9V
19:19:14,14036.8,K0VBU,37,24,KC4YVA
19:19:14,14036.8,K0VBU,35,29,K5TR
19:19:14,14038.0,E70T,34,33,S53WW
19:19:14,14040.3,KT5V,31,27,KD7EFG
19:19:14,14044.4,K2WK,32,22,IK4VET
19:19:15,14023.2,AB5SE,34,16,N4HAC
19:19:15,14031.0,K3WW,37,11,PI4CC
19:19:15,14035.9,N6CHU,28,16,N4HAC
19:19:15,14039.0,W7SW,26,14,KH6LC
19:19:15,14039.3,K7RL,37,20,N4HAC
19:19:15,14045.0,AI5IN,36,8,PA5KT-4
19:19:15,14046.3,WU6P,36,9,KH6LC
19:19:16,14030.8,N1DC,31,5,NG7M
19:19:16,14030.8,N1DC,31,23,W8WWV
19:19:16,14030.9,N1DC,31,13,W8WTS
19:19:16,14035.0,EA5M,37,27,RK3TD-2
19:19:17,14030.9,N1DC,32,6,K3PA-1
19:19:17,14035.2,VE3JM,36,24,K3PA-1
19:19:17,14035.5,N3OC,41,6,VE6AO
19:19:17,14058.0,W7BTR,20,3,VE6AO
19:19:18,14026.6,W1WEF,38,30,WA7LNW
19:19:19,14026.6,W1WEF,37,28,S53A
19:19:19,14029.0,WA3AAN,32,10,EA5WU
19:19:19,14029.3,W2RQ,44,29,S53A
19:19:19,14030.9,N1DC,32,7,S53A
19:19:19,14036.8,K0VBU,35,31,WX7V/5
19:19:19,14039.3,K7RL,39,6,KD2M
19:19:19,14039.6,W8CAR,39,9,N6TV
19:19:19,14046.1,AD8J,30,3,DF7GB
19:19:20,14026.6,W1WEF,38,28,AC0C-1
19:19:20,14030.9,N1DC,31,9,AC0C-1
19:19:20,14031.0,K3WW,38,9,DR4W
19:19:20,14031.2,VE3NZ,32,25,K9IMM
19:19:20,14031.2,VE3NZ,31,26,AC0C-1
19:19:20,14031.6,N6NT,34,17,K1RA-4
19:19:20,14042.0,K1TR,38,21,W1NT-6
19:19:20,14042.5,W7JET,36,29,AC0C-1
19:19:20,14066.5,WJ0L,21,1,K1RA-4
19:19:21,14026.6,W1WEF,37,30,VE6WZ-3
19:19:21,14031.0,K3WW,38,9,5Z4GO
19:19:21,14031.2,VE3NZ,31,18,VE6WZ-3
19:19:22,14029.3,W2RQ,44,10,ON6ZQ
19:19:22,14030.9,N1DC,32,21,AA4PA
19:19:22,14031.2,VE3NZ,31,22,AA4PA
19:19:22,14043.7,N4IQ,35,21,W2NNN
19:19:23,14026.6,W1WEF,37,30,VE6WZ
19:19:23,14031.2,VE3NZ,31,18,VE6WZ
19:19:23,14031.2,VE3NZ,32,23,WB6BEE
19:19:24,14026.6,W1WEF,38,18,K9LC
19:19:24,14029.3,W2RQ,44,21,K7CO
19:19:24,14030.9,N1DC,30,21,KD7EFG
19:19:24,14031.2,VE3NZ,32,25,KC4YVA
19:19:24,14035.2,VE3JM,38,13,W6YX
19:19:24,14043.0,N4BA,35,3,IK4VET
19:19:24,14044.3,CT7A,36,9,N2EPE
19:19:24,14059.0,N2ETH,19,5,KD7EFG
19:19:25,14026.6,W1WEF,38,24,TI7W
19:19:25,14030.9,N1DC,31,11,TI7W
19:19:25,14031.2,VE3NZ,32,22,TI7W
19:19:25,14035.0,EA5M,38,6,LB9KJ
19:19:25,14047.2,K6NR,25,6,NU4F
19:19:25,14049.9,KN8N,23,1,K6FOD
19:19:26,14029.2,W2RQ,41,13,SE5E
19:19:26,14034.4,KG9X,38,13,NG7M
19:19:26,14040.0,KC9IL,30,19,NG7M
19:19:27,14029.3,W2RQ,43,10,OE9GHV
19:19:27,14046.5,F6HKA,31,5,ES2RR
19:19:28,14029.0,WA3AAN,31,31,N9CO
19:19:28,14030.9,N1DC,32,5,W1NT-2
19:19:28,14031.2,VE3NZ,32,20,ZF9CW
19:19:29,14026.6,W1WEF,38,25,K4PP
19:19:29,14029.2,W2RQ,43,16,OK1HRA
19:19:29,14030.9,N1DC,32,12,WA7LNW
19:19:29,14031.2,VE3NZ,33,24,WA7LNW
19:19:30,14030.5,AD4EB,37,34,AC0C-1
19:19:30,14035.2,VE3JM,36,31,AC0C-1
19:19:30,14043.9,K1SM,31,6,DK9IP
19:19:31,14035.1,VE3JM,38,22,VE6WZ-3
19:19:32,14042.0,K1TR,39,7,DL8LAS-3
19:19:32,14049.9,KN8N,24,4,AA4PA
19:19:33,14035.1,VE3JM,38,22,VE6WZ
19:19:33,14046.1,WU6P,36,6,VE4DRK
19:19:33,14047.3,K6NR,25,17,W2NNN
19:19:34,14035.1,VE3JM,37,33,K9LC
19:19:34,14039.2,K7RL,40,24,K9LC
19:19:34,14039.6,W8CAR,37,19,K7CO
19:19:34,14043.5,NK2Y,29,6,DL8LAS-1
19:19:35,14026.3,WG3J,40,9,N7VVX
19:19:35,14029.0,WA3AAN,31,8,PI4CC
19:19:35,14030.0,N7US,38,5,NU4F
19:19:35,14030.5,AD4EB,36,14,W6YX
19:19:35,14031.2,VE3NZ,32,16,ND7K
19:19:35,14031.2,VE3NZ,31,22,K5TR
19:19:35,14037.9,K6RB,35,19,N4HAC
19:19:35,14039.3,K7RL,34,29,ND7K
19:19:35,14042.0,K1TR,39,7,DL8LAS
19:19:35,14043.9,K1SM,32,7,PE5TT
19:19:35,14046.8,K4WLO,21,21,WE9V
19:19:35,14047.2,K6NR,25,20,N4HAC
19:19:36,14031.2,VE3NZ,32,15,IT9GSF
19:19:36,14035.2,VE3JM,37,11,NG7M
19:19:36,14046.9,K4WLO,21,5,W2NAF
19:19:36,14051.0,OE1VAS,17,10,IT9GSF
19:19:37,14025.8,N2YO,40,16,K3PA-1
19:19:37,14031.2,VE3NZ,32,31,K3PA-1
19:19:37,14037.6,N4HAI,31,31,K3PA-1
19:19:37,14046.3,WU6P,35,18,KM3T-3
19:19:38,14042.0,K1TR,34,15,DP5G
19:19:38,14046.9,K4WLO,21,29,ZF9CW
19:19:39,14031.2,VE3NZ,31,11,K4PP
19:19:39,14035.2,VE3JM,38,27,WA7LNW
19:19:39,14046.3,WU6W,35,18,KM3T-5
19:19:39,14046.3,WU6P,32,49,WA7LNW
19:19:39,14046.9,K4WLO,21,6,N2YCH
19:19:39,14047.3,K6NR,24,14,N2YCH
19:19:40,14031.2,VE3NZ,32,18,S53A
19:19:40,14034.9,N7NR,36,39,WX7V/5
19:19:40,14035.2,VE3JM,36,21,WX7V/5
19:19:40,14047.2,K6NR,25,10,ZL4YL
19:19:40,14047.2,K6NR,25,3,N6TV
19:19:41,14033.0,WJ9B,35,7,W1NT-6
19:19:41,14046.3,WU6P,35,20,K1RA-4
19:19:42,14026.6,W1WEF,38,9,DL8LAS-3
19:19:42,14037.9,K6RB,34,12,WC2L
19:19:42,14038.0,E70T,31,9,DL8LAS-3
19:19:42,14046.8,K4WLO,20,12,VE6WZ-3
19:19:42,14048.5,AB9CA,18,13,VE6WZ-3
19:19:43,14031.0,VE3NZ,31,15,VE4DRK
19:19:43,14037.6,N4HAI,30,20,AA4PA
19:19:44,14023.2,AB5SE,33,23,WB6BEE
19:19:44,14035.2,VE3JM,35,32,WB6BEE
19:19:44,14035.5,N3OC,41,7,VE6WZ
19:19:44,14046.8,K4WLO,20,12,VE6WZ
19:19:44,14048.5,AB9CA,18,13,VE6WZ
19:19:45,14026.6,W1WEF,38,9,DL8LAS
19:19:45,14026.6,W1WEF,38,37,K5TR
19:19:45,14034.9,N7NR,36,45,KD7EFG
19:19:45,14036.2,K4QU,32,18,TI7W
19:19:45,14037.6,N4HAI,31,11,ND7K
19:19:45,14038.0,E70T,31,9,DL8LAS
19:19:45,14039.6,W8CAR,39,7,K6FOD
19:19:45,14042.0,K1TR,39,28,K5TR
19:19:45,14045.7,VE3MA,41,10,ND7K
19:19:46,14031.2,VE3NZ,32,6,K5EM
19:19:47,14026.6,W1WEF,38,31,W8WTS
19:19:47,14026.6,W1WEF,38,23,K3PA-1
19:19:47,14039.0,W7SW,26,6,WS3W
19:19:47,14039.0,W7SW,26,35,W8WWV
19:19:47,14042.0,K1TR,35,5,NG7M
19:19:48,14035.0,EA5M,31,8,DK0TE
19:19:49,14026.6,W1WEF,37,4,KD2M
19:19:49,14030.9,N1DC,30,34,N9CO
19:19:49,14031.2,VE3NZ,31,8,KD2M
19:19:49,14032.5,KO4VW,38,7,KD2M
19:19:49,14037.0,OH3BCX,32,4,PT2FHC
19:19:49,14037.6,N4HAI,31,25,ZF9CW
19:19:49,14039.0,W7SW,26,35,ZF9CW
19:19:50,14010.0,KI6DS/B,23,5,S53A
19:19:50,14028.5,HA7I,36,17,EA5WU
19:19:50,14031.2,VE3NZ,32,4,EI4HQ
19:19:50,14036.2,W5TM,38,14,AK6RI-1
19:19:50,14037.6,N4HAI,31,14,WA7LNW
19:19:50,14039.0,W7SW,25,10,AK6RI-1
19:19:50,14041.5,K0RX,33,7,S53A
19:19:51,14026.6,W1WEF,38,38,K9IMM
19:19:51,14030.3,GM3YTS,30,24,LZ4AE
19:19:51,14030.5,AD4EB,38,14,W1NT-6
19:19:51,14033.0,WJ9B,34,24,AC0C-1
19:19:51,14037.6,N4HAI,31,26,AC0C-1
19:19:51,14037.6,N4HAI,31,14,W1NT-6
19:19:52,14027.4,N8KH,37,16,VE6WZ-3
19:19:52,14038.0,E70T,33,19,5Z4GO
19:19:53,14030.5,AD4EB,39,20,WC2L
19:19:53,14035.2,VE3JM,38,20,AA4PA
19:19:53,14046.3,WU6P,36,4,N7TUG
19:19:54,14027.4,N8KH,37,16,VE6WZ
19:19:54,14030.5,AD4EB,36,12,N2EPE
19:19:54,14035.0,EA5M,36,32,DL1HWS
19:19:54,14036.5,SM7T,29,6,S53WW
19:19:55,14024.0,W4CMG,35,3,W6YX
19:19:55,14026.6,W1WEF,38,15,W6YX
19:19:55,14026.6,W1WEF,38,22,ND7K
19:19:55,14027.4,N8KH,35,9,K9LC
19:19:55,14030.4,AD4EB,36,14,K9LC
19:19:55,14030.4,AD4EB,39,22,ND7K
19:19:55,14030.5,AD4EB,34,17,WE9V
19:19:55,14035.2,VE3JM,37,39,KD7EFG
19:19:55,14037.6,N4HAI,32,5,W6YX
19:19:55,14042.0,K1TR,39,14,ND7K
19:19:56,14005.9,K7ZLR,27,13,RK3TD-2
19:19:56,14030.3,GM3YTS,30,14,LZ4UX
19:19:56,14030.3,GM3YTS,30,15,RK3TD-2
19:19:56,14030.3,GM3YTS,29,43,IT9GSF
19:19:56,14036.0,N6CHU,28,13,TI7W
19:19:56,14037.6,N4HAI,31,15,K5TR
19:19:56,14040.5,NE5A,31,4,IT9GSF
19:19:56,14045.9,AD8J,30,7,AA0O
19:19:57,14024.9,W8FJ,38,24,NG7M
19:19:57,14028.5,HA7I,36,16,EA2RCF-4
19:19:57,14028.6,HA7I,35,12,BG7IEJ
19:19:57,14030.3,GM3YTS,29,25,BD8CS
19:19:57,14030.3,GM3YTS,30,13,KM3T-3
19:19:57,14032.1,N3RD,43,17,NG7M
19:19:57,14040.5,NE5A,30,3,NG7M
19:19:57,14048.1,EA3FZT,35,26,SE5E
19:19:58,14027.4,N8KH,37,6,VE6AO
19:19:58,14028.5,HA7I,35,11,ES2RR
19:19:58,14030.3,GM3YTS,29,15,RU9CZD
19:19:58,14030.3,GM3YTS,30,17,LZ7AA
19:19:58,14030.5,AD4EB,36,32,K3PA-1
19:19:58,14030.8,N1DC,32,3,VE6AO
19:19:58,14048.1,EA3FZT,35,19,ES5PC
19:19:58,14066.5,WJ0L,21,4,K3PA-1
19:19:59,14028.0,K9UIY,29,4,N2YCH
19:19:59,14028.5,HA7I,35,25,R4NCU
19:19:59,14030.3,GM3YTS,29,29,N9CO
19:19:59,14030.5,AD4EB,36,35,N9CO
19:19:59,14030.5,AD4EB,36,22,ZF9CW
19:19:59,14030.5,AD4EB,38,13,N2YCH
19:19:59,14048.1,EA3FZT,35,17,W1NT-2
19:19:59,14048.1,EA3FZT,34,17,N9CO
19:20:00,14027.4,N8KH,36,10,KD2M
19:20:00,14028.5,W4SPR,32,10,KM3T-5
19:20:00,14029.6,KH7X,37,6,KD2M
19:20:00,14030.3,GM3YTS,30,13,KM3T-5
19:20:00,14032.1,N3RD,43,10,DK9IP
19:20:00,14036.4,SM7T,30,10,OK1HRA
19:20:00,14042.0,K1TR,33,25,WA7LNW
19:20:01,14029.6,KH7X,40,10,WT8P
19:20:01,14030.3,GM3YTS,29,14,LZ3CB
19:20:01,14030.3,GM3YTS,29,24,LZ4AE
19:20:01,14030.3,GM3YTS,30,25,W1NT-6
19:20:01,14036.2,W5TM,39,25,AC0C-1
19:20:01,14038.0,E70T,34,11,K9IMM
19:20:01,14040.0,KC9IL,31,14,W1NT-6
19:20:01,14041.3,N5RZ,37,29,AC0C-1
19:20:01,14048.1,EA3FZT,35,8,LZ3CB
19:20:02,14030.3,GM3YTS,30,10,W3RGA
19:20:02,14030.3,GM3YTS,30,12,LZ5DI
19:20:02,14030.5,AD4EB,36,21,W3RGA
19:20:03,14027.4,N8KH,37,20,AA4PA
19:20:03,14028.0,K9UIY,30,2,WC2L
19:20:03,14030.3,GM3YTS,31,11,WC2L
19:20:04,14035.5,N3OC,40,9,DL1HWS
19:20:04,14036.5,SM7T,30,12,DL8LAS-1
19:20:05,14005.9,IK7ZLR,27,7,MM0ZBH
19:20:05,14035.0,EA5M,36,32,DO4DXA
19:20:05,14035.6,VE3KIU,29,14,KC4YVA
19:20:05,14036.5,SM7T,30,12,DL8LAS
19:20:05,14036.6,SM7T,30,8,IK4VET
19:20:05,14037.1,K0SN,36,18,VE6WZ
19:20:05,14048.1,EA3FZT,36,17,OH6BG
19:20:06,14037.9,K6RB,34,5,KH6LC
19:20:06,14040.3,KT5V,32,14,N4HAC
19:20:06,14040.6,NE5A,30,9,K5EM
19:20:06,14041.3,N5RZ,35,32,K6FOD
19:20:06,14048.1,EA3FZT,35,16,K5TR
19:20:07,14028.5,HA7I,34,8,SE5E
19:20:07,14028.5,W4SPR,34,10,KM3T-2
19:20:07,14030.3,GM3YTS,30,12,KM3T-2
19:20:07,14047.2,K6NR,25,7,W8WTS
19:20:08,14026.6,W1WEF,38,16,NG7M
19:20:08,14031.6,N6NT,33,15,VE6AO
19:20:08,14041.2,N5RZ,38,24,W8WWV
19:20:08,14041.3,N5RZ,38,16,NG7M
19:20:08,14041.3,N5RZ,37,17,VE6AO
19:20:08,14043.2,K5UV,37,20,KM3T-3
19:20:09,14030.3,GM3YTS,29,23,W1NT-2
19:20:09,14030.5,AD4EB,36,11,W1NT-2
19:20:09,14035.0,EA5M,37,9,BI4MPH
19:20:09,14037.6,N4HAI,31,20,W1NT-2
19:20:09,14041.3,N5RZ,36,9,DK9IP-1
19:20:09,14045.0,AI5IN,38,7,HA2NA
19:20:10,14028.5,HA7I,36,5,F4GOU
19:20:10,14035.0,EA5M,38,34,DL1HWS-3
19:20:10,14035.2,VE3JM,38,21,ZF9CW
19:20:10,14036.5,SM7T,31,19,N9CO
19:20:10,14038.0,E70T,34,27,R4NCU
19:20:10,14040.3,KT5V,31,4,OK1HRA
19:20:10,14041.3,N5RZ,37,14,K4PP
19:20:10,14044.6,TN3SD,40,8,ZF9CW
19:20:11,14031.0,K3WW,42,18,N6TV
19:20:11,14032.1,N3RD,43,9,EA5WU
19:20:11,14035.0,EA5M,36,6,HB9BXE
19:20:11,14041.3,N5RZ,37,22,WA7LNW
19:20:11,14041.3,N5RZ,37,26,N6TV
19:20:11,14041.3,N5RZ,38,14,ZL4YL
19:20:11,14045.0,AI5IN,37,10,EA5WU
19:20:12,14029.6,KH7X,40,14,W1NT-6
19:20:12,14040.3,KT5V,30,5,W3RGA
19:20:12,14041.3,N5RZ,38,18,K9IMM
19:20:12,14041.3,N5RZ,38,29,W3RGA
19:20:12,14043.2,K5UV,37,14,K1RA-4
19:20:12,14043.2,K5UV,37,26,K9IMM
19:20:13,14031.0,K3WW,40,30,VE6WZ-3
19:20:13,14041.3,N5RZ,37,15,WC2L
19:20:14,14030.3,GM3YTS,30,12,W2NNN
19:20:14,14035.6,VE3KIU,29,11,WB6BEE
19:20:14,14041.3,N5RZ,38,21,W2NNN
19:20:14,14041.3,N5RZ,39,27,WB6BEE
19:20:14,14057.0,KE0TL,15,9,WB6BEE
19:20:15,14031.0,K3WW,40,30,VE6WZ
19:20:15,14037.1,K0SN,35,17,N2EPE
19:20:15,14041.3,N5RZ,38,19,N2EPE
19:20:15,14041.3,N5RZ,38,12,VE6WZ
19:20:15,14041.3,N5RZ,38,14,KC4YVA
19:20:15,14045.0,AI5IN,38,15,DL1HWS
19:20:15,14047.2,K6NR,25,14,N2EPE
19:20:16,14028.0,K9UIY,29,5,K7CO
19:20:16,14031.0,K3WW,38,22,K7CO
19:20:16,14036.4,KX2P,28,13,K7CO
19:20:16,14036.4,KX2P,29,14,K9LC
19:20:16,14036.4,KX2P,28,8,W6YX
19:20:16,14036.4,KX2P,28,10,WE9V
19:20:16,14037.1,K0SN,36,18,N4HAC
19:20:16,14039.0,W7SW,26,31,N4HAC
19:20:16,14040.0,KC9IL,30,40,KD7EFG
19:20:16,14041.3,N5RZ,37,8,PI4CC
19:20:16,14041.3,N5RZ,38,16,WE9V
19:20:16,14041.3,N5RZ,38,20,NU4F
19:20:16,14041.3,N5RZ,38,20,N4HAC
19:20:16,14043.2,K5UV,37,35,W6YX
19:20:16,14043.2,K5UV,37,28,WE9V
19:20:16,14045.6,VE3MA,40,8,K7CO
19:20:16,14058.0,W7BTR,20,4,WE9V
19:20:17,14028.0,K9UIY,29,6,K6FOD
19:20:17,14028.5,W4SPR,31,8,SE5E
19:20:17,14030.5,AD4EB,38,8,W2NAF
19:20:17,14031.0,K3WW,36,27,TI7W
19:20:17,14035.2,VE3JM,38,23,K5TR
19:20:17,14036.4,KX2P,28,23,K5TR
19:20:17,14037.1,K0SN,37,20,K6FOD
19:20:17,14040.5,NE5A,30,6,TI7W
19:20:17,14041.3,N5RZ,38,17,K5TR
19:20:17,14041.3,N5RZ,38,26,TI7W
19:20:17,14041.3,N5RZ,38,16,K5EM
19:20:17,14043.2,K5UV,37,15,TI7W
19:20:18,14023.2,N3RD,40,21,K3PA-1
19:20:18,14028.0,K9UIY,30,9,KM3T-3
19:20:18,14035.6,VE3KIU,29,18,K3PA-1
19:20:18,14036.4,KX2P,29,16,K3PA-1
19:20:18,14037.1,K0SN,38,12,KM3T-3
19:20:18,14037.1,K0SN,39,28,VE6AO
19:20:18,14041.3,N5RZ,37,23,K3PA-1
19:20:19,14041.3,N5RZ,37,19,W1NT-2
19:20:20,14005.9,K7ZLR,27,10,EI4HQ
19:20:20,14023.2,N3RD,43,15,KD2M
19:20:20,14031.0,K3WW,38,21,K4PP
19:20:20,14034.1,VE5UO,33,6,K4PP
19:20:20,14035.6,VE3KIU,29,19,N9CO
19:20:20,14036.4,KX2P,28,17,N9CO
19:20:20,14037.1,K0SN,40,13,K4PP
19:20:20,14041.3,N5RZ,38,20,N9CO
19:20:20,14041.3,N5RZ,37,41,ZF9CW
19:20:20,14043.2,K5UV,37,23,ZF9CW
19:20:21,14035.6,VE3KIU,29,20,WX7V/5
19:20:21,14035.6,VE3KIU,30,24,WA7LNW
19:20:21,14036.4,KX2P,29,17,WX7V/5
19:20:21,14036.4,KX2P,28,8,WA7LNW
19:20:21,14037.1,K0SN,38,32,WX7V/5
19:20:21,14037.9,K6RB,35,24,WA7LNW
19:20:21,14041.3,N5RZ,38,17,AK6RI-1
19:20:21,14057.0,KE0TLK,15,9,N6TV
19:20:21,14062.5,KF0UVL,17,20,WX7V/5
19:20:22,14005.9,K7ZLR,27,13,MM9PSY
19:20:22,14035.6,VE3KIU,29,22,AC0C-1
19:20:22,14036.4,KX2P,28,14,AC0C-1
19:20:22,14036.4,KX2P,29,12,K9IMM
19:20:22,14037.1,OH3BCX,32,3,G4KCM
19:20:22,14041.3,N5RZ,38,28,K1RA-4
19:20:23,14037.1,K0SN,36,11,W3RGA
19:20:24,14036.2,KX2P,28,6,VE4DRK
19:20:24,14037.1,K0SN,37,12,WC2L
19:20:24,14037.1,K0SN,38,20,AA4PA
19:20:24,14037.5,N4HAI,31,4,VE6WZ-3
19:20:24,14038.6,W7KFI/5,19,24,W2NNN
19:20:24,14041.3,N5RZ,38,27,AA4PA
19:20:25,14029.0,WA3AAT,31,6,DK0KK
19:20:25,14036.4,KX2P,29,6,WB6BEE
19:20:25,14037.1,K0SN,40,21,WB6BEE
19:20:25,14041.3,N5RZ,38,10,DK0KK
19:20:25,14041.3,N5RZ,38,14,IK4VET
19:20:26,14023.2,AB5SE,33,16,KC4YVA
19:20:26,14029.2,W2RQ,43,38,WE9V
19:20:26,14031.6,N6NT,32,17,W6YX
19:20:26,14035.0,EA5M,35,36,DL8LAS
19:20:26,14035.5,N3OC,39,27,K7CO
19:20:26,14035.6,VE3KIU,29,17,W6YX
19:20:26,14036.4,KX2P,29,6,ND7K
19:20:26,14037.1,K0SN,36,15,KC4YVA
19:20:26,14037.5,N4HAI,31,4,VE6WZ
19:20:26,14041.3,N5RZ,37,19,K7CO
19:20:26,14041.3,N5RZ,38,34,ND7K
19:20:26,14041.3,N5RZ,38,37,W6YX
19:20:26,14041.5,K0NX,30,12,VE6WZ
19:20:27,14023.2,N3RD,41,15,NU4F
19:20:27,14023.2,N3RD,40,29,K5TR
19:20:27,14035.5,VE3KIU,28,9,K5TR
19:20:27,14036.3,W5TM,38,18,TI7W
19:20:27,14036.3,W5TM,37,7,K5EM
19:20:27,14039.0,W7SW,25,45,KD7EFG
19:20:27,14041.3,N5RZ,37,37,KD7EFG
19:20:27,14052.5,W4LOO,25,19,K5TR
19:20:27,14052.5,W4LOO,24,11,K6FOD
19:20:28,14038.5,W7KFI/5,19,25,W8WWV
19:20:28,14041.3,N5RZ,36,16,KH6LC
19:20:29,14041.3,N5RZ,36,9,W2MV
19:20:31,14026.3,WG3J,43,28,WT8P
19:20:31,14029.6,KR7X,38,6,VE7CC
19:20:31,14029.6,KR7X,38,6,VE7CC
19:20:31,14033.3,KR2Q,35,6,DK9IP
19:20:31,14035.2,NE2V,40,23,WX7V/5
19:20:32,14036.4,KX2P,29,6,K1RA-4
19:20:33,14028.0,K9UIY,31,25,K9IMM
19:20:34,14035.0,EA5M,35,36,DL8LAS-1
19:20:35,14035.2,NE2V,37,6,DK0KK
19:20:35,14040.3,KT5V,31,21,WB6BEE
19:20:36,14026.4,WG3J,42,13,VE6WZ
19:20:36,14030.1,N7US,35,11,VE6WZ
19:20:36,14033.3,KR2Q,37,9,PI4CC
19:20:37,14026.6,W1WEF,35,32,WE9V
19:20:37,14027.4,N8KH,37,17,W6YX
19:20:37,14034.1,VE5UO,33,6,NU4F
19:20:37,14035.6,VE3KIU,28,29,KD7EFG
19:20:38,14028.5,HA7I,36,16,BD8CS
19:20:38,14029.6,KH7X,42,18,W8WWV
19:20:38,14030.0,N7US,37,8,W2NAF
19:20:38,14035.6,VE3KIU,30,16,TI7W
19:20:38,14043.2,K5UV,37,25,W8WWV
19:20:39,14026.6,W1WEF,35,14,VE6AO
19:20:39,14038.2,K0TG,41,11,NG7M
19:20:40,14031.1,VE3NZ,33,7,OK1HRA
19:20:40,14037.9,K6RB,35,13,KM3T-5
19:20:41,14026.6,W1WEF,35,21,ZF9CW
19:20:41,14031.2,VE3NZ,33,7,DK9IP
19:20:41,14039.6,W8CAR,38,27,WX7V/5
19:20:42,14032.2,N3RD,35,27,WA7LNW
19:20:42,14035.2,VE3JM,38,4,WT8P
19:20:42,14048.0,EA3FZT,35,13,YO2CK
19:20:42,14048.1,EA3FZT,34,21,LZ4AE
19:20:42,14048.1,EA3FZT,34,21,LZ4AE
19:20:43,14035.5,N3OC,39,19,DL8LAS-3
19:20:43,14035.5,VE3KIU,28,16,K9IMM
19:20:43,14042.6,W7JET,37,13,W1NT-6
19:20:44,14034.9,N1DG,31,30,AA4PA
19:20:45,14031.0,K3WW,41,10,S53WW
19:20:45,14031.3,VE3NZ,33,5,IK4VET
19:20:45,14035.4,Z31RM,36,24,DL8LAS-1
19:20:45,14043.9,K1SM,32,15,DL8LAS-1
19:20:45,14043.9,K1SM,32,5,DO4DXA
19:20:46,14035.4,Z31RM,36,24,DL8LAS
19:20:46,14035.5,N3OC,39,19,DL8LAS
19:20:46,14043.9,K1SM,32,8,DL8LAS
19:20:47,14028.9,WA3AAN,31,12,ND7K
19:20:47,14029.0,WA3AAN,32,6,W6YX
19:20:47,14034.4,KG9X,38,25,ND7K
19:20:47,14034.4,KG9X,38,25,WE9V
19:20:47,14034.4,KG9X,39,17,W6YX
19:20:47,14035.4,N3OC,41,23,WE9V
19:20:47,14036.4,KX2P,28,4,N4HAC
19:20:47,14037.1,K0SN,37,48,KD7EFG
19:20:47,14048.1,EA3FZT,34,14,IT9GSF
19:20:48,14025.3,TK4TZ,39,12,KM3T-2
19:20:48,14034.4,KG9X,40,19,KM3T-2
19:20:48,14034.7,N5TOO,37,16,K5EM
19:20:48,14037.6,N4HAI,31,11,TI7W
19:20:48,14043.9,K1SM,32,7,DK3WW
19:20:48,14043.9,K1SM,31,11,OE9GHV
19:20:49,14032.2,N3RD,43,17,DP5G
19:20:49,14033.5,N1DC,33,19,W8WWV
19:20:49,14034.7,N5TOO,34,8,G4ZFE
19:20:49,14036.4,KX2P,28,7,W8WWV
19:20:49,14038.6,W7KFI,19,10,NG7M
19:20:49,14043.9,K1SM,32,10,ES5PC
19:20:49,14043.9,K1SM,31,8,VE6AO
19:20:49,14048.1,EA3FZT,35,9,LZ7AA
19:20:50,14034.4,KG9X,38,20,KM3T-3
19:20:50,14043.2,K5UV,36,14,W1NT-2
19:20:51,14025.3,TK4TZ,39,14,KM3T-5
19:20:51,14026.6,W1WEF,38,6,EI4HQ
19:20:51,14032.2,N3RD,42,13,KD2M
19:20:51,14033.5,N1DC,34,12,S53A
19:20:51,14033.5,N1DC,34,31,ZF9CW
19:20:51,14034.4,KG9X,39,20,ZF9CW
19:20:51,14034.7,N5TOO,32,22,K4PP
19:20:51,14034.7,N5TOO,33,7,KD2M
19:20:51,14034.7,N5TOO,37,10,G0KTN
19:20:51,14035.9,N6CHU,28,19,N9CO
19:20:51,14043.2,K5UV,37,33,N9CO
19:20:51,14048.1,EA3FZT,34,8,KM3T-5
19:20:52,14027.4,N8KH,38,21,WA7LNW
19:20:52,14034.4,KG9X,39,22,WA7LNW
19:20:52,14034.7,N5TOO,35,24,WA7LNW
19:20:52,14036.0,N6CHU,27,20,WX7V/5
19:20:52,14037.6,N4HAI,31,25,WX7V/5
19:20:52,14037.6,N4HAI,31,7,WT8P
19:20:52,14039.3,K7RL,39,30,WX7V/5
19:20:52,14043.2,K5UV,37,13,AK6RI-1
19:20:53,14034.4,KG9X,40,18,W1NT-6
19:20:53,14034.7,N5TOO,35,34,AC0C-1
19:20:53,14035.9,N6CHU,28,26,AC0C-1
19:20:53,14035.9,N6CHU,28,12,W3RGA
19:20:53,14048.1,EA3FZT,35,14,W1NT-6
19:20:54,14034.7,N5TOO,37,36,K9IMM
19:20:54,14056.0,N1BS,23,8,K9IMM
19:20:55,14033.5,N1DC,32,21,AA4PA
19:20:55,14034.4,KG9X,38,21,AA4PA
19:20:55,14038.2,K0TG,39,16,AA4PA
19:20:55,14043.2,K5UV,36,23,AA4PA
19:20:56,14010.0,KI6DS/B,22,14,OH6BG
19:20:56,14031.6,N6NT,34,16,PI4CC
19:20:56,14032.2,N3RD,41,11,N7VVX
19:20:56,14034.4,KG9X,39,16,WB6BEE
19:20:56,14034.4,KG9X,38,20,KC4YVA
19:20:58,14033.5,N1DC,33,10,ND7K
19:20:58,14034.7,N5TOO,36,3,NU4F
19:20:58,14037.1,K0SN,34,25,W6YX
19:20:58,14037.1,K0SN,38,12,KM3T-2
19:20:58,14042.9,N4BA,36,19,K5TR
19:20:58,14056.0,N1BS,23,22,WE9V
19:20:58,14056.0,N1BS,23,11,W8WTS
19:20:59,14027.9,VE9KK,35,6,W8WWV
19:20:59,14032.7,N4BP,31,12,W2MV
19:20:59,14037.0,K0SN,39,26,W8WWV
19:20:59,14039.2,K7RL,38,37,W8WWV
19:20:59,14056.0,N1BS,23,18,W8WWV
19:21:00,14035.9,N6CHU,27,9,W1NT-2
19:21:00,14037.1,K0SN,36,20,W1NT-2
19:21:00,14048.1,EA3FZT,34,9,YO2KAR
19:21:00,14048.1,EA3FZT,36,8,KM3T-3
19:21:01,14037.1,K0SN,37,14,KM3T-5
19:21:01,14056.0,N1BS,23,22,N9CO
19:21:02,14037.1,K0SN,32,7,AK6RI-1
19:21:02,14037.1,K0SN,37,18,N6TV
19:21:02,14038.2,K0TG,34,4,AK6RI-1
19:21:02,14040.8,W1TO,34,22,WA7LNW
19:21:02,14048.1,EA3FZT,35,17,WX7V/5
19:21:03,14005.9,K7ZLR,28,10,JN1ILK
19:21:03,14024.9,W8FJ,44,33,AC0C-1
19:21:03,14031.6,N6NT,35,9,DL8LAS-3
19:21:03,14037.1,K0SN,39,29,K1RA-4
19:21:03,14037.1,K0SN,33,31,AC0C-1
19:21:03,14037.1,K0SN,40,10,W1NT-6
19:21:03,14040.8,W1TO,37,15,AC0C-1
19:21:03,14048.1,EA3FZT,36,8,LZ5DI
19:21:04,14040.8,W1TO,37,23,K9IMM
19:21:05,14026.6,W1WEF,38,35,AA4PA
19:21:05,14030.4,AD4EB,38,17,VE6WZ-3
19:21:05,14031.4,N6NT,32,23,VE4DRK
19:21:05,14031.6,N6NT,34,8,DL8LAS-1
19:21:05,14031.6,N6NT,33,15,DK0KK
19:21:05,14037.0,K0SN,36,15,VE6WZ-3
19:21:05,14040.8,W1TO,36,10,VE6WZ-3
19:21:05,14040.8,W1TO,36,19,AA4PA
19:21:05,14041.0,N8UM,37,19,AA4PA
19:21:06,14026.6,W1WEF,38,9,N7VVX
19:21:06,14031.1,K3WW,39,10,IK4VET
19:21:06,14031.1,K3WW,40,27,DL8LAS
19:21:06,14031.6,N6NT,33,8,S53WW
19:21:06,14031.6,N6NT,35,9,DL8LAS
19:21:06,14037.1,K0SN,36,31,N7VVX
19:21:06,14040.8,W1TO,34,17,PI4CC
19:21:06,14040.9,W1TO,37,15,IK4VET
19:21:06,14041.0,N8UM,38,7,PA5KT-4
19:21:06,14041.0,N8UM,38,20,PI4CC
19:21:06,14041.1,N8UM,37,11,IK4VET
19:21:06,14046.0,AD8J,32,37,W2NNN
19:21:07,14005.2,VE3NFN,29,11,KC4YVA
19:21:07,14030.4,AD4EB,38,17,VE6WZ
19:21:07,14037.0,K0SN,36,15,VE6WZ
19:21:07,14040.8,W1TO,36,10,VE6WZ
19:21:07,14040.8,W1TO,37,15,K9LC
19:21:07,14040.8,W1TO,36,20,K7CO
19:21:07,14041.0,N8UM,37,27,VE6WZ
19:21:07,14041.1,N8UM,37,24,K7CO
19:21:08,14028.5,W4SPR,31,17,W6YX
19:21:08,14030.5,AD4EB,40,28,KD7EFG
19:21:08,14031.6,N6NT,34,26,IT9GSF
19:21:08,14040.8,W1TO,37,9,NU4F
19:21:08,14040.8,W1TO,34,34,WE9V
19:21:08,14040.8,W1TO,36,12,W6YX
19:21:08,14041.0,N8UM,37,21,ND7K
19:21:08,14043.2,K5UV,35,19,ND7K
19:21:09,14005.1,VE3NFN,30,6,K5TR
19:21:09,14005.2,VE3NFN,29,3,K3PA-1
19:21:09,14024.0,W4CMG,35,20,K5TR
19:21:09,14026.6,W1WEF,38,9,K6FOD
19:21:09,14029.0,WA3AAN,32,5,K3PA-1
19:21:09,14033.5,N1DC,33,25,K5TR
19:21:09,14033.5,N1DC,33,12,W8WTS
19:21:09,14034.7,N5TOO,35,10,W2MV
19:21:09,14035.0,EA5M,38,12,OE9GHV
19:21:09,14037.1,K0SN,37,14,TI7W
19:21:09,14040.8,W1TO,36,33,K5TR
19:21:09,14040.8,W1TO,36,23,TI7W
19:21:09,14040.8,W1TO,34,28,K3PA-1
19:21:09,14041.1,N8UM,38,18,TI7W
19:21:09,14041.1,N8UM,38,21,K3PA-1
19:21:09,14043.3,K5UV,37,17,K5EM
19:21:10,14005.1,VE3NFN,29,8,DK9IP-1
19:21:10,14026.3,WG3J,35,13,VE6AO
19:21:10,14028.9,WA3AAN,32,6,DK9IP-1
19:21:10,14037.1,K0SN,36,29,NG7M
19:21:10,14040.8,W1TO,36,12,NG7M
19:21:10,14040.8,W1TO,36,11,VE6AO
19:21:10,14041.0,N8UM,38,13,VE6AO
19:21:10,14043.2,K5UV,34,11,NG7M
19:21:11,14005.2,VE3NFN,29,12,S53A
19:21:11,14023.2,AB5SE,33,25,N9CO
19:21:11,14025.7,N2YO,32,10,N9CO
19:21:11,14033.5,N1DC,34,29,N9CO
19:21:11,14034.7,N5TOO,36,17,N2YCH
19:21:11,14034.7,N5TOO,36,31,EI4HQ
19:21:11,14036.0,N6CHU,27,4,K4PP
19:21:11,14037.1,K0SN,34,27,N9CO
19:21:11,14040.8,W1TO,35,39,N9CO
19:21:11,14041.1,N8UM,37,12,K4PP
19:21:11,14042.0,K1TR,39,5,DK9IP
19:21:11,14043.2,K5UV,37,14,K4PP
19:21:11,14056.0,N1BS,23,4,S53A
19:21:12,14024.0,W4CMG,36,27,ZF9CW
19:21:12,14057.0,KE0TL,15,13,ZF9CW
19:21:12,14069.7,WA5BDU,25,28,ZF9CW
19:21:13,14031.1,K3WW,40,27,DL8LAS-3
19:21:13,14031.6,N6NT,34,11,5Z4GO
19:21:13,14033.5,N1DC,33,2,WX7V/5
19:21:13,14037.1,K0IT,30,35,WA7LNW
19:21:13,14039.1,W7SW,26,42,WX7V/5
19:21:13,14040.8,W1TO,36,20,WX7V/5
19:21:13,14040.8,W1TO,35,6,DL8LAS-3
19:21:14,14005.1,VE3NFN,30,5,K9IMM
19:21:14,14025.7,N2YO,34,34,K9IMM
19:21:14,14033.5,N1DC,34,11,AC0C-1
19:21:14,14033.5,N1DC,32,27,K9IMM
19:21:14,14041.0,N8UM,38,26,AC0C-1
19:21:15,14024.0,W4CMG,36,11,WC2L
19:21:15,14033.9,VE5UO,34,10,VE4DRK
19:21:15,14034.4,KG9X,38,25,WC2L
19:21:15,14035.0,EA5M,37,7,OZ1AAB
19:21:15,14041.0,N8UM,37,27,VE6WZ-3
19:21:15,14048.1,EA3FZT,36,14,IK7YTT
19:21:15,14069.7,WA5BDU,25,6,K9IMM
19:21:16,14024.1,W4CMG,36,17,W2NNN
19:21:16,14029.6,KH7X,39,13,N2EPE
19:21:16,14031.6,N6NT,34,11,PA5KT-4
19:21:16,14034.5,KG9X,34,29,W2NNN
19:21:16,14045.3,N5NA,31,11,N2EPE
19:21:17,14029.6,KH7X,35,28,VE6WZ
19:21:17,14033.4,N1DC,34,10,VE6WZ
19:21:17,14040.8,W1TO,35,6,DL8LAS
19:21:18,14035.5,N3OC,40,14,WS3W
19:21:18,14035.6,VE3KIU,29,9,IT9GSF
19:21:18,14045.3,N5NA,32,17,K9LC
19:21:18,14045.3,N5NA,32,12,NU4F
19:21:19,14027.4,N8KH,39,11,KM3T-2
19:21:19,14037.6,N4HAI,32,4,OE9GHV
19:21:19,14040.8,W1TO,37,12,ND7K
19:21:19,14045.3,N5NA,32,22,ND7K
19:21:19,14045.3,N7OR,32,14,TI7W
19:21:19,14045.4,N5NA,31,13,K5EM
19:21:19,14048.1,EA3FZT,36,12,BD8CS
19:21:19,14057.0,KE0TL,15,15,ND7K
19:21:20,14007.4,VE3NFN,30,8,DK9IP-1
19:21:20,14028.5,W4SPR,32,6,NG7M
19:21:20,14034.4,KG9X,38,28,K3PA-1
19:21:20,14045.0,AI5IN,34,29,W8WWV
19:21:20,14069.7,WA5BDU,25,12,W8WWV
19:21:21,14007.5,VE3NFN,30,17,S53A
19:21:21,14027.4,N8KH,37,12,KM3T-3
19:21:21,14034.4,KG9X,39,17,W1NT-2
19:21:21,14045.3,N5NA,31,17,W1NT-2
19:21:21,14048.5,AB9CA,18,7,S53A
19:21:22,14031.6,N6NT,34,6,DR4W
19:21:22,14034.4,KG9X,38,22,KM3T-5
19:21:23,14029.6,KH7X,38,26,ZF9CW
19:21:23,14035.5,N3OC,40,32,WA7LNW
19:21:23,14040.5,NE5A,31,11,AK6RI-1
19:21:23,14069.7,WA5BDU,25,12,WA7LNW
19:21:24,14023.2,AB5SE,32,24,AC0C-1
19:21:24,14041.3,N5RZ,39,13,W1NT-6
19:21:25,14007.4,VE3NFN,30,6,K9IMM
19:21:26,14007.4,VE3NFN,29,4,VE6WZ-3
19:21:26,14007.4,VE3NFN,29,2,WB6BEE
19:21:26,14023.2,AB5SE,32,20,W2NNN
19:21:26,14029.6,KH7X,35,28,VE6WZ-3
19:21:26,14032.7,TN4BP,30,2,MM0ZBH
19:21:26,14033.4,N1DC,34,10,VE6WZ-3
19:21:26,14042.2,N6TTV,25,6,VE6WZ-3
19:21:26,14043.9,K1SM,32,8,DL1HWS
19:21:27,14007.4,VE3NFN,29,4,VE6WZ
19:21:27,14007.5,VE3NFN,29,9,KC4YVA
19:21:27,14029.6,KH7X,39,18,N7VVX
19:21:27,14032.7,N4BP,30,7,VE6WZ
19:21:27,14040.3,VE6RST,32,11,N7VVX
19:21:27,14040.5,NE5A,31,16,KC4YVA
19:21:27,14042.2,N6TTV,25,6,VE6WZ
19:21:27,14043.9,K1SM,32,4,M1GEO
19:21:28,14031.0,K3WW,40,30,K9LC
19:21:28,14042.3,N6TTV,26,19,K7CO
19:21:28,14045.0,AI5IN,38,20,K9LC
19:21:29,14023.5,F6HKA,31,16,ES2RR
19:21:29,14023.5,F6HKA,31,32,ES5PC
19:21:29,14033.5,N1DC,33,24,WE9V
19:21:29,14037.6,N4HAI,30,14,KM3T-2
19:21:29,14040.5,NE5A,31,35,KD7EFG
19:21:29,14042.2,N6TTV,25,10,ND7K
19:21:29,14042.2,N6TTV,24,8,K5TR
19:21:29,14043.2,K5UV,38,43,KD7EFG
19:21:29,14045.0,AI5IN,38,12,W8WTS
19:21:29,14045.0,AI5IN,37,16,K6FOD
19:21:29,14045.3,N5NA,31,6,W8WTS
19:21:29,14045.3,N5NA,32,12,KM3T-2
19:21:29,14047.2,N5MI,28,8,ND7K
19:21:29,14048.1,EA3FZT,36,6,KM3T-2
19:21:30,14023.5,F6HKA,31,4,LZ7AA
19:21:30,14023.5,F6HKA,31,22,TI7W
19:21:30,14031.1,K3WW,37,10,K5EM
19:21:30,14045.3,N5NA,32,26,W8WWV
19:21:30,14045.3,N5NA,32,35,K3PA-1
19:21:30,14048.0,EA3FZT,36,8,W8WWV
19:21:31,14023.2,AB5SE,33,8,W1NT-2
19:21:31,14023.5,F6HKA,31,26,W1NT-2
19:21:31,14023.5,F6HKA,31,16,KM3T-3
19:21:31,14033.5,N1DC,33,5,W1NT-2
19:21:31,14044.9,AI5IN,35,14,OK1HRA
19:21:31,14045.0,AI5IN,38,5,DL1HWS-3
19:21:31,14045.3,N5NA,31,13,KM3T-3
19:21:32,14023.5,F6HKA,31,16,KM3T-5
19:21:32,14023.5,F6HKA,31,14,N9CO
19:21:32,14023.5,F6HKA,30,12,LZ4AE
19:21:32,14023.5,F6HKA,30,12,LZ4AE
19:21:32,14037.6,N4HAI,31,4,KM3T-5
19:21:32,14045.0,AI5IN,38,27,K4PP
19:21:32,14045.0,AI5IN,39,10,G0KTN
19:21:32,14045.3,N5NA,32,15,K4PP
19:21:32,14045.3,N5NA,33,18,KM3T-5
19:21:32,14045.3,N5NA,31,29,N9CO
19:21:33,14023.5,F6HKA,30,20,ZF9CW
19:21:33,14033.3,KR2Q,35,29,ZF9CW
19:21:33,14033.3,KR2Q,36,18,WX7V/5
19:21:33,14038.0,E70T,33,16,G4KCM
19:21:33,14042.3,N6TTV,26,21,WX7V/5
19:21:33,14045.0,AI5IN,37,25,ZL4YL
19:21:33,14045.3,N5NA,32,8,WT8P
19:21:33,14045.3,N5NA,31,22,ZF9CW
19:21:34,14023.5,F6HKA,31,19,LZ5DI
19:21:34,14023.5,F6HKA,30,9,W3RGA
19:21:34,14023.5,F6HKA,32,26,W1NT-6
19:21:34,14023.6,F6HKA,31,7,LZ5DI
19:21:34,14029.6,KH7X,40,26,W3RGA
19:21:34,14042.3,N6TTV,26,22,WA7LNW
19:21:34,14045.3,N5NA,31,23,K1RA-4
19:21:34,14052.5,W4LOO,24,15,N6TV
19:21:35,14033.3,KR2Q,36,39,K9IMM
19:21:35,14034.4,KG9X,39,38,AC0C-1
19:21:35,14038.0,E70T,34,7,BI7JMD
19:21:35,14042.2,N6TTV,25,8,AC0C-1
19:21:35,14045.0,AI5IN,38,30,K9IMM
19:21:35,14052.5,W4LOO,24,20,AC0C-1
19:21:36,14023.5,F6HKA,31,14,N2EPE
19:21:36,14033.2,KR2Q,38,33,VE6WZ-3
19:21:36,14045.0,AI5IN,36,13,N2EPE
19:21:36,14045.3,N5NA,32,19,AA4PA
19:21:36,14052.0,KD9UDV,25,11,AA4PA
19:21:37,14005.9,K7ZLR,27,19,OH6BG
19:21:37,14023.5,F6HKA,31,26,OH6BG
19:21:37,14023.5,F6HKA,31,6,KC4YVA
19:21:37,14035.6,VE3KIU,29,4,IK4VET
19:21:37,14045.0,AI5IN,36,28,WB6BEE
19:21:37,14045.0,AI5IN,38,10,KC4YVA
19:21:37,14045.1,AI5IN,38,18,IK4VET
19:21:38,14032.5,KO4VW,39,26,K9LC
19:21:38,14033.2,KR2Q,38,33,VE6WZ
19:21:38,14034.4,KG9X,38,14,VE6WZ
19:21:38,14043.2,K5UV,37,15,K9LC
19:21:38,14045.0,AI5IN,36,19,N4HAC
19:21:39,14023.5,F6HKA,32,33,IT9GSF
19:21:39,14031.6,N6NT,34,7,EA2RCF-4
19:21:39,14032.5,KO4VW,38,21,K7CO
19:21:39,14032.5,KO4VW,39,23,W6YX
19:21:39,14033.3,KR2Q,37,23,K7CO
19:21:39,14033.3,KR2Q,37,23,W6YX
19:21:39,14033.3,KR2Q,37,18,NU4F
19:21:39,14033.3,KR2Q,35,19,IT9GSF
19:21:39,14033.5,N1DC,32,17,KD7EFG
19:21:39,14036.8,K0VBU,36,28,KD7EFG
19:21:39,14042.3,N6TTV,23,5,W6YX
19:21:39,14048.1,EA3FZT,34,19,ES2RR
19:21:40,14023.5,F6HKA,31,14,KM3T-2
19:21:40,14023.5,F6HKA,31,21,K5TR
19:21:40,14029.7,KH7X,41,19,K5EM
19:21:40,14032.5,KO4VW,38,28,ND7K
19:21:40,14032.5,KO4VW,36,11,KM3T-2
19:21:40,14032.5,KO4VW,39,15,TI7W
19:21:40,14032.9,WJ9B,36,20,W8WWV
19:21:40,14033.3,KR2Q,36,32,ND7K
19:21:40,14033.3,KR2Q,35,27,TI7W
19:21:40,14034.4,KG9X,39,24,K5TR
19:21:40,14036.2,W5TM,38,19,K6FOD
19:21:40,14048.1,EA3FZT,34,14,TI7W
19:21:41,14028.9,WA3AAN,31,6,NG7M
19:21:41,14032.5,KO4VW,38,26,NG7M
19:21:41,14032.5,KO4VW,38,14,VE6AO
19:21:41,14033.0,WJ9B,36,32,K3PA-1
19:21:41,14033.0,WJ9B,35,8,N2YCH
19:21:41,14033.3,KR2Q,37,23,NG7M
19:21:41,14034.4,KG9X,38,15,VE6AO
19:21:41,14034.5,KG9X,37,23,N2YCH
19:21:41,14036.8,K0VBU,38,27,K3PA-1
19:21:42,14030.0,N7US,38,4,KD2M
19:21:42,14032.5,KO4VW,36,12,KM3T-3
19:21:42,14032.5,KO4VW,38,12,KM3T-5
19:21:42,14032.5,KO4VW,38,39,N9CO
19:21:42,14033.0,WJ9B,34,13,K4PP
19:21:42,14033.0,WJ9B,34,32,N9CO
19:21:42,14033.3,KR2Q,37,18,S53A
19:21:42,14033.3,KR2Q,35,15,K4PP
19:21:42,14034.4,KG9X,35,41,N9CO
19:21:42,14035.9,N6CHU,27,6,KM3T-3
19:21:43,14030.0,N7US,37,13,VE7CC
19:21:43,14030.0,N7US,37,13,VE7CC
19:21:43,14038.0,E70T,32,9,LZ3CB
19:21:43,14043.9,K1SM,32,3,ON6ZQ
19:21:44,14023.2,AB5SE,34,12,K1RA-4
19:21:44,14023.5,F6HKA,31,15,K1RA-4
19:21:44,14029.2,W2RQ,45,4,AK6RI-1
19:21:44,14032.5,KO4VW,38,5,WX7V/5
19:21:44,14032.5,KO4VW,38,32,ZF9CW
19:21:44,14032.5,KO4VW,39,19,W3RGA
19:21:44,14033.0,WJ9B,35,37,WA7LNW
19:21:44,14033.0,WJ9B,33,18,K1RA-4
19:21:44,14037.6,N4HAI,31,9,N6TV
19:21:44,14041.5,K0RX,34,21,WX7V/5
19:21:44,14042.2,N6TTV,24,4,WT8P
19:21:44,14042.3,N6TTV,24,9,ZF9CW
19:21:44,14043.2,K5UV,37,26,WA7LNW
19:21:44,14045.0,AI5IN,38,25,K1RA-4
19:21:44,14045.9,AD8J,29,20,K1RA-4
19:21:45,14040.8,W1TO,36,4,DL8LAS-1
19:21:45,14045.0,AI5IN,34,33,W1NT-6
19:21:45,14045.0,AI5IN,38,35,AC0C-1
19:21:46,14023.5,F6HKA,29,12,IK7YTT
19:21:46,14030.4,AD4EB,38,17,K9IMM
19:21:46,14032.5,KO4VW,39,38,K9IMM
19:21:46,14033.0,WJ9B,34,26,K9IMM
19:21:46,14035.8,N6CHU,28,14,VE4DRK
19:21:46,14045.0,AI5IN,37,6,DK0KK
19:21:46,14045.0,AI5IN,38,30,AA4PA
19:21:46,14048.5,AB9CA,19,7,K9IMM
19:21:46,14052.4,W4LOO,24,4,VE4DRK
19:21:47,14023.6,F6HKA,31,8,W2NNN
19:21:47,14029.2,W2RQ,42,7,PA5KT-4
19:21:47,14029.3,W2RMT,43,10,IK4VET
19:21:47,14030.0,N7US,38,30,VE6WZ-3
19:21:47,14030.0,N7US,38,28,WB6BEE
19:21:47,14030.5,AD4EB,39,20,W2NNN
19:21:47,14032.5,KO4VW,39,24,N2EPE
19:21:47,14032.5,KO4VW,38,24,VE6WZ-3
19:21:47,14032.6,KO4VW,39,15,W2NNN
19:21:47,14037.1,K0SN,38,16,W2NNN
19:21:47,14038.0,E70T,34,28,M1GEO
19:21:47,14045.0,TI5IN,38,11,MM0ZBH
19:21:48,14030.0,N7US,38,30,VE6WZ
19:21:48,14032.5,KO4VW,38,16,N7VVX
19:21:48,14032.5,KO4VW,38,24,VE6WZ
19:21:48,14032.5,KO4VW,38,12,VE6WZ
19:21:48,14043.5,NK2Y,27,12,VE6WZ
19:21:49,14030.5,AD4EB,38,23,IT9GSF
19:21:49,14032.5,KO4VW,38,40,KD7EFG
19:21:49,14033.0,WJ9B,36,29,W6YX
19:21:49,14033.5,N1DC,33,9,K9LC
19:21:49,14035.4,N3OC,40,12,K9LC
19:21:49,14040.8,W1TO,36,32,KD7EFG
19:21:49,14045.0,AI5IN,38,28,W6YX
19:21:49,14045.0,AI5IN,37,11,KH6LC
19:21:49,14048.2,EA3FZT,35,9,BG7IEJ
19:21:50,14030.0,N7US,38,29,KM3T-2
19:21:50,14030.5,AD4EB,38,22,KM3T-2
19:21:50,14031.0,K3WW,39,28,ND7K
19:21:50,14031.0,K3WW,34,30,K5TR
19:21:50,14031.0,K3WW,39,14,K6FOD
19:21:50,14032.5,KO4VW,37,29,WE9V
19:21:50,14032.5,KO4VW,37,18,K5TR
19:21:50,14033.0,WJ9B,34,22,ND7K
19:21:50,14033.0,WJ9B,35,29,K5TR
19:21:50,14037.1,K0SN,38,32,ND7K
19:21:50,14042.2,N6TTV,23,6,K6FOD
19:21:50,14043.2,K5UV,36,8,K6FOD
19:21:50,14045.0,AI5IN,38,26,ND7K
19:21:50,14048.5,AB9CA,18,8,ND7K
19:21:51,14032.5,KO4VW,37,13,W1NT-2
19:21:51,14034.4,KG9X,38,17,TI7W
19:21:51,14035.5,N3OC,40,8,DK9IP-1
19:21:51,14037.1,K0SN,36,35,K3PA-1
19:21:51,14045.0,AI5IN,38,10,DK9IP-1
19:21:51,14045.0,AI5IN,38,15,NG7M
19:21:52,14027.9,VE9KK,34,12,S53A
19:21:52,14029.6,KH7X,40,21,VE6AO
19:21:52,14030.4,AD4EB,38,22,KM3T-3
19:21:52,14033.5,N1DC,32,7,VE6AO
19:21:52,14040.8,W1TO,36,15,S53A
19:21:52,14045.0,AI5IN,35,18,DR4W
19:21:53,14027.9,VE9KK,36,10,N9CO
19:21:53,14030.0,N7US,35,44,N9CO
19:21:53,14030.4,AD4EB,37,23,KM3T-5
19:21:53,14032.5,KO4VW,38,37,K4PP
19:21:54,14033.3,KR2Q,37,6,AK6RI-1
19:21:54,14034.1,VE5UO,32,27,WX7V/5
19:21:54,14035.5,N3OC,42,5,ON6ZQ
19:21:54,14038.0,E70T,37,24,ON6ZQ
19:21:54,14043.2,K5UV,37,12,ZL4YL
19:21:55,14024.0,W4CMG,35,13,W1NT-6
19:21:55,14024.0,W4CMG,37,28,AC0C-1
19:21:55,14025.6,KG5U,30,6,W3RGA
19:21:55,14030.4,AD4EB,38,39,AC0C-1
19:21:55,14031.0,K3WW,38,29,WA7LNW
19:21:55,14031.0,K3WW,40,30,AC0C-1
19:21:55,14033.3,KR2Q,37,36,WA7LNW
19:21:55,14033.3,KR2Q,36,30,AC0C-1
19:21:55,14045.3,N5NA,31,21,W3RGA
19:21:55,14045.3,N5NA,32,26,WA7LNW
19:21:56,14024.9,W8FJ,43,7,DK0KK
19:21:56,14029.6,KH7X,37,32,K9IMM
19:21:56,14031.0,K3WW,40,35,K9IMM
19:21:56,14045.3,N5NA,33,23,K9IMM
19:21:57,14025.6,KG5U,29,6,WB6BEE
19:21:57,14031.0,K3WW,40,33,AA4PA
19:21:57,14043.2,K5UV,37,11,N2EPE
19:21:57,14043.5,NK2Y,27,12,VE6WZ-3
19:21:57,14045.3,N5NA,32,26,VE6WZ-3
19:21:58,14045.3,N5NA,31,16,N4HAC
19:21:59,14024.0,W4CMG,36,18,K9LC
19:21:59,14025.6,KG5U,30,19,IT9GSF
19:21:59,14029.6,KH7X,41,13,VE6WZ
19:21:59,14029.6,KH7X,39,31,K7CO
19:21:59,14035.2,VE3JM,38,14,K7CO
19:21:59,14035.4,N3OC,40,22,IT9GSF
19:21:59,14040.0,KC9IL,30,7,IT9GSF
19:21:59,14045.0,AI5IN,36,11,K7CO
19:21:59,14045.3,N5NA,31,20,VE6WZ
19:21:59,14045.3,N5NA,32,26,VE6WZ
19:21:59,14045.3,N5NA,31,22,IT9GSF
19:22:00,14025.6,KG5U,30,8,KM3T-2
19:22:00,14027.9,VE9KK,35,16,K5TR
19:22:00,14035.2,VE3JM,38,30,WE9V
19:22:00,14035.2,VE3JM,38,16,ND7K
19:22:00,14036.8,K0VBU,37,17,W8WTS
19:22:00,14043.9,K1SM,32,9,ES2RR
19:22:00,14045.0,AI5IN,35,8,DP5G
19:22:00,14045.3,N5NA,31,13,W6YX
19:22:00,14045.3,N5NA,32,16,WE9V
19:22:01,14024.0,W4CMG,36,23,K3PA-1
19:22:01,14025.5,KG5U,29,6,W8WWV
19:22:01,14036.7,K0VBU,37,32,W8WWV
19:22:01,14040.9,W1TO,34,5,K5EM
19:22:01,14045.3,N5NA,31,13,TI7W
19:22:02,14024.0,W4CMG,37,16,W1NT-2
19:22:02,14025.6,KG5U,30,28,EI4HQ
19:22:02,14035.0,EA5M,35,13,W1NT-2
19:22:02,14042.3,N6TTV,26,27,KD7EFG
19:22:02,14045.3,N5NA,31,14,S53A
19:22:02,14048.1,EA3FZT,35,8,KD7EFG
19:22:03,14024.0,W4CMG,35,15,KM3T-5
19:22:03,14024.0,W4CMG,37,38,N9CO
19:22:03,14025.6,KG5U,29,8,KM3T-5
19:22:03,14025.6,KG5U,30,5,K4PP
19:22:03,14036.8,K0VBU,37,18,KM3T-5
19:22:05,14035.5,N3OC,40,14,N6TV
19:22:05,14036.8,K0VBU,37,21,W3RGA
19:22:05,14036.8,K0VBU,37,9,N6TV
19:22:05,14037.1,K0SN,37,10,ZL4YL
19:22:05,14045.3,N5NA,31,7,W1NT-6
19:22:07,14025.6,KG5U,31,47,MM0ZBH
19:22:07,14025.6,KG5U,30,3,N2EPE
19:22:07,14026.2,WG3J,38,15,VE4DRK
19:22:07,14029.6,KH7X,40,13,WC2L
19:22:07,14035.5,N3OC,40,36,K9IMM
19:22:07,14036.8,K0VBU,37,35,K9IMM
19:22:07,14036.8,K0VBU,37,21,WC2L
19:22:07,14036.8,K0VBU,37,28,AA4PA
19:22:07,14036.8,K0VBU,37,25,N2EPE
19:22:07,14043.3,K5UV,37,8,IK4VET
19:22:07,14045.2,N5NA,32,14,VE4DRK
19:22:08,14036.8,K0VBU,37,19,W2NNN
19:22:08,14045.3,N5NA,31,8,KC4YVA
19:22:09,14029.6,KH7X,39,28,K9LC
19:22:09,14033.0,WJ9B,35,17,K9LC
19:22:10,14005.8,K7ZLR,27,6,ES5PC
19:22:10,14026.3,WG3J,40,19,W6YX
19:22:10,14031.0,K3WW,39,15,NU4F
19:22:10,14035.5,N3OC,41,21,W6YX
19:22:10,14040.8,W1TO,37,3,OE9GHV
19:22:11,14023.5,F6HKA,31,6,HA2NA
19:22:11,14024.0,W4CMG,35,20,ND7K
19:22:11,14026.3,WG3J,40,19,ND7K
19:22:11,14035.5,N3OC,37,21,ND7K
19:22:11,14036.8,K0VBU,37,20,KM3T-2
19:22:11,14039.1,W7SW,25,7,K5EM
19:22:11,14042.3,N6TTV,27,4,K5EM
19:22:11,14045.9,AD8J,30,4,K6FOD
19:22:11,14048.1,EA3FZT,35,14,RU9CZD
19:22:12,14021.0,LA4SI,18,10,EA5WU
19:22:12,14021.1,LA4SI,19,44,S53A
19:22:12,14021.1,LA4SI,18,22,HB9BXE
19:22:12,14023.1,AB5SE,33,6,VE6AO
19:22:12,14026.3,WG3J,39,19,K3PA-1
19:22:12,14026.3,WG3J,38,23,TI7W
19:22:12,14029.6,KH7X,38,23,W1NT-2
19:22:12,14029.6,KH7X,39,45,KD7EFG
19:22:12,14029.7,KH7X,35,22,N2YCH
19:22:12,14031.0,K3WW,39,25,EI4HQ
19:22:12,14031.0,K3WW,38,10,KD2M
19:22:12,14031.0,K3WW,40,40,KD7EFG
19:22:12,14035.5,N3OC,38,27,K3PA-1
19:22:12,14035.5,N3OC,42,40,KD7EFG
19:22:12,14039.3,K7RL,37,48,KD7EFG
19:22:13,14021.1,LA4SI,18,15,F4GOU
19:22:13,14021.1,LA4SI,18,14,LZ4AE
19:22:13,14021.1,LA4SI,18,14,HG8A
19:22:13,14040.8,W1TO,34,8,K4PP
19:22:14,14023.5,F6HKA,31,6,LZ3CB
19:22:14,14035.5,N3OC,40,29,ZF9CW
19:22:14,14041.3,N5RZ,40,6,WT8P
19:22:14,14048.1,EA3FZT,36,12,ZF9CW
19:22:15,14024.0,W4CMG,36,9,W3RGA
19:22:15,14029.6,KH7X,38,17,ZL4YL
19:22:15,14034.4,KG9X,39,16,K1RA-4
19:22:15,14068.4,N9QF,23,10,WX7V/5
19:22:16,14021.1,LA4SI,18,24,IK3STG
19:22:16,14023.2,AB5SE,30,5,W1NT-6
19:22:16,14029.6,KH7X,38,7,N6TV
19:22:16,14032.5,KO4VW,39,36,WA7LNW
19:22:16,14032.5,KO4VW,37,9,N6TV
19:22:16,14033.0,WJ9B,36,35,AC0C-1
19:22:16,14035.4,N3OC,39,34,AC0C-1
19:22:16,14045.3,N5NA,33,38,AC0C-1
19:22:16,14068.4,N9QF,23,8,WA7LNW
19:22:16,14068.4,N9QF,24,23,AC0C-1
19:22:17,14021.1,LA4SI,18,23,IK7YTT
19:22:17,14021.1,LA4SI,18,27,IK4VET
19:22:17,14021.1,LA4SI,18,20,IZ2CPS
19:22:17,14033.1,KR2Q,37,5,VE4DRK
19:22:17,14035.5,N3OC,38,38,AA4PA
19:22:17,14045.4,N5NA,31,12,IK4VET
19:22:17,14068.4,N9QF,23,7,WC2L
19:22:18,14023.5,F6HKA,31,15,WB6BEE
19:22:18,14035.0,EA5M,37,47,S50U
19:22:18,14037.6,N4HAI,30,16,W2NNN
19:22:18,14045.4,N5NA,31,17,W2NNN
19:22:19,14021.1,LA4SI,18,19,YO5LD
19:22:19,14023.5,F6HKA,31,3,LZ4UX
19:22:20,14026.6,W1WEF,37,7,DP5G
19:22:20,14037.1,K0SN,37,14,K9LC
19:22:21,14023.5,F6HKA,31,16,BD8CS
19:22:21,14023.5,F6HKA,31,14,W8WWV
19:22:21,14024.0,W4CMG,35,31,WE9V
19:22:21,14026.6,W1WEF,38,8,DK9IP-1
19:22:21,14029.6,KH7X,34,34,K5TR
19:22:21,14032.5,KO4VW,40,10,K6FOD
19:22:21,14041.9,K1TR,36,4,K6FOD
19:22:22,14024.1,W4CMG,36,6,N2YCH
19:22:22,14024.9,W8FJ,43,27,K3PA-1
19:22:22,14032.5,KO4VW,37,7,N2YCH
19:22:22,14068.4,N9QF,23,3,N2YCH
19:22:22,14068.4,N9QF,24,12,W1NT-2
19:22:23,14025.6,KG5U,30,7,KM3T-3
19:22:23,14027.4,N8KH,37,33,KD7EFG
19:22:23,14034.4,KG9X,39,37,KD7EFG
19:22:24,14025.6,KG5U,29,3,MM9PSY
19:22:25,14031.2,VE3NZ,28,12,WT8P
19:22:25,14036.2,W5TM,38,33,WT8P
19:22:26,14026.3,WG3J,38,31,WA7LNW
19:22:26,14029.6,KH7X,38,27,AC0C-1
19:22:26,14036.8,K0VBU,37,35,K1RA-4
19:22:26,14036.8,K0VBU,37,35,AC0C-1
19:22:26,14043.5,NK2Y,27,8,WA7LNW
19:22:27,14005.8,K7ZLR,27,10,IK7YTT
19:22:27,14032.5,KO4VW,38,11,WC2L
19:22:27,14041.9,K1TR,30,39,K9IMM
19:22:28,14023.5,F6HKA,31,13,AA4PA
19:22:28,14026.3,WG3J,38,23,AA4PA
19:22:28,14052.6,W4LOO,25,19,W2NNN
19:22:29,14033.0,WJ9B,35,9,KC4YVA
19:22:29,14048.1,EA3FZT,35,4,SM1HEV
19:22:29,14052.5,W4LOO,24,5,VE6WZ
19:22:30,14015.0,EI3LH,19,23,IT9GSF
19:22:30,14023.6,F6HKA,31,9,BG7IEJ
19:22:30,14033.2,KR2Q,37,29,K9LC
19:22:30,14035.0,EA5M,37,22,IT9GSF
19:22:30,14036.8,K0VBU,37,10,IT9GSF
19:22:30,14043.2,K5UV,36,9,IT9GSF
19:22:31,14029.6,KH7X,42,24,WE9V
19:22:31,14030.5,AD4EB,38,16,K7CO
19:22:31,14033.2,KR2Q,37,43,WE9V
19:22:32,14031.6,N6NT,31,11,K6FOD
19:22:32,14033.2,KR2Q,35,40,K5TR
19:22:32,14033.3,KR2Q,35,34,K3PA-1
19:22:32,14034.1,VE5UO,33,6,K5EM
19:22:32,14052.5,W4LOO,24,18,K3PA-1
19:22:32,14068.4,N9QF,24,13,K3PA-1
19:22:33,14031.6,N6NT,35,10,NG7M
19:22:33,14033.3,KR2Q,37,11,KD2M
19:22:33,14034.1,VE5UO,32,18,KD7EFG
19:22:33,14034.4,KG9X,39,11,S53A
19:22:33,14035.9,N6CHU,28,10,KM3T-5
19:22:33,14038.0,E70T,34,6,BD7JNA
19:22:35,14033.0,WJ9B,35,19,ZF9CW
19:22:35,14033.3,KR2Q,36,10,WT8P
19:22:35,14034.4,KG9X,38,25,WX7V/5
19:22:35,14052.0,KD9UDV,25,5,ZF9CW
19:22:36,14052.5,W4LOO,25,16,W3RGA
19:22:37,14026.3,WG3J,38,29,AC0C-1
19:22:37,14032.5,W8FN,39,43,AC0C-1
19:22:37,14040.3,KT5V,31,4,DO4DXA
19:22:37,14040.5,NE5A,29,33,AC0C-1
19:22:37,14040.5,NE5A,29,18,N6TV
19:22:37,14044.4,K2WK,37,34,WA7LNW
19:22:38,14023.5,F6HKA,31,6,WC2L
19:22:38,14024.0,W4CMG,36,28,K9IMM
19:22:38,14024.0,W4CMG,36,5,N2EPE
19:22:38,14032.5,KO4VW,38,4,MM0ZBH
19:22:38,14033.0,WJ9B,36,10,N2EPE
19:22:38,14039.0,W7SW,26,1,AA0O
19:22:38,14044.4,K2WK,36,18,IK4VET
19:22:38,14045.3,N5NA,33,29,WB6BEE
19:22:39,14033.1,WJ9B,36,14,W2NNN
19:22:39,14045.1,AI5IN,35,22,W2NNN
19:22:39,14068.5,N9QF,24,7,W2NNN
19:22:40,14032.5,KO4VW,38,10,NU4F
19:22:40,14045.1,AI5IN,35,13,VE6WZ
19:22:41,14023.2,AB5SE,32,5,KM3T-2
19:22:41,14040.6,NE5A,33,22,K7EK
19:22:41,14045.0,AI5IN,35,31,KM3T-2
19:22:41,14046.5,N8UM,37,16,DF7GB
19:22:41,14046.6,N8UM,37,15,DK0TE
19:22:41,14046.6,N8UM,37,5,DC8YZ
19:22:41,14046.6,N8UM,38,23,K7CO
19:22:41,14046.6,N8UM,38,8,HA2NA
19:22:41,14052.5,W4LOO,25,4,W8WTS
19:22:42,14030.4,AD4EB,38,14,K6FOD
19:22:42,14035.4,N3OC,38,36,OK1HRA
19:22:42,14040.7,W1TO,33,6,OK1HRA
19:22:42,14041.9,K1TR,37,5,OK1HRA
19:22:42,14042.5,W7JET,37,19,ND7K
19:22:42,14046.5,N8UM,37,11,OK1HRA
19:22:42,14046.5,N8UM,37,10,EI4HQ
19:22:42,14046.6,N8UM,38,15,DK9IP-1
19:22:42,14068.4,N9QF,24,11,ND7K
19:22:43,14025.6,KG5U,30,11,W1NT-2
19:22:43,14033.0,WJ9B,35,13,W1NT-2
19:22:43,14034.1,VE5UO,34,11,N2YCH
19:22:43,14035.0,EA5M,38,12,DM6EE
19:22:43,14040.5,NE5A,30,13,S53A
19:22:43,14045.0,AI5IN,36,24,S53A
19:22:43,14045.1,AI5IN,35,18,TI7W
19:22:43,14045.4,N5NA,32,6,N2YCH
19:22:43,14046.5,N8UM,37,13,DR4W
19:22:43,14046.6,N8UM,38,17,DK9IP
19:22:43,14046.6,N8UM,37,30,S53A
19:22:43,14046.6,N8UM,38,28,K3PA-1
19:22:44,14023.2,AB5SE,32,17,KM3T-5
19:22:44,14023.2,AB5SE,33,6,KM3T-3
19:22:44,14026.3,WG3J,38,9,K4PP
19:22:44,14029.6,KH7X,39,19,K4PP
19:22:44,14030.0,N7US,38,26,KM3T-5
19:22:44,14030.0,N7US,38,26,KM3T-3
19:22:44,14033.0,WJ9B,35,9,KM3T-3
19:22:44,14038.0,E70T,33,6,K4PP
19:22:44,14045.0,AI5IN,35,9,VE6AO
19:22:44,14045.0,AI5IN,35,27,KD7EFG
19:22:44,14045.0,AI5IN,37,32,N9CO
19:22:44,14046.6,N8UM,37,11,ON6ZQ
19:22:44,14060.0,KE7LKW,18,13,KD7EFG
19:22:45,14045.0,AI5IN,35,11,AK6RI-1
19:22:45,14046.6,N8UM,36,15,DL8LAS-3
19:22:46,14027.8,VE9KK,35,11,K1RA-4
19:22:46,14033.3,KR2Q,37,10,ZL4YL
19:22:46,14045.0,AI5IN,33,34,ZF9CW
19:22:46,14045.0,AI5IN,35,29,W3RGA
19:22:46,14046.6,N8UM,38,7,IK3STG
19:22:46,14046.6,N8UM,37,13,DL8LAS-1
19:22:47,14025.6,KG5U,30,14,W1NT-6
19:22:47,14025.6,KG5U,29,7,N6TV
19:22:47,14033.7,W1RM,30,21,DK0KK
19:22:47,14033.7,W1RM,31,33,WA7LNW
19:22:47,14033.7,W1RM,30,37,AC0C-1
19:22:47,14033.7,W1RM,29,13,N6TV
19:22:47,14040.8,W1TO,36,5,DK0KK
19:22:47,14046.5,N8UM,38,22,DK0KK
19:22:47,14046.6,N8UM,37,23,WA7LNW
19:22:47,14046.6,N8UM,38,29,AC0C-1
19:22:47,14046.6,N8UM,37,13,PE5TT
19:22:48,14026.6,W1WEF,37,3,MM0ZBH
19:22:48,14033.5,W1RM,31,11,VE4DRK
19:22:48,14033.7,W1RM,30,37,K9IMM
19:22:48,14033.7,W1RM,30,20,DL8LAS
19:22:48,14033.7,W1RM,30,30,VE6WZ-3
19:22:48,14040.6,NE5A,31,8,IK4VET
19:22:48,14046.4,N8UM,38,13,VE4DRK
19:22:48,14046.5,N8UM,37,19,PI4CC
19:22:48,14046.5,N8UM,38,28,VE6WZ-3
19:22:48,14046.6,N8UM,37,25,IK4VET
19:22:48,14046.6,N8UM,38,8,PA5KT-4
19:22:48,14046.6,N8UM,38,49,K9IMM
19:22:48,14046.6,N8UM,37,13,DL8LAS
19:22:48,14046.6,N8UM,36,8,MM0ZBH
19:22:49,14022.0,EA2CAR,23,17,WB6BEE
19:22:50,14033.7,W1RM,30,12,VE6WZ
19:22:50,14033.7,W1RM,30,30,VE6WZ
19:22:50,14046.5,N8UM,38,28,VE6WZ
19:22:51,14015.0,EI3LH,19,8,ES5PC
19:22:51,14026.3,WG3J,40,24,K9LC
19:22:51,14033.0,WJ9B,34,8,KM3T-2
19:22:51,14033.7,W1RM,29,21,NU4F
19:22:51,14033.7,W1RM,31,18,DP5G
19:22:51,14033.7,W1RM,30,30,K9LC
19:22:51,14033.7,W1RM,30,23,W6YX
19:22:51,14035.2,VE3JM,38,13,IT9GSF
19:22:51,14046.6,N8UM,38,11,OE9GHV
19:22:52,14021.0,LA4SI,18,6,YO2KAR
19:22:52,14024.0,W4CMG,35,9,K7CO
19:22:52,14033.2,KR2Q,36,5,OK1HRA
19:22:52,14033.7,W1RM,29,4,DF7GB
19:22:52,14033.7,W1RM,30,31,K7CO
19:22:52,14033.7,W1RM,30,44,WE9V
19:22:52,14033.7,W1RM,30,13,DK9IP-1
19:22:52,14035.6,VE3KIU,28,17,K7EK
19:22:52,14047.3,K6NR,25,16,K7EK
19:22:53,14024.0,W4CMG,36,17,TI7W
19:22:53,14025.6,N8CC,33,17,K5TR
19:22:53,14033.3,KR2Q,36,18,K6FOD
19:22:53,14033.7,W1RM,29,27,ND7K
19:22:53,14033.7,W1RM,30,8,DK9IP
19:22:53,14033.7,W1RM,30,20,S53A
19:22:53,14033.7,W1RM,29,27,TI7W
19:22:53,14033.7,W1RM,29,41,K3PA-1
19:22:53,14033.7,W1RM,30,15,KD2M
19:22:53,14033.8,W1RM,29,19,N2YCH
19:22:53,14041.5,K0RX,34,6,K6FOD
19:22:53,14043.2,K5UV,37,38,K3PA-1
19:22:53,14047.2,K6NR,25,9,K6FOD
19:22:54,14021.1,LA4SI,19,14,LZ4AE
19:22:54,14026.3,WG3J,39,18,NG7M
19:22:54,14033.0,WJ9B,35,9,KM3T-5
19:22:54,14033.2,KR2Q,36,10,VE6AO
19:22:54,14033.7,W1RM,30,3,KM3T-5
19:22:54,14039.6,W8CAR,38,10,NG7M
19:22:54,14046.5,N8UM,34,8,MM9PSY
19:22:54,14046.6,N8UM,37,5,G4KCM
19:22:54,14046.6,N8UM,37,4,HG8A
19:22:55,14033.7,W1RM,31,22,K4PP
19:22:55,14033.7,W1RM,30,20,DL8LAS-3
19:22:56,14021.1,LA4SI,18,10,HA8TKS
19:22:56,14031.0,K3WW,37,27,ZF9CW
19:22:56,14035.5,N3OC,40,30,WX7V/5
19:22:56,14046.6,N8UM,37,23,WX7V/5
19:22:57,14005.8,IK7ZLR,28,10,IK7YTT
19:22:57,14021.1,LA4SI,19,11,S53WW
19:22:57,14026.6,W1WEF,38,9,ZL4YL
19:22:57,14029.6,KH7X,40,23,K1RA-4
19:22:57,14032.1,N3RD,42,24,AC0C-1
19:22:58,14032.8,WJ9B,35,12,VE4DRK
19:22:58,14033.3,KR2Q,35,6,PA5KT-4
19:22:59,14027.8,VE9KK,34,18,WB6BEE
19:22:59,14029.6,KH7X,40,22,AA4PA
19:22:59,14033.0,WJ9B,36,11,N4HAC
19:22:59,14052.5,W4LOO,25,8,N2EPE
19:23:01,14024.0,W4CMG,36,13,IT9GSF
19:23:01,14026.3,WG3J,38,33,VE6WZ
19:23:01,14027.4,N8KH,36,10,W8WTS
19:23:01,14033.0,WJ9B,36,15,NU4F
19:23:01,14056.0,N1BS,23,8,VE6WZ
19:23:02,14023.2,AB5SE,33,24,K7EK
19:23:02,14029.6,KH7X,39,27,W6YX
19:23:02,14031.0,K3WW,39,37,WE9V
19:23:02,14040.8,W1TO,37,3,DK9IP-1
19:23:02,14042.0,K1TR,37,31,K7EK
19:23:03,14034.9,EA5M,36,37,DR4W
19:23:03,14035.4,N3OC,40,30,EI4HQ
19:23:03,14035.4,N3OC,38,26,DR4W
19:23:03,14035.5,VE3KIU,27,18,ND7K
19:23:04,14029.6,KH7X,40,30,K3PA-1
19:23:04,14035.5,N3OC,40,17,TI7W
19:23:04,14035.9,N6CHU,30,43,KD7EFG
19:23:05,14039.3,K7RL,40,18,K4PP
19:23:06,14031.6,N6NT,34,6,WT8P
19:23:06,14033.0,WJ9B,35,5,AK6RI-1
19:23:06,14037.9,K6RB,35,42,WX7V/5
19:23:06,14043.2,K5UV,37,16,WT8P
19:23:07,14026.4,WG3J,37,30,ZF9CW
19:23:07,14037.9,K6RB,33,28,K1RA-4
19:23:08,14023.2,AB5SE,34,8,N6TV
19:23:08,14039.6,W8CAR,39,34,AC0C-1
19:23:08,14043.2,K5UV,33,36,AC0C-1
19:23:08,14045.3,N5NA,32,8,ZL4YL
19:23:09,14026.3,WG3J,38,33,VE6WZ-3
19:23:09,14031.6,N6NT,33,7,EA4RKC
19:23:09,14031.6,N6NT,33,12,SE5E
19:23:09,14056.0,N1BS,23,8,VE6WZ-3
19:23:10,14023.5,F6HKA,31,10,YO5LD
19:23:10,14048.1,EA3FZT,35,6,W2NNN
19:23:10,14049.0,ND9M,28,9,WB6BEE
19:23:11,14026.3,WG3J,39,12,IT9GSF
19:23:11,14026.3,WG3J,38,4,NU4F
19:23:11,14026.6,W1WEF,35,10,VE6WZ
19:23:12,14043.9,K1SM,32,5,K9LC
19:23:13,14026.3,WG3J,39,18,K5TR
19:23:13,14026.7,W1WEF,35,12,K5EM
19:23:13,14027.8,VE9KK,34,5,WE9V
19:23:13,14032.2,N3RD,43,9,EI4HQ
19:23:13,14032.8,N4BP,30,10,K7EK
19:23:13,14033.7,W1RM,30,37,K5TR
19:23:13,14033.7,W1RM,30,13,K6FOD
19:23:13,14037.9,K6RB,35,15,K5EM
19:23:13,14040.5,NE5A,30,3,K6FOD
19:23:13,14040.9,W1TO,29,33,K7EK
19:23:13,14043.9,K1SM,32,28,K5TR
19:23:13,14056.1,N1BS,24,5,K7EK
19:23:14,14024.0,W4CMG,36,20,NG7M
19:23:14,14043.9,K1SM,32,14,K3PA-1
19:23:14,14043.9,K1SM,31,28,TI7W
19:23:14,14047.7,DK3WW,26,33,W1NT-2
19:23:14,14058.0,W7BTR,20,2,ND7K
19:23:15,14033.7,W1RM,30,66,N9CO
19:23:15,14037.6,N4HAI,30,31,KD7EFG
19:23:15,14037.9,K6RB,34,13,VE6AO
19:23:15,14037.9,K6RB,33,18,N9CO
19:23:15,14037.9,K6RB,34,11,KM3T-3
19:23:15,14043.9,K1SM,31,33,N9CO
19:23:15,14045.0,AI5IN,38,31,KM3T-3
19:23:15,14047.6,DK3WW,26,31,KM3T-5
19:23:15,14047.6,DK3WW,25,30,KM3T-3
19:23:17,14037.1,K0SN,38,22,ZF9CW
19:23:17,14043.9,K1SM,32,30,ZF9CW
19:23:17,14047.7,DK3WW,26,11,W3RGA
19:23:17,14047.7,DK3WW,26,18,K1RA-4
19:23:17,14047.7,DK3WW,26,26,ZF9CW
19:23:17,14049.0,ND9M,28,22,K1RA-4
19:23:17,14049.0,ND9M,28,32,ZF9CW
19:23:18,14024.0,W4CMG,36,25,WA7LNW
19:23:18,14031.6,N6NT,30,32,IK7YTT
19:23:18,14035.0,EA5M,35,20,ZL4YL
19:23:18,14037.9,K6RB,34,26,AC0C-1
19:23:18,14037.9,K6RB,35,37,WA7LNW
19:23:18,14037.9,K6RB,35,13,ZL4YL
19:23:18,14039.3,K7RL,37,29,WA7LNW
19:23:18,14043.9,K1SM,31,16,AC0C-1
19:23:18,14043.9,K1SM,32,15,WA7LNW
19:23:18,14044.0,K1SM,32,19,IK4VET
19:23:18,14047.7,DK3WW,26,35,W1NT-6
19:23:18,14049.0,ND9M,28,16,AC0C-1
19:23:18,14049.0,ND9M,28,14,WA7LNW
19:23:19,14027.8,VE9KK,35,8,K9IMM
19:23:19,14031.6,N6NT,34,7,N7VVX
19:23:19,14037.9,K6RB,34,20,N7VVX
19:23:19,14037.9,K6RB,34,11,N2EPE
19:23:19,14039.6,W8CAR,38,5,N7VVX
19:23:19,14043.9,K1SM,31,26,K9IMM
19:23:19,14043.9,K1SM,33,32,AA4PA
19:23:19,14044.8,AI5IN,38,14,VE4DRK
19:23:19,14045.0,AI5IN,38,10,N6TV
19:23:19,14047.6,DK3WW,26,38,EA4RKC
19:23:19,14047.7,DK3WW,26,39,RK3TD-2
19:23:19,14049.0,ND9M,28,20,K9IMM
19:23:19,14049.0,ND9M,28,30,AA4PA
19:23:20,14027.8,VE9KK,36,6,KC4YVA
19:23:20,14028.9,WA3AAN,32,22,VE6WZ-3
19:23:20,14035.4,N3OC,39,27,VE6WZ-3
19:23:20,14036.0,N6CHU,28,19,W2NNN
19:23:20,14037.9,K6RB,33,24,WB6BEE
19:23:20,14039.0,W7SW,25,15,VE6WZ-3
19:23:20,14043.9,K1SM,32,16,SE5E
19:23:20,14045.0,AI5IN,38,9,VE6WZ-3
19:23:20,14047.6,DK3WW,26,10,WB6BEE
19:23:20,14047.6,DK3WW,26,6,N4HAC
19:23:20,14047.7,DK3WW,26,7,S50U
19:23:20,14047.7,DK3WW,26,30,W2NNN
19:23:21,14035.2,NE2V,37,15,IT9GSF
19:23:21,14047.6,DK3WW,25,25,W2MV
19:23:21,14047.6,DK3WW,25,16,IT9GSF
19:23:21,14047.7,DK3WW,25,22,BG7IEJ
19:23:22,14027.4,N8KR,36,10,W6YX
19:23:22,14028.9,WA3AAN,32,22,VE6WZ
19:23:22,14035.4,N3OC,39,27,VE6WZ
19:23:22,14037.9,K6RB,35,10,KM3T-2
19:23:22,14037.9,K6RB,34,22,K9LC
19:23:22,14039.0,W7SW,25,15,VE6WZ
19:23:22,14041.5,K0RX,34,13,W6YX
19:23:22,14043.9,K1SM,32,15,NU4F
19:23:22,14043.9,K1SM,33,9,W6YX
19:23:22,14045.0,AI5IN,38,9,VE6WZ
19:23:22,14045.0,AI5IN,37,20,NU4F
19:23:22,14047.6,DK3WW,26,24,BD8CS
19:23:22,14047.6,DK3WW,26,26,RU9CZD
19:23:22,14047.7,DK3WW,26,29,KM3T-2
19:23:22,14049.0,ND9M,28,3,W8WTS
19:23:23,14025.6,KG5U,30,6,K7EK
19:23:23,14029.0,WA3AAT,32,6,DK9IP
19:23:23,14032.7,N4BP,31,12,S53A
19:23:23,14035.6,VE3KIU,29,19,S53A
19:23:23,14037.9,K6RB,33,21,W8WWV
19:23:23,14041.6,K0RX,33,31,K7EK
19:23:23,14043.9,K1SM,32,16,K7CO
19:23:23,14043.9,K1SM,32,27,W8WWV
19:23:23,14043.9,K1SM,32,30,S53A
19:23:23,14046.3,WU6P,38,9,N2YCH
19:23:23,14047.6,DK3WW,25,28,R4NCU
19:23:23,14047.7,DK3WW,26,9,N2YCH
19:23:23,14049.0,ND9M,28,19,W8WWV
19:23:23,14049.0,ND9M,28,9,WE9V
19:23:23,14049.0,ND9M,27,7,N2YCH
19:23:23,14049.1,ND9M,28,12,K7EK
19:23:23,14050.0,IT9DNW,20,7,EI4HQ
19:23:24,14023.5,F6HKA,31,7,UY2RA
19:23:24,14027.4,N8KH,35,9,K6FOD
19:23:24,14027.4,N8KH,38,17,ND7K
19:23:24,14035.0,EA5M,38,8,UY2RA
19:23:24,14035.4,N3OC,42,9,K6FOD
19:23:24,14037.9,K6RB,33,27,K5TR
19:23:24,14037.9,K6RB,33,18,W1NT-2
19:23:24,14037.9,K6RB,33,30,K3PA-1
19:23:24,14039.2,K7RL,37,26,K6FOD
19:23:24,14043.9,K1SM,33,11,W1NT-2
19:23:24,14043.9,K1SM,32,9,ND7K
19:23:24,14045.0,AI5IN,38,36,W1NT-2
19:23:24,14045.3,N5NA,33,7,K6FOD
19:23:24,14046.3,WU6P,37,23,K3PA-1
19:23:24,14047.6,DK3MW,26,11,DR4W
19:23:24,14049.0,ND9M,28,12,K5TR
19:23:24,14049.0,ND9M,28,16,K3PA-1
19:23:25,14029.3,W2RQ,41,24,TI7W
19:23:25,14031.2,VE3NZ,32,40,KD7EFG
19:23:25,14037.9,K6RB,33,49,KD7EFG
19:23:25,14038.0,E70T,34,26,TI7W
19:23:25,14044.0,K1SM,32,19,DL8LAS-3
19:23:25,14046.3,WU6P,38,18,KM3T-5
19:23:25,14049.0,ND9M,28,18,TI7W
19:23:25,14049.0,ND9M,28,11,KD7EFG
19:23:25,14049.0,ND9M,28,17,N9CO
19:23:27,14029.2,W2RQ,41,18,DK0KK
19:23:27,14033.7,W1RM,30,6,DO4DXA
19:23:27,14037.9,K6RB,34,18,W3RGA
19:23:27,14039.0,W7SW,26,3,ZL3X
19:23:27,14041.9,K1TR,36,5,DL8LAS-1
19:23:27,14043.9,K1SM,32,26,WX7V/5
19:23:27,14049.0,ND9M,28,15,W3RGA
19:23:28,14033.3,KR2Q,37,10,IK4VET
19:23:28,14033.8,W1RM,32,10,IK4VET
19:23:28,14037.9,K6RB,35,24,ZF9CW
19:23:28,14043.9,K1SM,32,15,S53WW
19:23:28,14047.7,DK3WW,26,7,IK4VET
19:23:28,14050.0,IT9DNW,21,10,M1GEO
19:23:29,14029.3,W2RQ,41,29,WA7LNW
19:23:29,14037.6,N4HAI,30,36,AC0C-1
19:23:29,14037.9,K6RB,34,11,N6TV
19:23:29,14041.9,K1TR,36,5,DL8LAS
19:23:29,14044.0,K1SM,32,19,DL8LAS
19:23:29,14047.7,DK3WW,26,14,WC2L
19:23:29,14047.7,DK3WW,26,14,OH6BG
19:23:29,14050.0,IT9DNW,21,10,PI4CC
19:23:29,14056.0,N1BS,25,10,AC0C-1
19:23:29,14058.0,W7BTR,20,7,N6TV
19:23:30,14025.6,KG5U,30,3,W2NNN
19:23:30,14039.0,W7SW,26,31,WB6BEE
19:23:30,14049.0,ND9M,28,21,N4HAC
19:23:31,14035.0,EA5M,37,30,RK3TD
19:23:31,14045.0,AI5IN,36,6,GI4DOH
19:23:32,14016.9,DL2TT,26,11,IT9GSF
19:23:32,14031.0,K3WW,39,26,IT9GSF
19:23:32,14041.5,K0RX,33,6,W2MV
19:23:32,14049.0,ND9M,29,10,NU4F
19:23:33,14031.0,K3WW,38,24,W6YX
19:23:33,14045.0,AI5IN,38,21,WE9V
19:23:33,14047.6,DK3WW,26,7,W8WWV
19:23:33,14047.7,DK3WW,26,17,S53A
19:23:34,14023.5,F6HKA,31,7,K7EK
19:23:34,14024.9,W8FJ,43,9,KD2M
19:23:34,14035.0,EA5M,36,5,F4GOU
19:23:34,14036.3,W5TM,38,27,K7EK
19:23:34,14038.1,E70T,36,15,K7EK
19:23:34,14046.3,WU6P,38,6,K6FOD
19:23:34,14047.7,DK3WW,25,7,K7EK
19:23:34,14050.0,IT9DNW,20,7,G4KCM
19:23:35,14023.2,AB5SE,33,6,TI7W
19:23:35,14029.0,WA3AAN,32,8,K4PP
19:23:35,14031.2,VE3NZ,33,16,VE6AO
19:23:35,14035.0,EA5M,35,9,LZ3CB
19:23:35,14045.0,AI5IN,37,31,KM3T-5
19:23:35,14068.4,N9QF,24,11,KD7EFG
19:23:36,14036.8,K0VBU,37,40,N9CO
19:23:38,14024.9,W8FJ,39,27,ZF9CW
19:23:38,14046.6,N8UM,38,7,IK7YTT
19:23:39,14034.9,W8FN,37,17,W1NT-6
19:23:39,14035.4,VE3KIU,29,13,VE4DRK
19:23:39,14038.0,E70T,34,19,ZL4YL
19:23:40,14024.9,W8FJ,43,13,N7VVX
19:23:40,14036.0,N6CHU,27,22,KC4YVA
19:23:40,14037.1,K0SN,38,25,K9IMM
19:23:40,14045.0,AI5IN,35,17,WC2L
19:23:40,14045.0,AI5IN,38,5,W2NAF
19:23:41,14027.8,VE9KK,33,7,N4HAC
19:23:41,14047.6,DK3WW,25,13,ES2RR
19:23:42,14029.2,W2RQ,41,20,IT9GSF
19:23:42,14029.3,W2RQ,40,15,VE6WZ
19:23:42,14035.9,N6CHU,28,8,KM3T-2
19:23:43,14026.4,WG3J,39,26,K7CO
19:23:43,14029.2,W2RQ,41,13,EI4HQ
19:23:43,14032.1,N3RD,38,34,K9LC
19:23:43,14040.0,KC9IL,30,23,K7CO
19:23:43,14068.4,N9QF,24,2,W6YX
19:23:44,14015.3,OM2TS,24,11,EA5WU
19:23:44,14036.8,K0VBU,30,31,K7EK
19:23:44,14043.5,NK2Y,27,22,WE9V
19:23:44,14068.4,N9QF,24,2,K5TR
19:23:45,14029.2,W2RQ,40,26,ND7K
19:23:45,14032.1,N3RD,43,14,K6FOD
19:23:45,14036.3,W5TM,35,19,K3PA-1
19:23:45,14047.7,DK3WW,26,21,JN1ILK
19:23:45,14047.7,DK3WW,26,21,TI7W
19:23:46,14032.2,N3RD,43,11,DL8LAS-3
19:23:46,14032.2,N3RD,43,29,K4PP
19:23:46,14045.3,N5NA,32,35,KD7EFG
19:23:47,14031.0,K3WW,40,7,AK6RI-1
19:23:47,14040.0,KC9IL,30,12,W3RGA
19:23:48,14025.6,KG5U,31,15,K1RA-4
19:23:48,14026.6,W1WEF,38,7,DK0KK
19:23:48,14047.6,DK3WW,26,7,IK7YTT
19:23:49,14031.0,K3WW,38,19,PA5KT-4
19:23:49,14032.2,N3RD,43,11,DL8LAS
19:23:49,14033.3,KR2Q,36,34,AC0C-1
19:23:49,14034.7,N5TOO,36,24,W1NT-6
19:23:49,14035.6,VE3KIU,30,26,ZF9CW
19:23:50,14029.2,W2RQ,39,22,AA4PA
19:23:50,14032.2,N3RD,43,9,ZL4YL
19:23:50,14033.0,WJ9B,35,12,N6TV
19:23:50,14033.3,KR2Q,35,14,N6TV
19:23:50,14033.3,KR2Q,37,29,AA4PA
19:23:50,14033.7,W1RM,30,11,ZL4YL
19:23:50,14053.0,N7QD,14,7,K9IMM
19:23:51,14034.7,N5TOO,34,19,W2NNN
19:23:52,14026.6,W1WEF,38,10,OE9GHV
19:23:52,14047.2,K6NR,26,13,IT9GSF
19:23:53,14002.0,YO9IGS,23,11,RU9CZD
19:23:53,14002.0,YO9IGS,23,17,EI4HQ
19:23:53,14032.7,N4BP,30,6,EI4HQ
19:23:53,14043.4,KT5V,31,12,W8WWV
19:23:54,14031.0,K3WW,39,10,DK9IP
19:23:54,14032.2,N3RD,43,21,K7CO
19:23:54,14036.5,W0IZ,32,26,W6YX
19:23:54,14037.6,N4HAI,30,24,K7CO
19:23:54,14043.5,KT5V,31,19,W6YX
19:23:54,14043.5,KT5V,31,14,K5EM
19:23:55,14002.0,YO9IGS,23,3,F4GOU
19:23:55,14026.6,W1WEF,37,4,MM9PSY
19:23:55,14031.0,K3WW,39,10,MM9PSY
19:23:55,14031.0,K3WW,39,6,ON6ZQ
19:23:55,14031.0,K3WW,37,21,K3PA-1
19:23:55,14031.6,N6NT,34,5,MM9PSY
19:23:55,14038.2,K0TG,39,26,ND7K
19:23:55,14058.0,W7BTR,20,7,K3PA-1
19:23:56,14025.6,KG5U,31,13,N9CO
19:23:56,14030.0,N7US,35,13,VE6AO
19:23:56,14035.0,EA5M,37,11,JN1ILK
19:23:56,14043.5,NK2Y,28,22,N9CO
19:23:56,14043.5,KT5V,31,20,VE6AO
19:23:56,14062.5,KF0UVL,17,10,KD7EFG
19:23:58,14002.0,YO9IGS,23,9,IK7YTT
19:23:59,14029.3,W2RQ,40,19,DL8LAS
19:23:59,14032.2,N3RD,35,34,ZF9CW
19:24:00,14030.5,AD4EB,38,28,WA7LNW
19:24:00,14041.6,K0RX,35,4,W2NAF
19:24:00,14045.0,AI5IN,33,23,WA7LNW
19:24:01,14029.2,W2RQ,40,9,N6TV
19:24:01,14029.2,W2RQ,39,36,VE6WZ-3
19:24:01,14029.6,KH7X,34,19,N4HAC
19:24:01,14033.0,WJ9B,35,19,AA4PA
19:24:01,14040.0,KC9IL,31,8,N6TV
19:24:01,14041.2,N5RZ,39,15,VE6WZ-3
19:24:01,14042.6,W7JET,39,18,W2NNN
19:24:01,14043.5,KT5V,31,13,N6TV
19:24:01,14047.2,K6NA,25,29,WB6BEE
19:24:02,14026.3,WG3J,36,7,OK1HRA
19:24:02,14033.7,W1RM,30,8,OE9GHV
19:24:03,14000.1,DF2JP,30,17,IT9GSF
19:24:03,14002.0,YO9IGS,23,7,IT9GSF
19:24:03,14024.0,W4CMG,35,14,KM3T-2
19:24:03,14026.4,WG3J,39,6,PY2KNK
19:24:03,14029.2,W2RQ,39,36,VE6WZ
19:24:03,14029.2,W2RQ,39,26,K9LC
19:24:03,14032.2,N3RD,41,18,IT9GSF
19:24:03,14032.2,N3RD,43,23,NU4F
19:24:03,14033.3,KR2Q,36,13,VE6WZ
19:24:03,14036.2,W5TM,37,10,IT9GSF
19:24:03,14041.2,N5RZ,39,15,VE6WZ
19:24:03,14041.3,N5RZ,39,11,KM3T-2
19:24:03,14043.5,KT5V,31,13,VE6WZ
19:24:03,14078.3,G4PFZ,33,2,IT9GSF
19:24:04,14029.2,W2RQ,40,18,W6YX
19:24:04,14032.2,N3RD,42,15,S53A
19:24:04,14041.3,N5RZ,39,12,N2YCH
19:24:04,14058.0,W7BTR,20,7,W6YX
19:24:05,14029.2,W2RQ,30,16,K6FOD
19:24:05,14043.5,KT5V,31,13,K6FOD
19:24:06,14025.6,KG5U,31,27,K3PA-1
19:24:06,14029.3,W2RQ,40,19,DL8LAS-3
19:24:06,14029.6,KH7X,36,21,TI7W
19:24:06,14030.4,AD4ED,37,7,NG7M
19:24:06,14032.1,N3RD,41,25,ND7K
19:24:06,14032.2,N3RD,41,32,K3PA-1
19:24:07,14026.3,WG3J,36,35,KD7EFG
19:24:07,14033.3,KR2Q,35,40,KD7EFG
19:24:07,14043.5,KT5V,31,8,K4PP
19:24:07,14058.0,W7BTR,20,26,KD7EFG
19:24:08,14024.9,W8FJ,42,9,AK6RI-1
19:24:08,14036.3,N1DC,32,14,WX7V/5
19:24:08,14042.5,W7JET,37,10,AK6RI-1
19:24:08,14042.6,W7JET,40,35,WX7V/5
19:24:08,14042.6,W7JET,39,18,W3RGA
19:24:08,14043.5,KT5V,31,7,AK6RI-1
19:24:09,14042.6,W7JET,36,28,K1RA-4
19:24:10,14002.0,YO9IGS,23,4,RN4WA
19:24:10,14028.0,K9UIY,31,19,ZF9CW
19:24:10,14028.6,HA7I,33,14,RN4WA
19:24:10,14029.2,W2RQ,40,29,AC0C-1
19:24:10,14030.8,K3WW,39,13,VE4DRK
19:24:10,14031.0,K3WW,39,8,EA4RKC
19:24:10,14042.5,W7JET,36,13,N2EPE
19:24:10,14047.7,DK3WW,25,15,RN4WA
19:24:11,14043.5,KT5V,31,22,WB6BEE
19:24:11,14062.5,KF0UVL,17,6,W2NNN
19:24:12,14031.0,K3WW,39,7,DK0TE
19:24:12,14031.0,K3WW,40,10,OE9GHV
19:24:12,14040.8,W1TO,32,5,DP5G
19:24:12,14045.0,AI5IN,38,11,G4ZFE
19:24:13,14031.0,K3WW,38,6,DF7GB
19:24:13,14034.6,N5TOO,33,23,VE6WZ
19:24:13,14043.5,NK2Y,27,11,IT9GSF
19:24:14,14031.0,K3WW,40,23,S53A
19:24:14,14034.7,N5TOO,35,17,S53A
19:24:14,14047.6,DK3WW,26,12,DR4W
19:24:15,14029.6,KH7X,37,13,K7EK
19:24:15,14034.7,N5TOO,29,27,W1NT-2
19:24:15,14037.1,K0SN,38,26,WE9V
19:24:15,14037.1,K0SN,37,34,K5TR
19:24:15,14041.3,N5RZ,40,32,K7EK
19:24:16,14042.6,W7JET,38,7,VE7CC
19:24:16,14042.6,W7JET,38,7,VE7CC
19:24:17,14028.9,WA3AAN,32,18,VE6AO
19:24:17,14034.6,N5TOO,33,33,N9CO
19:24:17,14035.5,VE3KIU,31,18,K4PP
19:24:17,14042.5,W7JET,33,20,K4PP
19:24:17,14042.5,W7JET,39,14,VE6AO
19:24:17,14043.5,KT5V,31,4,WT8P
19:24:17,14052.5,W4LOO,25,6,WT8P
19:24:17,14052.5,W4LOO,24,12,N9CO
19:24:18,14034.7,N5TOO,33,22,WX7V/5
19:24:18,14035.5,N3OC,40,7,PE5TT
19:24:18,14040.5,NE5A,31,26,WX7V/5
19:24:18,14043.5,KT5V,31,5,W3RGA
19:24:19,14027.8,VE9KK,34,6,IK4VET
19:24:19,14032.1,N3RD,42,5,PA5KT-4
19:24:19,14032.2,N3RD,43,9,IK4VET
19:24:19,14034.6,N5TOO,34,19,K1RA-4
19:24:19,14043.5,KT5V,31,2,K1RA-4
19:24:20,14005.8,K7ZLR,27,14,EA4RKC
19:24:20,14025.6,N2YO,39,25,AC0C-1
19:24:20,14035.4,N3OC,40,6,EA4RKC
19:24:20,14040.8,W1TO,36,23,ZF9CW
19:24:21,14024.9,W8FJ,43,19,N6TV
19:24:21,14030.0,N7US,38,35,AA4PA
19:24:21,14032.2,N3RD,42,16,N6TV
19:24:21,14034.4,KG9X,37,19,VE6WZ-3
19:24:21,14034.6,N5TOO,33,23,VE6WZ-3
19:24:21,14035.9,N6CHU,28,12,WC2L
19:24:21,14042.5,W7JET,36,21,VE6WZ-3
19:24:22,14026.3,WG3J,35,38,K9IMM
19:24:22,14047.6,DK3AEW,26,12,ES2RR
19:24:22,14052.5,W4LOO,24,10,N4HAC
19:24:23,14026.5,W1WEF,38,12,OK1HRA
19:24:23,14047.6,DK3WW,28,6,ES5PC
19:24:24,14002.0,YO9IGS,22,19,R4NCU
19:24:24,14002.0,YO9IGS,23,8,EA5WU
19:24:24,14024.9,W8FJ,43,14,NU4F
19:24:24,14024.9,W8FJ,42,32,K9LC
19:24:24,14024.9,W8FJ,43,11,K5EM
19:24:24,14031.0,K3WW,40,13,W8WWV
19:24:24,14034.4,KG9X,37,19,VE6WZ
19:24:24,14039.3,K7RL,39,17,KM3T-2
19:24:24,14042.5,W7JET,36,21,VE6WZ
19:24:24,14042.5,W7JET,36,30,K9LC
19:24:24,14049.0,ND9M,27,23,K9LC
19:24:25,14024.9,W8FJ,43,27,W6YX
19:24:25,14030.0,N7US,37,24,K7EK
19:24:25,14031.0,K3WW,38,18,K7EK
19:24:25,14032.2,N3RD,41,22,W6YX
19:24:25,14035.4,N3OC,40,19,K5TR
19:24:25,14035.6,VE3KIU,29,20,K7CO
19:24:25,14036.0,N6CHU,28,7,N2YCH
19:24:25,14060.0,KE7LKW,18,2,W6YX
19:24:26,14024.9,W8FJ,43,16,K6FOD
19:24:26,14034.7,N5TOO,32,15,ND7K
19:24:26,14039.3,K7RL,39,29,K3PA-1
19:24:26,14047.7,DK3WW,27,11,DL8LAS-3
19:24:26,14058.0,W7BTR,21,1,K6FOD
19:24:27,14024.0,W4CMG,33,14,KM3T-3
19:24:27,14026.6,W1WEF,37,10,WT8P
19:24:27,14039.3,K7RL,39,18,KM3T-3
19:24:27,14041.5,K0RX,34,21,KD7EFG
19:24:28,14031.0,K3WW,39,6,DL1HWS
19:24:28,14034.7,N5TOO,33,31,W3RGA
19:24:28,14052.5,W4LOO,25,5,VE6AO
19:24:30,14042.9,N4BA,38,2,EA4RKC
19:24:30,14047.7,DK3WW,27,11,DL8LAS
19:24:31,14025.3,TK4TZ,38,10,WC2L
19:24:31,14034.7,N5TOO,30,24,N2EPE
19:24:31,14037.6,N4HAI,30,10,N7VVX
19:24:31,14038.5,N1DC,31,12,AC0C-1
19:24:31,14047.2,K6NR,25,24,WC2L
19:24:31,14049.0,ND9M,28,4,N2EPE
19:24:32,14035.5,VE3KIU,28,29,VE6WZ-3
19:24:32,14043.5,KT5V,31,15,AA4PA
19:24:32,14047.7,DK3WW,27,26,RK3TD
19:24:32,14060.0,KE7LKW,18,3,K9IMM
19:24:33,14034.7,N5TOO,37,17,IT9GSF
19:24:34,14034.6,N5TOO,35,20,K9LC
19:24:34,14035.5,VE3KIU,28,29,VE6WZ
19:24:34,14045.0,AI5IN,38,6,DK9IP
19:24:34,14047.6,DK3WW,28,4,PT2FHC
19:24:35,14026.6,W1WEF,35,44,W8WWV
19:24:35,14031.2,VE3NZ,31,17,W6YX
19:24:35,14034.6,N5TOO,34,23,W8WWV
19:24:35,14034.7,N5TOO,36,18,W6YX
19:24:35,14038.5,N1DC,32,4,W1NT-2
19:24:36,14034.6,N5TOO,32,16,K5TR
19:24:36,14038.4,N1DC,32,19,WE9V
19:24:36,14039.2,K7RL,38,18,KM3T-5
19:24:36,14043.5,NK2Y,27,11,K5TR
19:24:37,14023.5,F6HKA,33,3,HA8TKS
19:24:37,14034.7,N5TOO,30,36,K3PA-1
19:24:37,14038.5,N1DC,30,32,N9CO
19:24:37,14043.5,KT5V,31,12,ND7K
19:24:38,14031.0,K3WW,40,17,VE6AO
19:24:38,14032.2,N3RD,43,8,AK6RI-1
19:24:38,14034.1,VE5UO,33,6,WT8P
19:24:38,14034.6,N5TOO,32,9,VE6AO
19:24:38,14034.7,N5TOO,35,18,NG7M
19:24:38,14034.7,N5TOO,36,13,KM3T-3
19:24:38,14039.3,K7RL,39,33,NG7M
19:24:38,14047.2,K6NR,25,5,AK6RI-1
19:24:39,14030.0,N7US,38,23,W3RGA
19:24:39,14038.5,N1DC,32,14,WX7V/5
19:24:40,14036.8,K0VBU,37,32,K1RA-4
19:24:41,14023.5,F6HKA,31,4,WS3W
19:24:41,14025.3,TK4TZ,40,15,ZF9CW
19:24:41,14025.6,KG5U,30,24,KC4YVA
19:24:41,14034.7,N5TOO,36,12,WC2L
19:24:42,14034.7,N5TOO,31,18,WB6BEE
19:24:42,14035.9,N6CHU,28,15,AA4PA
19:24:42,14038.4,N1DC,31,6,VE6WZ-3
19:24:42,14038.5,N1DC,32,27,K9IMM
19:24:42,14043.5,NK2Y,26,15,K9IMM
19:24:42,14047.7,DK3WW,27,7,BI4MPH
19:24:43,14034.4,KG9X,38,9,W2MV
19:24:43,14035.0,EA5M,36,19,ES5PC
19:24:43,14035.1,EA5M,37,17,BG7IEJ
19:24:44,14025.3,TK4TZ,39,10,IT9GSF
19:24:44,14034.7,N5TOO,36,12,KM3T-2
19:24:44,14038.4,N1DC,31,6,VE6WZ
19:24:44,14045.0,AI5IN,38,8,EI4HQ
19:24:45,14019.8,W2KS,20,11,W8WWV
19:24:45,14019.8,W2KS,19,20,KD2M
19:24:45,14035.2,VE3JM,37,6,K5EM
19:24:45,14035.9,N6CHU,28,4,KD2M
19:24:45,14038.4,N1DC,32,24,W8WWV
19:24:46,14025.3,TK4TZ,37,9,W1NT-2
19:24:46,14034.6,N5TOO,36,32,WE9V
19:24:46,14038.4,N1DC,31,8,K5TR
19:24:47,14034.7,N5TOO,35,14,KM3T-5
19:24:47,14035.0,EA5M,38,32,HA8TKS
19:24:47,14043.5,NK2Y,26,16,TI7W
19:24:47,14043.5,KT5V,31,26,K3PA-1
19:24:47,14056.0,N1BS,24,8,TI7W
19:24:48,14035.6,VE3KIU,28,9,WT8P
19:24:48,14067.0,KE8NJW,22,9,KD7EFG
19:24:49,14019.8,W2KS,19,13,W3RGA
19:24:49,14035.4,N3OC,35,13,AK6RI-1
19:24:50,14019.8,W2KS,19,20,K1RA-4
19:24:50,14041.9,K1TR,38,9,PI4CC
19:24:51,14019.8,W2KS,19,26,ZF9CW
19:24:51,14025.3,TK4EZ,37,29,AC0C-1
19:24:51,14032.3,KO4VW,38,20,VE4DRK
19:24:51,14032.5,KO4VW,38,41,AC0C-1
19:24:52,14019.8,W2KS,20,9,KC4YVA
19:24:52,14019.8,W2KS,19,11,WA7LNW
19:24:52,14019.8,W2KS,20,13,N4HAC
19:24:52,14035.0,EA5M,36,23,SM7IUN
19:24:52,14035.0,EA5M,36,13,LZ7AA
19:24:53,14019.8,W2KS,19,7,WB6BEE
19:24:53,14032.0,KA1EFO,26,11,K9IMM
19:24:53,14034.9,EA5M,37,30,OK1HRA
19:24:53,14038.5,N1DC,33,5,W8WTS
19:24:54,14035.0,EA5M,37,22,BD8CS
19:24:54,14068.4,N9QF,24,1,KM3T-2
19:24:56,14045.4,N5NA,33,24,K7CO
19:24:56,14047.7,DK3WW,28,8,ON6ZQ
19:24:57,14019.8,W2KS,19,18,TI7W
19:24:57,14030.4,AD4EB,39,20,K5TR
19:24:57,14035.0,EA5M,37,32,DL8LAS-3
19:24:57,14038.5,N1DC,32,15,TI7W
19:24:57,14068.4,N9QF,24,2,KM3T-5
19:24:58,14031.9,NE2V,38,22,KD7EFG
19:24:59,14031.0,K3WW,38,7,DO4DXA
19:24:59,14035.0,EA5M,36,41,S53WW
19:24:59,14045.1,AI5IN,34,26,WX7V/5
19:24:59,14046.6,N8UM,38,17,DL1HWS
19:24:59,14046.6,N8UM,37,11,S53WW
19:25:00,14026.7,W1WEF,37,12,IK4VET
19:25:00,14031.2,VE3NZ,31,4,EA4RKC
19:25:00,14035.0,EA5M,36,15,IK4VET
19:25:00,14037.6,N4HAI,32,5,IK4VET
19:25:01,14035.0,EA5M,37,32,DL8LAS
19:25:01,14035.0,EA5M,37,24,DM5GG
19:25:01,14046.6,N8UM,38,7,DL8LAS
19:25:02,14035.0,EA5M,37,20,HA1VHF
19:25:02,14042.9,N4BA,36,4,DP5G
19:25:02,14043.5,NK2Y,27,33,ZF9CW
19:25:02,14046.6,N8UM,38,27,ZF9CW
19:25:03,14002.0,YO9IGS,23,7,GI4DOH
19:25:03,14025.6,KG5U,32,23,AA4PA
19:25:03,14029.7,K0PC,40,22,W2NNN
19:25:03,14032.1,N3RD,42,23,VE6WZ-3
19:25:03,14035.0,EA5M,37,34,HA2NA
19:25:03,14046.6,N8UM,37,12,GI4DOH
19:25:04,14034.4,KG9X,38,11,IT9GSF
19:25:04,14035.2,VE3JM,37,9,EI4HQ
19:25:05,14029.3,W2RQ,40,13,NU4F
19:25:05,14031.2,VE3NZ,32,7,VE6WZ
19:25:05,14032.1,N3RD,42,23,VE6WZ
19:25:05,14035.1,VE3JM,37,23,DR4W
19:25:05,14035.2,VE3JM,37,21,S53A
19:25:05,14041.3,N5RZ,40,15,S53A
19:25:05,14042.0,K1TR,38,3,K5EM
19:25:05,14046.5,N8UM,37,16,K9LC
19:25:05,14046.6,N8UM,38,11,NU4F
19:25:06,14002.0,YO9IGS,23,4,MM9PSY
19:25:06,14029.2,W2RQ,39,6,KD2M
19:25:06,14030.5,AD4EK,37,11,W6YX
19:25:06,14045.0,AI5IN,39,10,LZ4AE
19:25:06,14046.6,N8UM,36,15,W6YX
19:25:06,14046.6,N8UM,37,14,5Z4GO
19:25:06,14058.0,W7BTR,20,4,K7CO
19:25:07,14029.6,KH7X,37,23,ND7K
19:25:07,14032.1,N3RD,43,41,K5TR
19:25:07,14040.8,W1TO,35,8,K6FOD
19:25:07,14046.5,N8UM,38,15,WE9V
19:25:07,14046.5,N8UM,37,18,K5TR
19:25:07,14053.0,N7QD,14,5,ND7K
19:25:08,14024.9,W8FJ,39,26,K4PP
19:25:08,14029.3,W2RQ,40,24,K3PA-1
19:25:08,14029.3,W2RQ,40,12,K4PP
19:25:08,14032.2,N3RD,43,26,TI7W
19:25:08,14035.2,VE3JM,34,24,TI7W
19:25:08,14035.4,N3OC,29,30,N9CO
19:25:08,14046.6,N8UM,37,24,TI7W
19:25:08,14046.6,N8UM,37,27,N9CO
19:25:09,14025.3,TK4TZ,38,14,KD7EFG
19:25:09,14029.2,W2RQ,37,19,VE6AO
19:25:09,14031.2,VE3NZ,31,18,NG7M
19:25:09,14038.4,N1DC,32,5,DK0KK
19:25:10,14000.1,DF2JP,29,6,IK7YTT
19:25:10,14029.3,W2RQ,40,19,IK4VET
19:25:10,14041.3,N5RZ,38,11,IK4VET
19:25:11,14033.3,KR2Q,36,8,N7VVX
19:25:11,14046.6,N8UM,34,5,DM5GG
19:25:12,14029.6,KH7X,36,22,KC4YVA
19:25:12,14039.6,W8CAR,39,36,AC0C-1
19:25:12,14043.5,NK2Y,27,29,AC0C-1
19:25:12,14046.6,N8UM,38,29,DP5G
19:25:13,14042.5,W7JET,37,33,WB6BEE
19:25:13,14045.3,N5NA,32,5,GI4DOH
19:25:13,14046.6,N8UM,37,16,AA4PA
19:25:14,14029.3,W2RQ,40,35,K9IMM
19:25:14,14046.5,N8UM,38,28,IT9GSF
19:25:15,14036.2,W5TM,36,13,KM3T-2
19:25:15,14046.6,N8UM,37,14,EA5WU
19:25:16,14032.5,KO4VW,38,6,MM9PSY
19:25:16,14035.5,N3OC,39,7,K5EM
19:25:16,14035.9,N6CHU,28,16,K9LC
19:25:16,14036.2,W5TM,38,15,K9LC
19:25:16,14036.2,W5TM,38,27,W8WWV
19:25:16,14036.2,W5TM,36,14,W1NT-2
19:25:16,14036.2,W5TM,37,26,W6YX
19:25:16,14036.3,W5TM,38,8,N2YCH
19:25:16,14039.6,W8CAR,39,7,K9LC
19:25:16,14042.2,KX2P,28,13,K9LC
19:25:16,14042.9,N4BA,36,10,VE6WZ
19:25:16,14042.9,N4BA,35,26,K7CO
19:25:16,14043.0,N4BA,35,5,K5EM
19:25:16,14066.5,WJ0L,21,5,VE6WZ
19:25:18,14036.2,W5TM,36,15,ND7K
19:25:18,14039.0,W7SW,25,23,KM3T-5
19:25:18,14042.2,KX2P,27,18,K5TR
19:25:18,14042.2,KX2P,27,13,N9CO
19:25:18,14042.3,KX2P,28,18,K3PA-1
19:25:18,14042.9,N4BA,36,9,K6FOD
19:25:18,14042.9,N4BA,37,22,ND7K
19:25:18,14046.6,N8UM,37,11,ND7K
19:25:19,14035.4,N3OC,39,8,DK0KK
19:25:19,14036.3,W5TM,37,17,K4PP
19:25:19,14043.5,NK2Y,27,21,KD7EFG
19:25:20,14035.4,N3OC,40,7,PA5KT-4
19:25:20,14036.2,W5TM,38,23,W3RGA
19:25:20,14042.9,N4BA,35,27,WX7V/5
19:25:20,14046.6,N8UM,38,9,M1GEO
19:25:21,14029.8,N7US,38,23,VE4DRK
19:25:21,14035.0,EA5M,37,28,SE5E
19:25:21,14035.4,N3OC,41,20,K1RA-4
19:25:21,14036.2,W5TM,37,25,K1RA-4
19:25:21,14042.3,KX2P,27,15,K1RA-4
19:25:21,14042.9,N4BA,36,15,K1RA-4
19:25:22,14025.6,KG5U,29,26,ZF9CW
19:25:22,14032.5,KO4VW,38,13,W1NT-6
19:25:22,14036.2,W5TM,38,24,ZF9CW
19:25:22,14042.2,KX2P,27,16,AC0C-1
19:25:22,14046.6,N8UM,37,8,G4ZFE
19:25:22,14051.5,WY7WL,18,6,AC0C-1
19:25:23,14031.0,K3WW,37,13,GI4DOH
19:25:23,14036.2,W5TM,36,27,AA4PA
19:25:23,14036.3,W5TM,38,14,KC4YVA
19:25:23,14036.3,W5TM,38,10,W2NNN
19:25:23,14042.2,KX2P,27,5,N4HAC
19:25:23,14042.3,KX2P,28,12,AA4PA
19:25:24,14024.0,W4CMG,36,15,VE6WZ-3
19:25:24,14025.6,KG5U,30,28,WA7LNW
19:25:24,14036.2,W5TM,37,24,WB6BEE
19:25:24,14036.2,W5TM,37,31,K9IMM
19:25:24,14041.3,N5RZ,40,6,W8WTS
19:25:24,14042.2,KX2P,28,10,WB6BEE
19:25:24,14042.2,KX2P,28,12,K9IMM
19:25:24,14042.9,N4BA,36,11,N6TV
19:25:24,14046.6,N8UM,36,6,DL1HWS-3
19:25:24,14066.5,WJ0L,21,5,VE6WZ-3
19:25:25,14030.5,AD4EB,37,23,S53A
19:25:25,14042.2,KX2P,28,9,IT9GSF
19:25:25,14046.6,N8UM,38,8,HB9BXE
19:25:26,14024.0,W4CMG,36,15,VE6WZ
19:25:26,14025.6,KG5U,30,2,N2YCH
19:25:26,14032.2,N3RD,42,7,K5EM
19:25:26,14034.7,N5TOO,37,18,N2YCH
19:25:26,14040.1,KC9IL,30,11,K5EM
19:25:26,14041.9,K1TR,39,17,K9LC
19:25:26,14042.6,W7JET,38,32,N2YCH
19:25:26,14042.9,N4BA,36,15,K9LC
19:25:27,14042.0,K1TR,38,13,W6YX
19:25:27,14048.0,DK3WW,28,8,BG2TFW
19:25:28,14025.6,KG5U,29,9,K6FOD
19:25:28,14038.4,N1DC,32,10,ND7K
19:25:28,14041.3,N5RZ,40,17,KM3T-5
19:25:28,14042.6,W7JET,39,17,TI7W
19:25:28,14042.9,N4BA,35,11,TI7W
19:25:29,14032.2,N3RD,43,13,DK0KK
19:25:29,14042.5,W7JET,36,24,NG7M
19:25:30,14035.0,EA5M,36,10,KM3T-3
19:25:30,14037.6,R4HAI,31,8,KM3T-3
19:25:30,14041.3,N5RZ,37,16,KM3T-3
19:25:30,14043.2,K5UV,36,11,W3RGA
19:25:31,14029.3,W2RQ,40,12,EA4RKC
19:25:32,14035.0,EA5M,35,27,OH6BG
19:25:33,14030.0,N7UA,37,39,AC0C-1
19:25:33,14039.6,W8CAR,38,26,ZF9CW
19:25:33,14048.0,DK3WW,28,23,W2MV
19:25:34,14036.2,W5TM,38,25,WA7LNW
19:25:34,14037.6,N4HAI,31,2,DK9IP-1
19:25:34,14042.6,W7JET,38,28,AA4PA
19:25:34,14042.6,W7JET,39,12,N6TV
19:25:34,14043.2,K5UV,35,15,WB6BEE
19:25:35,14025.6,KG5U,30,3,NU4F
19:25:35,14029.3,W2RQ,42,8,G0KTN
19:25:35,14030.0,N7US,37,9,IT9GSF
19:25:35,14033.3,KR2Q,36,4,KH6LC
19:25:37,14027.4,N8KH,34,7,VE6WZ
19:25:37,14029.3,W2RQ,40,12,K5EM
19:25:37,14031.2,VE3NZ,33,33,K7CO
19:25:37,14034.9,EA5M,36,23,YO2CK
19:25:38,14028.0,K9UIY,31,11,KM3T-5
19:25:38,14035.0,EA5M,36,9,LZ5DI
19:25:38,14036.2,W5TM,37,23,WE9V
19:25:38,14042.5,W7JET,36,18,KM3T-5
19:25:38,14042.6,W7JET,41,26,K3PA-1
19:25:39,14031.7,N4IQ,36,20,N9CO
19:25:39,14035.0,EA5M,37,27,DL1HWS-4
19:25:39,14035.0,EA5M,35,18,TI7W
19:25:39,14036.2,W5TM,38,37,N9CO
19:25:39,14042.3,KX2P,28,19,TI7W
19:25:40,14029.6,KH7X,42,22,NG7M
19:25:40,14031.7,N4IQ,36,19,KM3T-3
19:25:40,14036.2,W5TM,36,32,KD7EFG
19:25:40,14042.5,W7JET,38,18,KM3T-3
19:25:40,14042.9,N4BA,36,34,KD7EFG
19:25:42,14023.5,F6HKA,31,4,RK3TD-2
19:25:42,14031.0,K3WW,37,14,ZL4YL
19:25:42,14042.6,W7JET,37,25,N7VVX
19:25:42,14048.0,DK3WW,28,4,N2EPE
19:25:43,14029.3,W2RQ,36,30,ZF9CW
19:25:43,14029.6,KH7X,39,30,AC0C-1
19:25:43,14031.7,N4IQ,36,11,W1NT-6
19:25:43,14031.7,N4IQ,37,18,WC2L
19:25:43,14031.7,N4IQ,35,18,AC0C-1
19:25:43,14031.7,N4IQ,37,35,ZF9CW
19:25:43,14042.3,KX2P,28,11,ZF9CW
19:25:43,14043.5,KT5V,30,3,N4HAC
19:25:44,14031.7,N4IQ,35,12,W2MV
19:25:44,14031.7,N4IQ,37,24,AA4PA
19:25:45,14029.3,W2RQ,40,5,HB9BXE
19:25:45,14031.6,N4IQ,36,18,VE6WZ-3
19:25:45,14031.7,N4IQ,37,24,WA7LNW
19:25:45,14031.7,N4IQ,37,19,K9IMM
19:25:46,14026.3,WG3J,36,13,S53A
19:25:46,14031.7,N4IQ,36,8,NU4F
19:25:46,14031.7,N4IQ,36,18,KM3T-2
19:25:46,14031.7,N4IQ,37,15,S53A
19:25:47,14031.6,N4IQ,36,14,K9LC
19:25:47,14031.6,N4IQ,36,18,VE6WZ
19:25:47,14031.7,N4IQ,36,20,N2YCH
19:25:47,14031.7,N4IQ,36,17,KD2M
19:25:47,14031.7,N4IQ,36,17,W1NT-2
19:25:47,14033.7,W1RM,30,19,W1NT-2
19:25:48,14031.7,N4IQ,37,11,WE9V
19:25:48,14033.0,WJ9B,35,26,WE9V
19:25:48,14042.2,KX2P,28,5,WE9V
19:25:49,14024.9,W8FJ,42,23,TI7W
19:25:49,14027.8,VE9KK,34,15,TI7W
19:25:49,14031.7,N4IQ,37,20,KM3T-5
19:25:49,14031.7,N4IQ,36,16,ND7K
19:25:49,14031.7,N4IQ,36,9,K4PP
19:25:49,14031.7,N4IQ,37,24,TI7W
19:25:49,14048.0,DK3WW,28,9,DL1HWS
19:25:50,14037.6,N4HAI,31,8,NG7M
19:25:50,14038.5,N1DC,32,4,NG7M
19:25:51,14031.7,N4IQ,37,2,AA0O
19:25:51,14032.2,N3RD,43,10,PI4CC
19:25:51,14033.0,WJ9B,34,6,W3RGA
19:25:51,14044.7,KG1A,23,8,W3RGA
19:25:52,14025.6,KG5U,30,24,KD7EFG
19:25:52,14030.0,N7US,38,42,KD7EFG
19:25:52,14031.7,N4IQ,37,24,KD7EFG
19:25:52,14031.7,N4IQ,36,9,N2EPE
19:25:52,14035.0,EA5M,34,18,YO5LD
19:25:52,14036.1,W5TM,36,12,VE4DRK
19:25:52,14038.5,N1DC,33,19,KD7EFG
19:25:52,14044.7,KG1A,23,8,K1RA-4
19:25:52,14048.0,DK4WW,29,10,K1RA-4
19:25:53,14024.9,W8ENJ,36,10,ZL4YL
19:25:53,14034.7,N5TOO,36,17,N7VVX
19:25:53,14036.2,W5TM,37,9,W1NT-6
19:25:53,14036.2,W5TM,36,8,ZL4YL
19:25:53,14042.6,W7JET,38,15,WC2L
19:25:53,14048.0,DK3WW,28,6,BH4RRG
19:25:54,14022.1,EA2CAR,20,13,BG7IEJ
19:25:54,14031.7,N4IQ,36,7,W2NNN
19:25:54,14036.2,W5TM,37,26,AC0C-1
19:25:54,14043.5,KT5V,31,39,AC0C-1
19:25:54,14043.5,KT5V,30,37,ZF9CW
19:25:54,14044.7,KG1A,23,13,WB6BEE
19:25:54,14050.5,K1GU,34,17,ZF9CW
19:25:55,14024.8,W8FJ,42,34,VE6WZ-3
19:25:55,14029.3,W2RQ,38,13,DK9IP
19:25:55,14031.2,VE3NZ,33,9,DK9IP-1
19:25:55,14032.1,N3RD,41,42,K9IMM
19:25:55,14032.2,N3RD,43,37,AA4PA
19:25:55,14039.7,W8FN,40,23,K9IMM
19:25:55,14044.6,WT9U,39,20,WA7LNW
19:25:55,14044.6,WT9U,37,11,VE6WZ-3
19:25:55,14044.6,WT9U,39,8,N6TV
19:25:56,14039.7,W8FN,40,8,KM3T-2
19:25:56,14042.0,K1TR,40,22,S53A
19:25:56,14042.5,W7JET,38,14,IT9GSF
19:25:56,14044.6,WT9U,39,15,KM3T-2
19:25:56,14052.5,W4LOO,24,13,KM3T-2
19:25:57,14036.3,W5TM,36,7,K5EM
19:25:57,14039.7,W8FN,38,21,K9LC
19:25:57,14039.7,W8FN,39,9,W1NT-2
19:25:57,14042.0,K1TR,39,25,W1NT-2
19:25:57,14042.5,W7JET,36,28,W8WWV
19:25:57,14042.6,W7JET,38,29,W1NT-2
19:25:57,14043.5,KT5V,31,4,W1NT-2
19:25:57,14044.7,KG1A,23,0,KD2M
19:25:57,14052.5,W4LOO,24,13,W1NT-2
19:25:58,14024.8,W8FJ,42,34,VE6WZ
19:25:58,14031.7,N4IQ,35,4,K7CO
19:25:58,14039.7,W8FN,39,25,VE6WZ
19:25:58,14039.7,W8FN,40,22,W6YX
19:25:58,14044.6,WT9U,37,11,VE6WZ
19:25:58,14044.6,WT9U,40,14,K7CO
19:25:58,14052.5,W4LOO,24,21,W6YX
19:25:59,14022.0,EA2CAR,20,7,KM3T-5
19:25:59,14025.3,K4TZ,39,24,K3PA-1
19:25:59,14029.3,W2RQ,40,23,K5TR
19:25:59,14032.7,N4ASP,30,11,K6FOD
19:25:59,14032.7,N4BP,31,4,DK0KK
19:25:59,14039.7,W8FN,38,9,KM3T-5
19:25:59,14039.7,W8FN,39,18,N9CO
19:25:59,14044.6,WT9U,40,13,K5TR
19:25:59,14044.6,WT9U,40,16,KM3T-5
19:25:59,14044.6,WT9U,38,24,ND7K
19:25:59,14052.5,W4LOO,24,31,ND7K
19:26:00,14024.9,W8FJ,42,13,WT8P
19:26:00,14039.7,W8FN,38,10,VE6AO
19:26:00,14042.0,K1TR,38,25,WX7V/5
19:26:00,14044.6,WT9U,35,10,WT8P
19:26:00,14044.6,WT9U,40,30,WX7V/5
19:26:01,14022.0,EA2CAR,20,9,KM3T-3
19:26:01,14039.7,W8FN,39,9,KM3T-3
19:26:01,14042.9,N4BA,36,4,AK6RI-1
19:26:01,14044.6,WT9U,40,16,KM3T-3
19:26:02,14022.0,EA2CAR,20,8,K1RA-4
19:26:02,14029.3,W2RQ,41,36,KD7EFG
19:26:02,14041.9,K1TR,38,25,KD7EFG
19:26:02,14044.6,WT9U,39,23,KD7EFG
19:26:02,14052.5,W4LOO,24,18,K1RA-4
19:26:03,14022.0,EA2CAR,20,5,LZ4UX
19:26:03,14029.3,W2RQ,41,7,G4ZFE
19:26:03,14036.2,W5TM,38,18,N2EPE
19:26:03,14039.7,W8FN,39,4,N2EPE
19:26:03,14045.0,AI5IN,37,9,DK0TE
19:26:03,14052.5,W4LOO,25,10,W1NT-6
19:26:04,14022.0,EA2CAR,20,13,N4HAC
19:26:04,14025.3,TK4TZ,36,31,AC0C-1
19:26:04,14036.0,N6CHU,28,23,ZF9CW
19:26:04,14037.1,K0SN,37,34,AC0C-1
19:26:04,14038.5,N1DC,33,11,ZF9CW
19:26:04,14039.3,K7RL,38,27,ZF9CW
19:26:04,14043.2,K5UV,37,32,AC0C-1
19:26:04,14044.6,WT9U,38,39,AC0C-1
19:26:04,14045.0,AI5IN,37,17,OE9GHV
19:26:04,14048.0,DK3WW,28,7,S50U
19:26:04,14066.5,WJ0L,21,7,AC0C-1
19:26:05,14029.3,W2RQ,40,16,DK9IP-1
19:26:05,14035.0,EA5M,29,24,R4NCU
19:26:05,14037.1,K0SN,37,35,WA7LNW
19:26:05,14039.8,W8FN,39,9,W2NNN
19:26:05,14048.0,DK3WW,27,30,R4NCU
19:26:05,14052.5,W4LOO,24,17,WB6BEE
19:26:05,14055.0,IT9D,20,8,EI4HQ
19:26:06,14025.3,TK4TZ,38,15,K9IMM
19:26:06,14030.9,K4HQK,29,19,K9IMM
19:26:06,14031.7,N4IQ,36,8,IT9GSF
19:26:06,14036.2,W5TM,38,9,N6TV
19:26:06,14039.7,W8FN,40,10,NU4F
19:26:06,14043.2,K5UV,37,6,KM3T-2
19:26:06,14045.0,AI5IN,36,23,IT9GSF
19:26:07,14032.7,N4BP,31,37,W8WWV
19:26:07,14032.8,N4BP,31,22,N2YCH
19:26:07,14039.8,W8FN,40,15,N2YCH
19:26:07,14045.1,AI5IN,37,8,N2YCH
19:26:08,14031.7,N4IQ,36,6,W6YX
19:26:08,14032.6,KO4VW,38,7,K5EM
19:26:08,14032.7,N4BP,31,15,KD2M
19:26:08,14032.7,N4BP,31,30,W1NT-2
19:26:08,14032.7,N4BP,30,13,W6YX
19:26:08,14039.3,K7RL,37,37,K7CO
19:26:08,14039.8,W8FN,39,16,K5EM
19:26:08,14042.3,KX2P,27,20,K7CO
19:26:08,14051.5,WY7WL,18,5,W1NT-2
19:26:09,14032.7,N4BP,31,25,K3PA-1
19:26:09,14039.7,W8FN,38,14,K5TR
19:26:09,14042.9,N4BA,35,23,K3PA-1
19:26:09,14044.6,WT9U,37,33,K3PA-1
19:26:10,14039.7,W8FN,39,7,K4PP
19:26:10,14039.7,W8FN,40,31,ND7K
19:26:10,14039.7,W8FN,38,10,WT8P
19:26:10,14039.7,W8FN,39,15,TI7W
19:26:10,14042.0,K1TR,37,14,K4PP
19:26:10,14042.0,K1TR,38,17,TI7W
19:26:10,14051.5,WY7WL,18,5,ND7K
19:26:11,14025.6,KG5U,30,4,VE6AO
19:26:11,14031.7,N4IQ,37,5,NG7M
19:26:11,14032.7,N4BP,31,14,WX7V/5
19:26:11,14032.7,N4BP,30,31,W3RGA
19:26:11,14039.7,W8FN,38,21,NG7M
19:26:11,14039.7,W8FN,39,38,WX7V/5
19:26:11,14051.5,WY7WL,18,3,WX7V/5
19:26:12,14026.4,WG3J,39,8,DL8LAS
19:26:12,14030.5,AD4EB,37,17,WT9U
19:26:12,14031.0,K3WW,39,18,DL8LAS
19:26:12,14045.0,AI5IN,38,7,EA4RKC
19:26:13,14030.5,AD4EB,38,7,G4ZFE
19:26:13,14031.0,K3WW,39,8,MM0ZBH
19:26:13,14032.7,N4BP,32,33,K1RA-4
19:26:13,14032.7,N4BP,31,25,N2EPE
19:26:13,14042.1,KX2P,28,6,VE4DRK
19:26:14,14025.3,TK4TZ,38,8,W1NT-6
19:26:14,14032.7,N4BP,32,24,W1NT-6
19:26:14,14032.7,N4BP,31,31,KC4YVA
19:26:14,14032.7,N4BP,31,28,AC0C-1
19:26:14,14043.5,NK2Y,27,2,DF7GB
19:26:14,14052.5,W4LOO,24,11,WC2L
19:26:15,14032.7,N4BP,29,40,WB6BEE
19:26:15,14032.7,N4BP,31,20,W8WTS
19:26:15,14032.8,N4BP,30,28,W2NNN
19:26:15,14038.5,N1DC,32,15,AA4PA
19:26:15,14042.6,W7JET,39,11,W8WTS
19:26:16,14031.9,NE2V,40,7,IT9GSF
19:26:16,14032.7,N4BP,31,13,VE6WZ-3
19:26:16,14032.7,N4BP,30,27,K9IMM
19:26:16,14039.7,W8FN,39,11,N6TV
19:26:16,14041.9,K1TR,39,16,IT9GSF
19:26:16,14042.9,N4BA,36,14,IT9GSF
19:26:17,14022.0,EA2CAR,20,8,KM3T-2
19:26:17,14031.2,VE3NZ,32,5,NU4F
19:26:17,14032.7,N4BP,31,19,KM3T-2
19:26:17,14035.1,EA5M,37,23,HG8A
19:26:17,14045.3,N5NA,32,5,EA5WU
19:26:18,14020.0,W2KS,20,12,W1NT-2
19:26:18,14026.4,WG3J,39,8,DL8LAS-3
19:26:18,14031.7,N4IQ,36,6,VE6WZ
19:26:18,14032.7,N4BP,31,13,VE6WZ
19:26:18,14033.3,KR2Q,36,11,K5EM
19:26:18,14044.6,WT9U,39,14,W1NT-2
19:26:18,14044.7,WT9U,38,8,K5EM
19:26:18,14045.1,AI5IN,38,11,K5EM
19:26:19,14032.7,N4BP,31,24,WE9V
19:26:19,14032.7,N4BP,31,20,KM3T-5
19:26:19,14032.7,N4BP,30,33,K5TR
19:26:19,14052.5,W4LOO,27,5,WE9V
19:26:20,14022.0,EA2CAR,20,8,N9CO
19:26:20,14025.6,KG5U,29,17,ND7K
19:26:20,14029.6,KH7X,42,35,N9CO
19:26:20,14031.0,K3WW,39,18,DL8LAS-1
19:26:20,14031.7,N4IQ,37,23,K3PA-1
19:26:20,14032.7,N4BP,31,11,K6FOD
19:26:20,14032.7,N4BP,31,25,K4PP
19:26:21,14032.7,N4BP,31,20,KM3T-3
19:26:21,14035.0,EA5M,37,24,WX7V/5
19:26:21,14042.0,K1TR,38,26,KM3T-3
19:26:21,14045.3,N5NA,32,12,NG7M
19:26:22,14033.3,KR2Q,37,5,EA4RKC
19:26:22,14035.2,VE3JM,37,14,EA4RKC
19:26:23,14020.0,W2KS,20,4,N2EPE
19:26:23,14031.0,K3WW,36,6,N7VVX
19:26:23,14035.0,EA5M,36,28,RK3TD-2
19:26:23,14035.0,VE3JM,38,13,VE4DRK
19:26:24,14020.0,W2KS,19,8,W1NT-6
19:26:24,14035.1,VE3JM,38,23,OK1HRA
19:26:24,14035.5,VE3KIU,29,11,OK1HRA
19:26:25,14023.5,F6HKA,33,23,N4HAC
19:26:25,14035.2,VE3JM,37,8,DK9IP-1
19:26:25,14048.0,DK3WW,28,4,VU2TUM
19:26:25,14056.0,N1BS,24,11,ZF9CW
19:26:26,14032.7,N4BP,31,28,WA7LNW
19:26:26,14035.2,VE3JM,38,4,DK9IP
19:26:26,14035.2,VE3JM,38,7,N6TV
19:26:26,14039.1,W7SW,26,18,WA7LNW
19:26:26,14040.5,NE5A,31,5,EI4HQ
19:26:26,14040.8,W1TO,34,4,N6TV
19:26:27,14035.0,EA5M,36,34,OK1FCJ
19:26:27,14035.2,VE3JM,38,12,EA5WU
19:26:27,14039.0,W7SW,26,7,EA5WU
19:26:27,14039.0,W7SW,25,26,NU4F
19:26:27,14043.5,NK2Y,26,2,ON6ZQ
19:26:28,14032.7,N4BP,31,17,K9LC
19:26:29,14041.9,K1TR,38,12,VE6WZ
19:26:29,14041.9,K1TR,39,30,WE9V
19:26:29,14042.0,K1TR,40,16,K7CO
19:26:30,14027.4,N8KH,36,17,K3PA-1
19:26:30,14031.0,K3WW,38,20,DK0KK
19:26:30,14032.7,N4BP,29,25,N9CO
19:26:30,14045.0,AI5IN,39,37,K3PA-1
19:26:31,14029.6,KH7X,41,6,AK6RI-1
19:26:31,14034.7,N5TOO,36,24,K4PP
19:26:32,14032.7,N4BP,31,16,NG7M
19:26:33,14031.0,K3WW,40,20,DP5G
19:26:33,14032.7,N4BP,31,28,KD7EFG
19:26:34,14027.4,N8KH,37,27,KC4YVA
19:26:34,14034.7,N5TOO,28,11,MM0ZBH
19:26:34,14039.7,W8FN,39,6,W1NT-6
19:26:34,14045.0,AI5IN,37,8,DK0TE
19:26:34,14050.5,K1GU,31,4,N2EPE
19:26:35,14029.7,KH7X,40,15,W2NNN
19:26:35,14032.7,N4BP,30,37,ZF9CW
19:26:35,14039.7,W8FN,40,8,WC2L
19:26:35,14039.7,W8FN,38,31,ZF9CW
19:26:36,14029.0,WA3AAN,32,15,AA4PA
19:26:36,14031.0,K3WW,40,9,G0KTN
19:26:36,14032.7,N4BP,31,31,AA4PA
19:26:36,14033.0,WJ9B,34,33,VE6WZ-3
19:26:36,14034.7,N5TOO,35,17,WB6BEE
19:26:36,14041.9,K1TR,38,12,VE6WZ-3
19:26:36,14042.0,K1TR,39,29,AA4PA
19:26:36,14043.2,K5UV,36,18,VE6WZ-3
19:26:36,14045.0,AI5IN,38,11,G0KTN
19:26:37,14012.2,G3ZXZ,20,47,IT9GSF
19:26:37,14012.2,G3ZXZ,19,22,RU9CZD
19:26:37,14034.4,KG9X,37,5,EA5WU
19:26:37,14035.0,EA5M,37,19,RU9CZD
19:26:37,14035.0,EA5M,37,13,KM3T-2
19:26:38,14049.0,ND9M,28,5,KD2M
19:26:38,14049.0,ND9M,28,8,W1NT-2
19:26:39,14032.7,N4BP,31,19,K7CO
19:26:39,14033.0,WJ9B,34,33,VE6WZ
19:26:39,14039.3,K7RL,37,20,K5EM
19:26:39,14043.2,K5UV,36,18,VE6WZ
19:26:40,14012.2,G3ZXZ,20,15,JN1ILK
19:26:40,14031.0,K3WW,38,11,PE5TT
19:26:40,14035.0,EA5M,37,14,KM3T-5
19:26:40,14040.0,KC9IL,31,22,K3PA-1
19:26:40,14066.4,WJ0L,22,4,WE9V
19:26:41,14012.2,G3ZXZ,20,28,IK7YTT
19:26:41,14031.1,K3WW,39,7,HB9EMP
19:26:41,14031.2,VE3NZ,32,13,K6FOD
19:26:41,14032.7,N4BP,31,30,TI7W
19:26:41,14032.7,N4BP,30,20,ND7K
19:26:41,14035.2,VE3JM,38,8,K6FOD
19:26:42,14035.2,VE3JM,38,2,AK6RI-1
19:26:42,14042.2,KX2P,27,11,NG7M
19:26:42,14049.0,ND9M,28,5,NG7M
19:26:43,14012.2,G3ZXZ,20,19,RK3TD-2
19:26:43,14012.2,G3ZXZ,20,9,LZ4UX
19:26:43,14032.7,N4BP,31,12,SE5E
19:26:44,14026.4,W1WEF,38,11,VE4DRK
19:26:44,14032.7,N4BP,31,3,N7VVX
19:26:45,14032.7,N4BP,31,24,WC2L
19:26:45,14040.0,KC9IL,31,27,AC0C-1
19:26:45,14045.3,N5NA,31,14,WC2L
19:26:46,14031.2,VE3NZ,32,4,G0KTN
19:26:46,14032.1,N3RD,42,10,DR4W
19:26:46,14032.7,N4BP,30,6,ES5PC
19:26:46,14035.0,N7NR,30,20,W2NNN
19:26:46,14040.0,KC9IL,30,29,WB6BEE
19:26:46,14040.0,KC9IL,31,28,AA4PA
19:26:47,14019.0,TM00TFR,21,28,IT9GSF
19:26:48,14019.0,TM00TFR,21,7,LZ3CB
19:26:48,14030.5,AD4EB,38,6,NU4F
19:26:48,14042.2,KX2P,28,8,W8WWV
19:26:48,14045.3,N5NA,32,4,KH6LC
19:26:48,14066.5,WJ0L,21,3,W8WWV
19:26:49,14024.9,W8FJ,43,8,VE6WZ
19:26:50,14025.6,KG5U,32,15,WE9V
19:26:50,14026.6,W1WEF,37,19,K7CO
19:26:50,14026.6,W1WEF,36,4,PE5TT
19:26:50,14039.7,W8FN,40,5,WE9V
19:26:51,14022.0,EA2CAR,20,11,TI7W
19:26:51,14033.0,WJ9B,35,9,K6FOD
19:26:51,14040.0,KC9IL,29,9,WT8P
19:26:51,14041.5,K0RX,33,22,K4PP
19:26:51,14042.3,KX2P,28,1,K4PP
19:26:52,14036.2,W5TM,38,12,KM3T-3
19:26:54,14022.0,EA2K,20,8,LZ7AA
19:26:54,14026.6,W1WEF,38,36,KD7EFG
19:26:54,14039.2,K7RL,40,21,N2EPE
19:26:54,14039.7,W8FN,40,15,N7VVX
19:26:54,14042.6,W7JET,35,42,KD7EFG
19:26:55,14039.3,K7RL,39,37,AC0C-1
19:26:55,14064.7,CT1EXR,15,10,BG7IEJ
19:26:56,14022.0,EA2CAR,20,16,ZF9CW
19:26:56,14038.5,K1SM,32,20,DK9IP
19:26:56,14039.0,W7SW,25,16,W8WTS
19:26:56,14044.6,WT9U,38,24,ZF9CW
19:26:56,14045.3,N5NA,31,9,EI4HQ
19:26:56,14049.0,ND9M,28,5,W2NNN
19:26:56,14064.6,CT1EXR,15,16,S50U
19:26:56,14064.6,CT1EXR,15,5,EI4HQ
19:26:56,14064.6,CT1EXR,15,5,EI4HQ
19:26:57,14025.3,TK4TZ,37,32,AA4PA
19:26:57,14026.6,W1WEF,37,17,IT9GSF
19:26:57,14035.0,EA5M,36,12,AA4PA
19:26:57,14035.0,EA5M,37,30,S53A
19:26:57,14038.2,K0TG,37,8,IT9GSF
19:26:57,14038.5,K1SM,32,16,DR4W
19:26:57,14038.5,K1SM,31,5,VE6WZ-3
19:26:57,14038.5,K1SM,31,27,IT9GSF
19:26:57,14039.7,W8FN,39,37,AA4PA
19:26:57,14044.6,WT9U,39,31,AA4PA
19:26:57,14064.6,CT1EXR,15,8,S53A
19:26:57,14064.6,CT1EXR,16,22,OK1FCJ
19:26:57,14064.6,CT1EXR,15,15,HG8A
19:26:57,14064.6,CT1EXR,15,30,IT9GSF
19:26:58,14026.3,WG3J,39,16,N6TV
19:26:58,14026.3,WG3J,40,26,W8WWV
19:26:58,14038.5,K1SM,32,11,EA5WU
19:26:58,14038.5,K1SM,32,31,K9IMM
19:26:58,14038.6,K1SM,32,17,DL8LAS-3
19:26:58,14064.6,CT1EXR,15,29,DL8LAS-3
19:26:59,14026.4,WG3J,40,11,K5EM
19:26:59,14027.4,N8KH,37,14,W1NT-2
19:26:59,14031.7,N4IQ,36,4,K5EM
19:26:59,14038.5,K1SM,32,7,K9LC
19:26:59,14044.6,WT9U,38,13,W6YX
19:26:59,14064.6,CT1EXR,15,4,HA8TKS
19:27:00,14025.0,W8FJ,42,37,K7CO
19:27:00,14027.4,N8KH,37,13,KM3T-5
19:27:00,14038.5,K1SM,31,5,VE6WZ
19:27:00,14038.5,K1SM,32,7,DO4DXA
19:27:00,14038.5,K1SM,32,13,DK0KK
19:27:00,14064.6,CT1EXR,15,12,IK3STG
19:27:00,14064.6,CT1EXR,15,17,DL8LAS-1
19:27:00,14064.6,CT1EXR,16,34,PE5TT
19:27:00,14064.6,CT1EXR,15,22,DL1HWS
19:27:01,14038.5,K1SM,32,25,K5TR
19:27:01,14038.5,K1SM,32,18,WE9V
19:27:01,14038.5,K1SM,33,30,N9CO
19:27:01,14038.5,K1SM,32,10,K4PP
19:27:01,14038.6,K1SM,32,18,IK4VET
19:27:01,14064.6,CT1EXR,15,12,S53WW
19:27:01,14064.6,CT1EXR,16,21,IK7YTT
19:27:01,14064.6,CT1EXR,15,22,IK4VET
19:27:02,14027.4,N8KH,37,32,W3RGA
19:27:02,14029.0,WA3AAN,31,4,EA4RKC
19:27:02,14038.5,K1SM,32,12,PA5KT-4
19:27:02,14038.5,K1SM,32,29,WX7V/5
19:27:02,14038.5,K1SM,32,8,EA4RKC
19:27:02,14038.6,K1SM,33,32,TI7W
19:27:02,14044.6,WT9U,39,7,K6FOD
19:27:02,14064.6,CT1EXR,15,23,PI4CC
19:27:03,14024.0,W4CMG,37,8,W2NAF
19:27:03,14038.6,K1SM,32,17,DL8LAS
19:27:03,14064.6,CT1EXR,15,17,DL8LAS
19:27:03,14064.6,CT1EXR,16,11,RK3TD-2
19:27:04,14029.0,WA3AAN,33,22,KD7EFG
19:27:04,14031.0,K3WW,38,11,G4ZFE
19:27:04,14038.5,K1SM,32,16,DP5G
19:27:04,14038.5,K1SM,31,23,KD7EFG
19:27:04,14038.5,K1SM,32,10,DK0TE
19:27:04,14064.6,CT1EXR,15,22,DK0TE
19:27:05,14027.4,N8KH,37,19,N2EPE
19:27:05,14027.4,N8KH,37,11,W1NT-6
19:27:05,14035.2,VE3JM,38,11,W1NT-6
19:27:05,14038.5,K1SM,31,7,MM0ZBH
19:27:05,14038.5,K1SM,31,13,OK1HRA
19:27:05,14038.5,K1SM,33,14,OE9GHV
19:27:05,14043.8,K0PC,33,26,KC4YVA
19:27:05,14043.8,K0PC,33,15,N4HAC
19:27:05,14064.5,CT1EXR,15,22,OK1HRA
19:27:05,14064.6,CT1EXR,15,27,OE9GHV
19:27:05,14064.6,CT1EXR,15,20,DL1HWS-3
19:27:06,14034.1,VE5UO,33,36,AC0C-1
19:27:06,14038.5,K1SM,32,24,DK9IP-1
19:27:06,14038.5,K1SM,33,8,AC0C-1
19:27:06,14038.5,K1SM,32,11,EI4HQ
19:27:06,14038.5,K1SM,32,29,ZF9CW
19:27:06,14041.3,N5RZ,40,6,EI4HQ
19:27:06,14043.8,K0PC,33,21,WC2L
19:27:06,14043.8,K0PC,33,11,AC0C-1
19:27:06,14043.8,K0PC,33,25,ZF9CW
19:27:06,14043.8,K0PC,33,31,W2NNN
19:27:06,14064.6,CT1EXR,16,15,DK9IP-1
19:27:07,14038.5,K1SM,34,27,AA4PA
19:27:07,14038.6,K1SM,33,19,S53A
19:27:07,14043.8,K0PC,33,7,W8WTS
19:27:07,14043.8,K0PC,33,22,WB6BEE
19:27:08,14028.0,K9UIY,31,27,W8WWV
19:27:08,14034.0,VE5UO,32,27,W8WWV
19:27:08,14040.5,NE5A,30,28,K9IMM
19:27:08,14040.5,NE5A,30,20,W8WWV
19:27:08,14040.6,NE5A,30,21,N2YCH
19:27:08,14041.3,N5RZ,40,18,IT9GSF
19:27:08,14043.7,K0PC,33,22,VE6WZ-3
19:27:08,14043.7,K0PC,32,37,W8WWV
19:27:08,14043.8,K0PC,33,17,KM3T-2
19:27:08,14043.8,K0PC,33,24,WA7LNW
19:27:08,14043.8,K0PC,33,23,N2YCH
19:27:08,14043.8,K0PC,33,14,N6TV
19:27:08,14064.6,CT1EXR,15,4,ON6ZQ
19:27:08,14064.6,CT1EXR,15,5,MM9PSY
19:27:09,14034.1,VE5UO,33,29,W1NT-2
19:27:09,14038.5,K1SM,33,5,KD2M
19:27:09,14038.5,K1SM,33,6,W6YX
19:27:09,14040.5,NE5A,30,19,W6YX
19:27:09,14043.8,K0PC,33,12,W1NT-2
19:27:09,14043.8,K0PC,34,18,W6YX
19:27:10,14031.9,TE2V,39,7,K7CO
19:27:10,14043.2,K5UV,37,8,VE6WZ
19:27:10,14043.7,K0PC,33,22,VE6WZ
19:27:11,14034.0,VE5UO,30,20,K5TR
19:27:11,14034.1,VE5UO,30,27,N9CO
19:27:11,14038.5,K1SM,35,5,M1GEO
19:27:11,14038.5,K1SM,33,6,S53WW
19:27:11,14038.6,K1SM,33,7,PE5TT
19:27:11,14038.6,K1SM,33,5,HB9EMP
19:27:11,14039.3,K7RL,38,35,N9CO
19:27:11,14040.5,NE5A,31,31,N9CO
19:27:11,14041.3,N5RZ,37,7,JN1ILK
19:27:11,14043.8,K0PC,33,19,KM3T-5
19:27:11,14043.8,K0PC,32,13,K5TR
19:27:12,14029.2,W2RQ,44,20,PI4CC
19:27:12,14035.2,VE3JM,38,8,VE6AO
19:27:12,14038.5,K1SM,33,7,ND7K
19:27:12,14038.5,K1SM,34,11,PI4CC
19:27:12,14040.5,NE5A,30,21,ND7K
19:27:12,14043.2,K5UIT,37,13,TI7W
19:27:12,14043.5,NK2Y,27,5,WX7V/5
19:27:12,14043.8,K0PC,33,30,ND7K
19:27:12,14043.8,K0PC,33,7,W3RGA
19:27:13,14032.7,N4BP,30,7,KD2OGR
19:27:13,14038.5,K1SM,34,5,DK3WW
19:27:13,14043.8,K0PC,34,18,KM3T-3
19:27:13,14043.8,K0PC,33,10,NG7M
19:27:14,14050.5,K1GU,28,6,KD7EFG
19:27:15,14022.0,EA2CAR,21,4,KC4YVA
19:27:15,14029.2,W2RQ,43,8,DF7GB
19:27:15,14031.7,N4IQ,36,1,MM0ZBH
19:27:15,14040.3,NE5A,33,5,VE4DRK
19:27:15,14043.8,K0PC,33,30,K1RA-4
19:27:15,14043.8,K0PC,33,20,N2EPE
19:27:16,14032.7,N4BP,31,30,N4HAC
19:27:16,14039.3,K7RL,39,26,WC2L
19:27:17,14037.5,N4HAI,31,2,DR4W
19:27:17,14040.5,NE5A,30,33,ZF9CW
19:27:17,14040.5,NE5A,30,17,WB6BEE
19:27:17,14043.5,NK2Y,27,10,S53A
19:27:18,14029.3,W2RQ,43,19,N2YCH
19:27:18,14031.0,K3WW,39,11,EA5WU
19:27:18,14032.7,N4BP,30,11,NU4F
19:27:18,14038.5,K1SM,34,15,NU4F
19:27:18,14038.6,K1SM,31,6,ON6ZQ
19:27:18,14040.5,NE5A,30,19,WA7LNW
19:27:18,14041.5,K0RX,33,16,IT9GSF
19:27:19,14022.0,EA2CAR,20,4,LZ3CB
19:27:19,14032.7,N4BP,30,5,N6TV
19:27:19,14057.0,KE0TLK,15,7,N6TV
19:27:20,14034.1,N6TTV,25,17,W6YX
19:27:20,14035.2,VE3JM,38,15,DO4DXA
19:27:21,14030.1,K0INN,29,14,K5TR
19:27:22,14040.0,KC9IL,31,16,K4PP
19:27:22,14043.6,NK2Y,27,4,IK4VET
19:27:23,14029.2,W2AQ,39,11,SE5E
19:27:23,14030.1,K0INN,29,9,W3RGA
19:27:23,14030.1,K0INN,29,7,KM3T-3
19:27:23,14036.2,W5TM,37,68,WT9U
19:27:23,14037.6,N4HAI,31,2,VE6AO
19:27:23,14038.5,K1SM,32,15,SE5E
19:27:23,14039.9,W8CAR,39,27,WX7V/5
19:27:23,14046.6,N8UM,36,9,EA4RKC
19:27:24,14031.0,K3WW,39,7,DK3WW
19:27:24,14046.6,N8UM,37,17,DK3WW
19:27:25,14030.1,K0INN,29,22,K1RA-4
19:27:25,14040.5,NE5A,31,23,K1RA-4
19:27:26,14030.1,K0INN,29,7,KC4YVA
19:27:26,14030.1,K0INN,28,28,AC0C-1
19:27:26,14038.2,K0TG,40,10,N4HAC
19:27:26,14039.3,K7RL,40,22,W1NT-6
19:27:26,14043.8,K0PC,33,10,W1NT-6
19:27:26,14046.6,N8UM,38,20,KD7EFG
19:27:27,14027.4,N8KH,37,19,WC2L
19:27:27,14030.5,AD4EB,38,10,EI4HQ
19:27:27,14037.9,AC5XK,35,14,ZF9CW
19:27:27,14043.5,NK2Y,27,2,DK9IP
19:27:27,14046.6,N8UM,38,14,G0KTN
19:27:28,14030.1,K0INN,29,6,KM3T-2
19:27:29,14025.3,TK4TZ,38,6,N2YCH
19:27:29,14027.4,N8KH,38,10,N2YCH
19:27:29,14030.1,K0INN,29,16,W8WWV
19:27:29,14030.1,K0INN,29,21,K9IMM
19:27:29,14035.2,VE3JM,38,11,KD2M
19:27:29,14037.8,AC5XK,35,27,W8WWV
19:27:30,14026.6,W1WEF,38,7,DO4DXA
19:27:30,14040.0,KC9IL,30,10,W6YX
19:27:31,14024.5,N3OC,39,15,VE6WZ
19:27:31,14030.1,K0INN,29,8,KM3T-5
19:27:31,14036.2,W5TM,37,13,KM3T-5
19:27:31,14039.7,W8FN,39,36,VE6WZ
19:27:31,14040.0,KC9IL,31,14,VE6WZ
19:27:32,14024.5,N3OC,41,12,WE9V
19:27:32,14024.5,N3OC,41,14,N9CO
19:27:32,14024.5,N3OC,42,9,PI4CC
19:27:32,14024.5,N3OC,40,22,K3PA-1
19:27:32,14024.5,N3OC,40,21,ND7K
19:27:32,14037.8,AC5XK,34,14,WE9V
19:27:32,14037.8,AC5XK,34,11,K3PA-1
19:27:32,14037.9,AC5XK,34,12,N9CO
19:27:32,14038.2,K0TG,39,14,K3PA-1
19:27:33,14024.5,N3OC,40,24,TI7W
19:27:33,14024.5,N3OC,39,8,VE6AO
19:27:33,14032.1,N3RD,43,8,VE6AO
19:27:33,14039.7,W8FN,39,10,K6FOD
19:27:33,14040.5,NE5A,30,13,W3RGA
19:27:33,14045.3,N5NA,31,5,AK6RI-1
19:27:33,14045.3,N5NA,32,21,VE6AO
19:27:34,14024.5,N3OC,39,12,WS3W
19:27:34,14024.5,N3OC,40,18,DP5G
19:27:34,14037.6,N4HAI,32,18,KM3T-3
19:27:34,14040.5,NE5A,30,17,KM3T-3
19:27:35,14039.3,K7RL,38,28,K1RA-4
19:27:35,14039.7,W8FN,38,11,K1RA-4
19:27:36,14014.9,4Z5PF,27,12,MM0ZBH
19:27:36,14014.9,4Z5PF,27,10,ES5PC
19:27:36,14024.5,N3OC,39,15,DK9IP-1
19:27:36,14030.1,K0INN,29,6,W1NT-6
19:27:36,14030.1,K0INN,29,22,N4HAC
19:27:37,14014.9,4Z5PF,27,18,S50U
19:27:37,14014.9,4Z5PF,27,8,YO2KAR
19:27:37,14014.9,4Z5PF,27,21,DR4W
19:27:37,14014.9,4Z5PF,28,4,UY2RA
19:27:37,14024.5,N3OC,40,24,AC0C-1
19:27:37,14024.5,N3OC,41,10,DK9IP
19:27:37,14029.3,M2RQ,43,28,AC0C-1
19:27:38,14014.9,4Z5PF,28,25,S53A
19:27:38,14014.9,4Z5PF,27,16,EA5WU
19:27:38,14015.0,4Z5PF,28,16,HG8A
19:27:38,14024.0,W4CMG,36,34,KD7EFG
19:27:38,14024.5,N3OC,41,13,S53A
19:27:38,14024.5,N3OC,39,24,ZF9CW
19:27:38,14030.1,K0INN,29,16,WB6BEE
19:27:38,14030.1,K0INN,28,14,ZF9CW
19:27:38,14030.1,K0INN,29,19,AA4PA
19:27:38,14039.7,W8FN,37,38,KD7EFG
19:27:39,14014.8,4Z5PF,28,10,YO2CK
19:27:39,14014.9,4Z5PF,27,27,IT9GSF
19:27:39,14014.9,4Z5PF,28,11,HA8TKS
19:27:39,14024.5,N3OC,39,15,VE6WZ-3
19:27:39,14024.5,N3OC,38,27,IT9GSF
19:27:39,14030.1,K0INN,29,17,WA7LNW
19:27:39,14036.2,W5TM,35,36,VE6WZ-3
19:27:39,14037.8,AC5XK,35,18,K9IMM
19:27:39,14039.7,W8FN,39,36,VE6WZ-3
19:27:39,14040.0,KC9IL,31,14,VE6WZ-3
19:27:40,14040.5,NE5A,30,29,W1NT-2
19:27:41,14014.9,4Z5PF,27,9,SZ1A
19:27:41,14014.9,4Z5PF,28,17,S53WW
19:27:41,14024.5,N3OC,41,10,K9LC
19:27:41,14024.5,N3OC,40,15,W6YX
19:27:41,14024.5,N3OC,40,20,K7CO
19:27:41,14036.2,W5TM,35,36,VE6WZ
19:27:41,14038.2,K0TG,39,24,VE6WZ
19:27:41,14038.2,K0TG,39,13,KM3T-5
19:27:41,14040.5,NE5A,30,17,K9LC
19:27:41,14040.5,NE5A,30,16,KM3T-5
19:27:41,14043.4,KT5V,30,6,VE6WZ
19:27:42,14014.9,4Z5PF,28,7,PA5KT-4
19:27:42,14014.9,4Z5PF,28,12,IZ2CPS
19:27:42,14015.0,4Z5PF,27,17,IK4VET
19:27:42,14024.5,N3OC,39,14,K5TR
19:27:42,14024.6,N3OC,40,7,IK4VET
19:27:42,14035.2,VE3JM,37,15,IK4VET
19:27:42,14040.5,NE5A,31,26,WE9V
19:27:42,14040.5,NE5A,30,29,K3PA-1
19:27:43,14024.5,N3OC,40,13,DL8LAS
19:27:43,14030.1,K0INN,29,10,K4PP
19:27:43,14035.0,EA5M,37,9,W3RGA
19:27:43,14038.2,K0TG,40,20,WX7V/5
19:27:43,14039.0,W7SW,25,6,EA4RKC
19:27:44,14014.9,4Z5PF,27,18,OH6BG
19:27:44,14025.6,KG5U,30,4,AK6RI-1
19:27:44,14025.6,KG5U,32,16,TI7W
19:27:44,14036.3,IK3VUT,26,19,KM3T-3
19:27:44,14036.4,IK3VUT,27,29,RK3TD-2
19:27:44,14038.2,K0TG,38,12,KM3T-3
19:27:44,14039.0,W7SW,25,6,VE6AO
19:27:44,14039.0,W7SW,25,18,TI7W
19:27:44,14039.0,W7SW,25,20,KM3T-3
19:27:44,14043.5,KT5V,31,10,NG7M
19:27:44,14043.5,KT5V,31,5,KM3T-3
19:27:45,14014.9,4Z5PF,27,11,ES2RR
19:27:45,14014.9,4Z5PF,28,10,LZ7AA
19:27:45,14014.9,4Z5PF,27,22,LZ4UX
19:27:45,14014.9,4Z5PF,27,10,HA1VHF
19:27:45,14014.9,4Z5PF,28,19,OK1HRA
19:27:45,14024.5,N3OC,40,9,K1RA-4
19:27:45,14030.1,K0INN,29,2,N2EPE
19:27:45,14036.3,IK3VUT,26,22,RK3TD
19:27:46,14014.9,4Z5PF,27,10,HA2NA
19:27:46,14015.0,4Z5PF,28,10,BG7IEJ
19:27:46,14031.0,K3WW,40,20,DK9IP-1
19:27:47,14014.9,4Z5PF,27,11,EI4HQ
19:27:47,14027.4,N8KH,38,20,AC0C-1
19:27:47,14029.0,WA3AAN,32,9,G0KTN
19:27:47,14036.3,IK3VUT,25,19,R4NCU
19:27:47,14036.4,IK3VUT,26,24,W1NT-6
19:27:47,14036.4,IK3VUT,26,8,W2NNN
19:27:47,14038.2,K0TG,39,25,AC0C-1
19:27:47,14038.2,K0TG,40,16,W2NNN
19:27:48,14014.9,4Z5PF,28,10,OK1FCJ
19:27:48,14024.0,W4CMG,36,36,AA4PA
19:27:48,14024.5,N3OC,40,24,KD7EFG
19:27:48,14034.0,VE5UO,33,28,ZF9CW
19:27:48,14040.5,NE5A,30,31,AA4PA
19:27:49,14014.9,4Z5PF,28,20,LZ5DI
19:27:49,14015.0,4Z5PF,28,8,LZ5DI
19:27:49,14024.5,N3OC,40,13,DL8LAS-3
19:27:49,14027.8,VE9KK,35,9,IT9GSF
19:27:49,14030.1,K0INN,29,10,VE6WZ-3
19:27:49,14034.1,VE5UO,32,14,KM3T-2
19:27:49,14035.0,EA5M,37,6,N2YCH
19:27:49,14035.0,EA5M,37,12,LZ5DI
19:27:49,14036.4,IK3VUT,26,14,KM3T-2
19:27:49,14038.1,K0TG,40,23,W8WWV
19:27:49,14038.2,K0TG,35,11,KM3T-2
19:27:49,14038.2,K0TG,39,24,VE6WZ-3
19:27:49,14043.4,KT5V,30,6,VE6WZ-3
19:27:50,14031.0,K3WW,39,6,DL1HWS-4
19:27:50,14037.8,K3JT,37,11,N6TV
19:27:50,14038.2,K0TG,40,19,WA7LNW
19:27:50,14038.2,K0TG,38,12,W1NT-2
19:27:50,14040.0,KC9IL,30,13,WA7LNW
19:27:50,14046.6,N8UM,38,1,F6KGL
19:27:51,14024.5,N3OC,40,16,DK0KK
19:27:51,14034.0,VE5UO,32,22,K9LC
19:27:51,14037.6,N4HAI,26,6,K5EM
19:27:52,14030.1,K0INN,29,10,VE6WZ
19:27:52,14030.1,K0INN,29,7,WE9V
19:27:52,14031.0,K3WW,40,15,VE6WZ
19:27:52,14034.1,VE5UO,33,16,KM3T-5
19:27:52,14036.3,IK3VUT,26,15,KM3T-5
19:27:52,14037.8,K3JT,37,12,VE6WZ
19:27:52,14037.8,K3JT,36,27,VE6WZ
19:27:52,14039.7,W8FN,35,30,K7CO
19:27:52,14043.8,K0PC,33,6,K7CO
19:27:52,14043.8,K0PC,33,7,VE6WZ
19:27:52,14045.0,AI5IN,38,14,K5TR
19:27:53,14014.9,4Z5PF,28,17,EA4RKC
19:27:53,14034.0,VE5UO,31,28,K3PA-1
19:27:53,14036.3,IK3VUT,26,16,EA4RKC
19:27:53,14039.7,W8FN,38,30,K3PA-1
19:27:53,14040.0,KC9IL,29,24,N9CO
19:27:53,14059.0,N2ETH,19,15,N9CO
19:27:54,14031.0,K3WW,38,14,NG7M
19:27:54,14036.4,IK3VUT,26,19,TI7W
19:27:54,14039.3,K7RL,40,19,W3RGA
19:27:54,14039.3,K7RL,37,27,AK6RI-1
19:27:54,14043.8,K0PC,33,15,WX7V/5
19:27:54,14043.8,K0PC,33,6,W2NAF
19:27:55,14022.0,EA2CAR,20,6,SM0TCZ
19:27:55,14025.6,KG5U,30,5,N7VVX
19:27:55,14039.3,K7RL,40,24,N7VVX
19:27:56,14033.3,KR2Q,36,9,DK9IP-1
19:27:56,14034.1,VE5UO,32,13,N2EPE
19:27:56,14036.3,IK3VUT,26,5,N2EPE
19:27:56,14038.2,K0TG,41,17,K1RA-4
19:27:56,14038.2,K0TG,39,10,N2EPE
19:27:56,14039.3,K7RL,39,22,KC4YVA
19:27:56,14040.0,KC9IL,31,21,KC4YVA
19:27:56,14040.5,NE5A,30,9,N2EPE
19:27:56,14041.3,N5RZ,39,6,DK9IP-1
19:27:56,14043.8,K0PC,33,9,W2MV
19:27:56,14044.0,KG1A,25,19,K1RA-4
19:27:57,14022.0,EA2CAR,20,5,PT2FHC
19:27:57,14039.0,W7SW,26,4,EI4HQ
19:27:57,14040.0,KC9IL,31,17,WC2L
19:27:58,14035.0,EA5M,37,19,LZ4AE
19:27:58,14035.0,EA5M,35,18,LZ4AE
19:27:58,14037.8,K3JT,36,22,AC0C-1
19:27:58,14039.3,K7RL,39,11,W8WTS
19:27:58,14039.3,K7RL,39,26,W2NNN
19:27:58,14040.1,KC9IL,31,22,W2NNN
19:27:59,14014.9,4Z5PF,28,7,ON6ZQ
19:27:59,14035.0,EA5T,37,15,5Z4GO
19:27:59,14037.8,K3JT,37,29,ZF9CW
19:27:59,14039.3,K7RL,41,32,N2YCH
19:27:59,14040.0,KC9IL,31,10,KM3T-2
19:27:59,14040.5,NE5A,30,15,KM3T-2
19:27:59,14043.8,K0PC,33,13,AA4PA
19:28:00,14033.9,N6TTV,25,22,WA7LNW
19:28:00,14037.8,K3JT,36,27,VE6WZ-3
19:28:00,14038.5,K1SM,32,6,W8WWV
19:28:00,14039.2,K7RL,39,35,W8WWV
19:28:00,14039.3,K7RL,38,32,K9IMM
19:28:00,14039.3,K7RL,39,24,W1NT-2
19:28:00,14043.2,K5UV,37,19,N6TV
19:28:00,14046.6,N8UM,35,3,KD2M
19:28:00,14052.5,W4LOO,25,21,W8WWV
19:28:01,14037.8,K3JT,37,10,W6YX
19:28:01,14039.3,K7RL,39,6,VE7CC
19:28:01,14039.3,K7RL,39,6,VE7CC
19:28:01,14045.0,AI5IN,37,8,DO4DXA
19:28:01,14051.5,WY7WL,18,11,W6YX
19:28:02,14014.9,4Z5PF,28,8,M1GEO
19:28:02,14024.5,N3OC,39,10,PA5KT-4
19:28:02,14034.0,N6TTV,25,18,K7CO
19:28:02,14040.0,KC9IL,30,11,KM3T-5
19:28:02,14042.0,K1TR,40,24,KM3T-5
19:28:02,14046.6,N8UM,36,5,HB9EMP
19:28:02,14052.5,W4LOO,25,13,KM3T-5
19:28:03,14024.5,N3OC,40,8,K6FOD
19:28:03,14033.9,N6TTV,26,7,K5TR
19:28:03,14036.3,IK3VUT,30,6,K5TR
19:28:03,14036.8,K0VBU,37,12,ND7K
19:28:03,14037.8,AC5XK,35,12,K5TR
19:28:03,14039.2,K7RL,39,29,K5TR
19:28:03,14040.0,KC9IL,31,17,K5TR
19:28:03,14042.9,N4BA,34,8,WE9V
19:28:04,14029.3,W2RQ,41,10,DL8LAS
19:28:04,14040.0,KC9IL,30,21,WX7V/5
19:28:04,14044.0,KG1A,25,13,W3RGA
19:28:04,14046.6,N8UM,38,30,SE5E
19:28:04,14052.5,W4LOO,24,12,WX7V/5
19:28:04,14055.0,KO4TQF,20,6,WX7V/5
19:28:05,14025.3,TK4TZ,39,6,KM3T-3
19:28:05,14029.0,WA3AAN,30,25,TI7W
19:28:05,14029.3,W2RQ,41,7,GI4DOH
19:28:05,14037.8,K3JT,36,9,VE6AO
19:28:05,14037.8,K3JT,36,8,NG7M
19:28:05,14037.9,AC5XK,35,12,TI7W
19:28:05,14040.0,KC9IL,31,11,KM3T-3
19:28:05,14043.8,K0PC,33,11,TI7W
19:28:05,14052.5,W4LOO,25,7,TI7W
19:28:07,14014.9,4Z5PF,27,14,BD8CS
19:28:07,14014.9,4Z5PF,27,6,W1NT-6
19:28:07,14034.1,VE5UO,32,16,N4HAC
19:28:07,14035.0,EA5M,37,8,KC4YVA
19:28:07,14042.0,K1TR,39,5,EI4HQ
19:28:07,14043.5,NK2Y,26,3,DK9IP-1
19:28:08,14024.5,N3OC,40,7,DR4W
19:28:08,14025.4,TK4TZ,38,8,W2NNN
19:28:08,14030.2,K0INN,29,6,W2NNN
19:28:08,14032.5,KO4VW,38,42,AC0C-1
19:28:08,14037.9,AC5XK,35,7,W8WTS
19:28:08,14037.9,AC5XK,36,12,S53A
19:28:08,14052.5,W4LOO,25,22,AC0C-1
19:28:09,14026.6,W1WEF,38,9,DL8LAS-3
19:28:09,14033.9,N6TTV,23,25,KD7EFG
19:28:09,14036.3,IK3VUT,30,11,EA5WU
19:28:09,14036.4,IK3VUT,29,23,ZF9CW
19:28:09,14037.9,AC5XK,36,17,AA4PA
19:28:09,14052.5,W4LOO,24,12,ZF9CW
19:28:10,14035.2,VE3JM,38,7,NU4F
19:28:10,14042.6,W7JET,37,18,NU4F
19:28:10,14052.5,W4LOO,24,15,VE6WZ-3
19:28:11,14014.9,4Z5PF,27,6,DK0KK
19:28:11,14029.3,W2RQ,41,10,DL8LAS-1
19:28:11,14035.9,N6CHU,28,28,N6TV
19:28:11,14036.4,IK3VUT,31,21,W1NT-2
19:28:11,14036.8,K0VBU,37,27,W1NT-2
19:28:11,14037.8,K3JT,37,18,K9IMM
19:28:11,14037.8,K3JT,37,21,WA7LNW
19:28:11,14045.3,N5NA,30,13,N6TV
19:28:11,14052.5,W4LOO,24,12,K9IMM
19:28:11,14066.5,WJ0L,21,3,W1NT-2
19:28:12,14021.0,K5SJC,32,5,W6YX
19:28:12,14037.8,AC5XK,35,5,K9LC
19:28:12,14052.5,W4LOO,24,15,VE6WZ
19:28:13,14027.4,N8KH,37,17,K4PP
19:28:13,14037.7,K2NV,36,15,K5TR
19:28:13,14037.7,K2NV,36,21,K3PA-1
19:28:13,14037.8,K3JT,36,13,ND7K
19:28:13,14040.0,KC9IL,30,13,ND7K
19:28:13,14041.6,K0RX,35,6,K7CO
19:28:13,14041.9,K1TR,39,41,N9CO
19:28:14,14026.6,W1WEF,38,22,EA4RKC
19:28:14,14026.6,W1WEF,38,9,DL8LAS
19:28:14,14026.6,W1WEF,38,11,SE5E
19:28:14,14035.9,N6CHU,28,19,K6FOD
19:28:14,14036.4,IK3VUT,26,14,W3RGA
19:28:15,14035.5,VE3KIU,29,6,NG7M
19:28:15,14035.9,N6CHU,28,14,AK6RI-1
19:28:15,14035.9,N6CHU,28,27,NG7M
19:28:15,14037.7,K2NV,35,23,TI7W
19:28:15,14037.7,K2NV,36,18,NG7M
19:28:15,14042.9,N4BA,36,4,G4ZFE
19:28:16,14027.4,N8KH,38,30,K1RA-4
19:28:16,14035.9,N6CHU,30,26,N7VVX
19:28:16,14036.4,IK3VUT,26,17,W2MV
19:28:17,14024.5,N3OC,37,7,EI4HQ
19:28:17,14027.4,N8KH,39,27,N4HAC
19:28:17,14036.3,IK3VUT,26,16,BD8CS
19:28:17,14042.6,W7JET,37,26,KC4YVA
19:28:17,14042.9,N4BA,35,5,DK9IP-1
19:28:18,14021.0,K5SJC,33,16,AC0C-1
19:28:18,14022.0,EA2CAR,20,20,AC0C-1
19:28:18,14026.6,W1WEF,38,8,DR4W
19:28:18,14027.5,N8KH,36,25,W2NNN
19:28:18,14041.9,K1TR,39,31,AC0C-1
19:28:18,14044.6,WT9U,38,5,W1NT-6
19:28:19,14023.5,F6HKA,32,14,EA5WU
19:28:19,14037.7,K2NV,36,22,IT9GSF
19:28:19,14037.8,K3JT,37,26,KD7EFG
19:28:20,14026.6,W1WEF,38,8,NU4F
19:28:21,14024.5,N3OC,41,14,N6TV
19:28:21,14025.3,TK4TZ,38,9,WA7LNW
19:28:21,14025.6,KG5U,30,30,K9IMM
19:28:21,14035.2,VE3JM,34,15,DL1HWS-4
19:28:21,14037.7,K2NV,34,15,VE6WZ-3
19:28:21,14037.7,K2NV,36,19,K9IMM
19:28:21,14037.7,K2NV,35,4,DO4DXA
19:28:21,14042.9,N4BA,37,4,DK0KK
19:28:22,14021.0,K5SJC,33,4,K9LC
19:28:22,14025.6,KG5U,30,13,W6YX
19:28:22,14030.1,K0INN,29,4,W6YX
19:28:22,14037.7,K2NV,34,6,S53WW
19:28:22,14037.7,K2NV,34,11,W6YX
19:28:22,14037.8,K2NV,34,21,IK4VET
19:28:22,14039.3,K7RL,37,10,WT8P
19:28:23,14037.7,K2NV,34,15,VE6WZ
19:28:23,14039.3,K7RL,40,7,JN1ILK
19:28:24,14021.0,K5SJC,33,12,K5TR
19:28:24,14021.0,K5SJC,33,13,WE9V
19:28:24,14021.0,K5SJC,33,25,K3PA-1
19:28:24,14030.1,K0INN,30,32,K3PA-1
19:28:24,14031.2,VE3NM,33,11,N9CO
19:28:24,14032.5,KO4VW,37,41,K3PA-1
19:28:24,14032.8,N4BP,31,12,W2NAF
19:28:24,14033.3,KR2Q,37,50,N9CO
19:28:24,14037.7,K2NV,34,15,K4PP
19:28:24,14037.7,K2NV,34,17,EA4RKC
19:28:24,14040.5,NE5A,30,13,K4PP
19:28:24,14045.3,N5NA,33,2,EA4RKC
19:28:25,14028.0,K9UIY,31,19,W3RGA
19:28:25,14032.7,N4BP,31,5,WS3W
19:28:26,14020.8,K5SJC,32,8,VE4DRK
19:28:26,14028.0,K9UIY,33,8,TI7W
19:28:26,14033.2,KR2Q,36,4,OK1HRA
19:28:26,14037.6,K2NV,33,9,OK1HRA
19:28:26,14037.7,K2NV,35,8,GI4DOH
19:28:26,14044.6,WT9U,39,7,NG7M
19:28:27,14021.0,K5SJC,33,10,K1RA-4
19:28:27,14028.0,K9UIY,32,19,K1RA-4
19:28:27,14035.6,VE3KIU,29,3,EI4HQ
19:28:27,14037.7,K2NV,34,20,DK9IP-1
19:28:27,14037.7,K2NV,35,19,EI4HQ
19:28:28,14028.0,K9UIY,31,16,KC4YVA
19:28:28,14037.7,K2NV,33,18,DK9IP
19:28:28,14047.2,K6NR,25,19,W1NT-6
19:28:29,14025.6,KG5U,29,12,AC0C-1
19:28:29,14028.0,K9UIY,31,29,AC0C-1
19:28:29,14028.0,K9UIY,32,26,WB6BEE
19:28:29,14031.4,HA7I,36,35,EA5WU
19:28:29,14037.7,K2NV,33,24,S53A
19:28:29,14037.7,K2NV,34,22,AC0C-1
19:28:29,14040.5,NE5A,30,50,AC0C-1
19:28:29,14047.2,K6NR,25,30,AC0C-1
19:28:30,14028.0,K9UIY,32,18,AA4PA
19:28:30,14031.4,HA7I,34,15,DL8LAS-3
19:28:30,14036.8,K0VBU,37,17,ZF9CW
19:28:30,14037.7,K2NV,35,15,AA4PA
19:28:30,14047.1,K6NR,25,26,W8WWV
19:28:30,14047.2,K6NR,25,40,KD7EFG
19:28:30,14068.3,N9QF,24,12,AA4PA
19:28:31,14028.0,K9UIY,31,13,VE6WZ-3
19:28:31,14028.0,K9UIY,31,23,W1NT-2
19:28:31,14033.3,KR2Q,36,9,DK0KK
19:28:31,14036.0,N6CHU,29,33,K9IMM
19:28:31,14040.0,KC9IL,29,17,W1NT-2
19:28:31,14045.0,AI5IN,38,8,KD2M
19:28:31,14047.2,K6NR,25,37,K9IMM
19:28:32,14024.6,N3OC,41,15,K5EM
19:28:32,14037.9,K3JT,33,7,K5EM
19:28:32,14039.3,K7RL,37,35,N6TV
19:28:32,14047.2,K6NR,25,21,WA7LNW
19:28:32,14047.2,K6NR,25,24,K9LC
19:28:33,14024.5,N3OC,40,7,IK7YTT
19:28:33,14028.0,K9UIY,31,11,WT8P
19:28:33,14028.0,K9UIY,31,13,VE6WZ
19:28:33,14036.0,N6CHU,27,38,W6YX
19:28:33,14036.0,N6CHU,27,35,K7CO
19:28:33,14042.9,N4BA,36,26,VE6WZ
19:28:34,14027.9,N8UM,37,36,N9CO
19:28:34,14027.9,N8UM,37,10,K5TR
19:28:34,14027.9,N8UM,38,29,EA4RKC
19:28:34,14028.0,K9UIY,31,28,K5TR
19:28:34,14031.4,HA7I,34,19,EA4RKC
19:28:34,14031.4,HA7I,34,15,DL8LAS
19:28:34,14035.9,N6CHU,28,29,ND7K
19:28:34,14036.0,N6CHU,28,29,WE9V
19:28:34,14038.2,K0TG,35,22,K5TR
19:28:34,14042.6,W7JET,36,29,K3PA-1
19:28:34,14043.5,NK2Y,27,29,K3PA-1
19:28:34,14047.2,K6NR,25,25,K5TR
19:28:35,14027.9,N8UM,37,28,G4ZFE
19:28:35,14031.7,N4IQ,36,22,VE6AO
19:28:35,14033.3,KR2Q,36,8,DP5G
19:28:35,14037.8,K3JT,38,19,WX7V/5
19:28:35,14047.2,K6NR,25,28,WX7V/5
19:28:35,14047.2,K6NR,25,17,VE6AO
19:28:36,14024.5,N3OC,40,11,NG7M
19:28:36,14027.4,N8KH,35,8,KM3T-3
19:28:36,14031.4,HA7I,36,19,TI7W
19:28:36,14042.9,N4BA,36,11,NG7M
19:28:36,14047.2,K6NR,25,22,NG7M
19:28:36,14047.2,K6NR,25,22,N7VVX
19:28:36,14047.2,K6NR,25,15,N2EPE
19:28:37,14029.3,W2RQ,43,6,ZL4YL
19:28:37,14047.2,K6NR,25,21,K1RA-4
19:28:38,14027.8,N8UM,38,17,DR4W
19:28:38,14027.9,N8UM,38,17,G0KTN
19:28:38,14031.4,HA7I,35,23,R4NCU
19:28:38,14031.7,N4IQ,37,8,EI4HQ
19:28:38,14038.2,K0TG,32,5,W1NT-6
19:28:38,14040.5,NE5A,30,16,N4HAC
19:28:38,14040.5,NE5A,29,25,W1NT-6
19:28:39,14027.9,N8UM,38,30,WC2L
19:28:39,14027.9,N8UM,38,17,MM9PSY
19:28:39,14027.9,N8UM,38,15,ON6ZQ
19:28:39,14027.9,N8UM,37,9,AC0C-1
19:28:39,14029.0,WA3AAN,32,13,S53A
19:28:39,14031.4,HA7I,34,11,BD8CS
19:28:39,14031.4,HA7I,33,16,S53A
19:28:39,14031.9,NE2V,36,8,S53A
19:28:39,14038.2,K0TG,36,11,WC2L
19:28:39,14042.9,N4BA,36,23,AC0C-1
19:28:40,14027.9,N8UM,38,16,AA4PA
19:28:40,14027.9,N8UM,38,31,IT9GSF
19:28:40,14027.9,N8UM,38,27,ZF9CW
19:28:40,14031.4,HA7I,34,16,IT9GSF
19:28:40,14031.4,HA7I,37,15,ZF9CW
19:28:40,14042.9,N4BA,37,26,AA4PA
19:28:40,14042.9,N4BA,36,27,ZF9CW
19:28:41,14027.9,N8UM,38,17,DL1HWS-4
19:28:41,14039.7,W8FN,39,7,KD2M
19:28:41,14042.9,N4BA,35,18,W8WWV
19:28:42,14021.0,K5SJC,32,20,K9IMM
19:28:42,14027.7,K5OHY,29,20,K9IMM
19:28:42,14027.8,N8UM,37,18,VE6WZ-3
19:28:42,14027.9,N8UM,38,28,DK0KK
19:28:42,14027.9,N8UM,38,21,DL1HWS
19:28:42,14027.9,N8UM,36,15,S53WW
19:28:42,14030.1,K0INN,28,25,W1NT-2
19:28:42,14036.8,K0VBU,37,29,WA7LNW
19:28:42,14039.0,W7SW,26,30,W1NT-2
19:28:42,14039.0,W7SW,25,44,K9IMM
19:28:42,14039.0,W7SW,26,18,N6TV
19:28:42,14042.9,N4BA,36,26,VE6WZ-3
19:28:42,14042.9,N4BA,37,30,WA7LNW
19:28:43,14027.8,N8UM,37,10,K9LC
19:28:43,14027.9,N8UM,37,21,IK4VET
19:28:43,14027.9,N8UM,38,22,PA5KT-4
19:28:43,14027.9,N8UM,38,22,PI4CC
19:28:43,14031.0,K3WW,42,22,PI4CC
19:28:43,14039.0,W7SW,26,25,W6YX
19:28:43,14042.9,N4BA,36,18,W6YX
19:28:44,14021.0,K5SJC,33,13,K7CO
19:28:44,14021.0,K5SJC,33,16,N9CO
19:28:44,14025.6,KG5U,31,4,VE6WZ
19:28:44,14027.8,N8UM,37,18,VE6WZ
19:28:44,14027.9,N8UM,37,6,K4PP
19:28:44,14037.6,N4HAI,31,5,VE6WZ
19:28:44,14038.2,K0TG,35,9,VE6WZ
19:28:44,14039.0,W7SW,26,40,N9CO
19:28:44,14042.0,K1TR,37,26,K3PA-1
19:28:44,14042.9,N4BA,36,15,N9CO
19:28:45,14021.0,K5SJC,33,14,ND7K
19:28:45,14027.9,N8UM,38,15,SE5E
19:28:45,14027.9,N8UM,38,13,EA2RCF-4
19:28:45,14027.9,N8UM,38,12,DK0TE
19:28:45,14030.1,K0INN,29,7,ND7K
19:28:45,14035.2,VE3JM,36,17,G4ZFE
19:28:45,14037.7,K2NV,34,9,DL8LAS
19:28:45,14037.7,K2NV,33,13,WX7V/5
19:28:45,14039.0,W7SW,25,28,W3RGA
19:28:45,14039.3,K7RL,40,8,W2NAF
19:28:46,14038.2,K0TG,38,6,VE6AO
19:28:47,14027.8,K9UIY,33,16,VE4DRK
19:28:47,14027.9,N8UM,38,12,DF7GB
19:28:47,14027.9,N8UM,37,22,TI7W
19:28:47,14027.9,N8UM,38,7,MM0ZBH
19:28:47,14027.9,N8UM,38,14,DK9IP-1
19:28:47,14032.5,N4BP,30,16,VE4DRK
19:28:47,14038.2,K0TG,40,23,TI7W
19:28:47,14039.0,W7SW,25,21,N2EPE
19:28:47,14039.3,K7RL,39,8,W2MV
19:28:47,14042.7,N4BA,36,9,VE4DRK
19:28:48,14022.0,EA2CAR,20,26,ES5PC
19:28:48,14027.9,N8UM,38,10,DK9IP
19:28:48,14027.9,N8UM,37,8,HB9BXE
19:28:48,14028.0,K9UIY,31,7,N4HAC
19:28:48,14035.0,EA5M,37,10,YO2KAR
19:28:48,14036.4,IK3VUT,26,13,BG7IEJ
19:28:48,14036.8,K0VBU,38,23,N4HAC
19:28:48,14037.7,K2NV,34,11,DR4W
19:28:48,14041.3,N5RZ,37,4,JJ2VLY
19:28:49,14027.9,N8UM,37,43,S53A
19:28:49,14028.1,K9UIY,31,8,W2NNN
19:28:49,14033.0,WJ9B,35,13,WB6BEE
19:28:49,14036.2,W5TM,36,9,WC2L
19:28:49,14036.8,K0VBU,37,18,W1NT-6
19:28:50,14021.9,EA2CAR,20,18,IT9GSF
19:28:50,14022.0,EA2CAR,20,11,RU9CZD
19:28:50,14029.3,W2RQ,43,18,K7EK
19:28:50,14030.1,K0INN,29,22,K7EK
19:28:50,14037.7,K2NV,34,9,DL8LAS-3
19:28:50,14038.2,K0TG,35,5,N2YCH
19:28:50,14039.1,W7SW,26,19,KM3T-2
19:28:50,14039.1,W7SW,26,25,N2YCH
19:28:50,14042.5,W7JET,37,34,AC0C-1
19:28:50,14043.3,K5UV,37,11,K7EK
19:28:51,14021.0,K5SJC,32,33,KD7EFG
19:28:51,14027.4,N8KH,34,28,W8WWV
19:28:51,14027.9,N8UM,37,9,NU4F
19:28:51,14030.1,K0INN,29,9,KD7EFG
19:28:51,14033.7,W1RM,30,5,DO4DXA
19:28:51,14037.6,N4HAI,31,9,NU4F
19:28:51,14037.7,K2NV,35,7,DL1HWS-4
19:28:51,14038.2,K0TG,31,13,ZF9CW
19:28:51,14040.0,KC9IL,31,18,ZF9CW
19:28:51,14042.0,K1TR,36,21,ZF9CW
19:28:52,14027.9,N8UM,37,10,IK3STG
19:28:52,14031.2,VE3NZ,32,7,KD2M
19:28:52,14037.7,K2NV,33,9,DK0KK
19:28:52,14037.7,K2NV,33,7,DL8LAS-1
19:28:52,14057.0,KE0TL,15,13,VE6WZ-3
19:28:53,14029.3,W2SQ,37,27,WA7LNW
19:28:53,14035.0,EA5M,37,32,IK7YTT
19:28:53,14035.1,EA5M,36,16,SQ5J
19:28:53,14037.7,K2NV,36,8,IK7YTT
19:28:53,14041.5,K0RX,32,21,KM3T-5
19:28:53,14043.2,K5UV,33,11,KM3T-5
19:28:53,14048.1,WA2VJL,15,18,WA7LNW
19:28:53,14048.1,WA2VJL,15,9,W6YX
19:28:53,14057.0,KE0TL,15,9,KM3T-5
19:28:53,14057.0,KE0TL,15,11,W6YX
19:28:54,14041.5,K0RX,31,16,VE6WZ
19:28:54,14047.2,K6NR,25,11,VE6WZ
19:28:54,14057.0,KE0TL,15,13,VE6WZ
19:28:55,14016.7,4Z5PF,27,9,RK3TD-2
19:28:55,14022.0,EA2CAR,20,35,SE5E
19:28:55,14022.0,EA2CAR,20,25,YO5LD
19:28:55,14022.0,EA2CAR,21,39,EA2RCF-4
19:28:55,14022.0,EA2CAR,20,7,W3RGA
19:28:55,14028.0,K9UIY,32,20,K3PA-1
19:28:55,14028.0,K9UIY,32,23,ND7K
19:28:55,14029.2,W2RQ,43,21,DP5G
19:28:55,14034.1,VE5UO,33,9,W3RGA
19:28:55,14041.5,K0RX,34,16,K5TR
19:28:55,14041.5,K0RX,31,13,W3RGA
19:28:55,14048.1,WA2VJL,15,13,K3PA-1
19:28:56,14016.6,4Z5PF,27,15,OK1HRA
19:28:56,14016.7,4Z5PF,27,15,LZ7AA
19:28:56,14016.7,4Z5PF,27,15,ES2RR
19:28:56,14021.0,K5SJC,32,8,VE6AO
19:28:56,14022.0,EA2CAR,20,24,ES2RR
19:28:56,14022.0,EA2CAR,20,29,OH6BG
19:28:56,14024.9,W8FJ,40,10,VE6AO
19:28:57,14029.1,W2RQ,41,11,VE4DRK
19:28:57,14036.6,K0VBU,37,12,VE4DRK
19:28:57,14039.3,K7RL,40,18,TI7W
19:28:57,14040.7,W1TO,37,17,VE4DRK
19:28:57,14041.5,K0RX,32,20,KM3T-3
19:28:57,14041.9,K1TR,39,6,DK9IP-1
19:28:57,14057.0,KE0TL,15,9,KM3T-3
19:28:57,14057.0,KE0TL,15,8,N2EPE
19:28:58,14016.7,4Z5PF,27,9,ES5PC
19:28:58,14016.7,4Z5PF,27,8,EI4HQ
19:28:58,14022.0,EA2CAR,20,10,ZL4YL
19:28:58,14031.4,HA7I,36,7,VU2TUM
19:28:58,14034.1,VE5UO,32,22,K1RA-4
19:28:58,14041.5,K0RX,31,21,K1RA-4
19:28:58,14048.1,WA2VJL,15,7,K1RA-4
19:28:58,14057.0,KE0TL,15,10,K1RA-4
19:28:59,14016.7,4Z5PF,27,22,DR4W
19:28:59,14016.7,4Z5PF,28,14,S50U
19:28:59,14016.7,4Z5PF,28,24,S53A
19:28:59,14016.7,4Z5PF,28,25,LZ4AE
19:28:59,14016.7,4Z5PF,28,25,LZ4AE
19:28:59,14016.7,4Z5PF,27,5,ON6ZQ
19:28:59,14021.0,K5SJC,33,9,W1NT-6
19:28:59,14031.0,K3WW,39,11,DR4W
19:28:59,14031.5,HA7I,36,12,BG7IEJ
19:28:59,14033.2,KR2Q,37,5,DR4W
19:28:59,14034.1,VE5UO,34,31,KC4YVA
19:28:59,14034.1,VE5UO,33,17,W1NT-6
19:28:59,14041.5,K0RX,31,11,KC4YVA
19:28:59,14041.5,K0RX,32,22,N4HAC
19:28:59,14041.5,K0RX,32,11,W8WTS
19:28:59,14041.5,K0RX,32,21,W1NT-6
19:28:59,14041.5,K0RX,31,24,WC2L
19:28:59,14043.2,K5UV,37,12,S53A
19:28:59,14047.2,K6NR,25,22,N4HAC
19:28:59,14048.1,WA2VJL,15,5,N4HAC
19:28:59,14048.1,WA2VJL,15,3,W8WTS
19:29:00,14016.8,4Z5PF,28,6,LZ5DI
19:29:00,14022.0,EA2CAR,20,17,BD8CS
19:29:00,14024.9,W8FJ,42,32,AC0C-1
19:29:00,14027.6,N3JT,29,25,AC0C-1
19:29:00,14031.2,VE3NZ,31,6,EA5WU
19:29:00,14033.3,KR2Q,35,5,DL8LAS-3
19:29:00,14034.1,VE5UO,33,12,W2NNN
19:29:00,14039.3,K7RL,38,9,K7EK
19:29:00,14039.3,K7RL,40,13,AA4PA
19:29:00,14041.5,K0RX,32,25,WB6BEE
19:29:00,14041.5,K0RX,32,19,KM3T-2
19:29:00,14041.6,K0RX,32,25,W2NNN
19:29:00,14045.1,AI5IN,35,26,K7EK
19:29:00,14048.1,WA2VJL,15,7,AC0C-1
19:29:00,14057.0,KE0TL,15,20,AC0C-1
19:29:00,14057.1,KE0TL,15,11,W2NNN
19:29:01,14016.6,4Z5PF,27,12,YO2CK
19:29:01,14016.7,4Z5PF,28,25,IT9GSF
19:29:01,14028.0,K9UIY,32,36,KD7EFG
19:29:01,14029.0,WA3AAN,31,23,ZF9CW
19:29:01,14037.6,N4HAI,31,15,N2YCH
19:29:01,14041.6,K0RX,32,20,N2YCH
19:29:01,14047.2,K6NR,26,19,ZF9CW
19:29:01,14056.9,KE0TL,15,20,W8WWV
19:29:02,14016.7,4Z5PF,27,4,SZ1A
19:29:02,14029.3,W2RQ,39,8,DL1HWS
19:29:02,14035.0,EA5M,31,27,DO4DXA
19:29:02,14043.5,NK2Y,27,5,DK0KK
19:29:02,14047.2,K6NR,26,29,W1NT-2
19:29:03,14016.7,4Z5PF,27,15,S53WW
19:29:03,14016.7,4Z5PF,27,21,IK7YTT
19:29:03,14016.7,4Z5PF,27,11,IZ2CPS
19:29:03,14016.8,4Z5PF,28,19,IK4VET
19:29:03,14021.0,K5SJC,33,40,WA7LNW
19:29:03,14021.1,K5SJC,33,9,K5EM
19:29:03,14027.4,N8KH,36,11,K5EM
19:29:03,14028.0,K9UIY,31,26,WA7LNW
19:29:03,14028.9,WA3AAN,32,9,K9LC
19:29:03,14031.4,HA7I,36,7,S53WW
19:29:03,14032.8,N4BP,31,8,K5EM
19:29:03,14033.3,KR2Q,37,5,PI4CC
19:29:03,14034.0,VE5UO,32,38,K9IMM
19:29:03,14038.5,K1SM,32,16,WA7LNW
19:29:03,14038.5,K1SM,32,16,WA7LNW
19:29:03,14038.5,K1SM,32,12,IK7YTT
19:29:03,14041.5,K0RX,31,16,VE6WZ-3
19:29:03,14041.5,K0RX,32,19,WA7LNW
19:29:03,14057.0,KE0TL,15,16,WA7LNW
19:29:04,14016.8,4Z5PF,27,6,SQ5J
19:29:05,14016.7,4Z5PF,27,23,YO5LD
19:29:05,14027.4,N8KH,36,25,K5TR
19:29:05,14027.4,N8KH,37,18,WE9V
19:29:05,14028.9,WA3AAN,31,6,K6FOD
19:29:05,14029.0,WA3AAN,29,11,DP5G
19:29:05,14033.3,KR2Q,35,5,DL8LAS
19:29:05,14034.1,VE5UO,32,29,K7CO
19:29:05,14034.1,VE5UO,33,9,K4PP
19:29:05,14034.1,VE5UO,33,26,WE9V
19:29:05,14034.4,KG9X,34,21,K7CO
19:29:05,14046.3,WU6P,36,24,ND7K
19:29:06,14016.7,4Z5PF,27,9,G4ZFE
19:29:06,14027.6,N3JT,30,9,VE6AO
19:29:06,14031.7,N4IQ,37,5,GI4DOH
19:29:06,14034.7,CT7AUP,29,15,DC8YZ
19:29:06,14049.0,ND9M,28,22,WX7V/5
19:29:07,14027.9,N8UM,37,13,DL1HWS-3
19:29:07,14030.9,K3WW,40,12,OK1HRA
19:29:07,14034.0,VE5UO,32,22,NG7M
19:29:07,14034.1,VE5UO,33,15,KM3T-3
19:29:07,14035.9,N6CHU,27,8,N2EPE
19:29:07,14039.0,W7SW,25,13,N7VVX
19:29:07,14052.5,W4LOO,24,12,KM3T-3
19:29:08,14027.9,N8UM,37,10,G4KCM
19:29:08,14034.1,VE5UO,32,18,TI7W
19:29:08,14038.5,K1SM,31,4,HB9BXE
19:29:09,14022.0,EA2CAR,20,14,YO2KAR
19:29:09,14022.1,EA2CAR,20,13,BG7IEJ
19:29:09,14024.0,JA8WGX,21,30,JJ2VLY
19:29:09,14034.7,CT7AUP,32,24,KC4YVA
19:29:09,14034.7,CT7AUP,35,14,S53A
19:29:09,14035.2,VE3JM,35,18,KC4YVA
19:29:09,14036.2,W5TM,38,10,N4HAC
19:29:09,14041.3,N5RZ,38,6,W8WTS
19:29:09,14042.9,N4BA,34,11,S53A
19:29:09,14046.3,WU6P,38,19,W1NT-6
19:29:09,14049.0,ND9M,28,5,W1NT-6
19:29:10,14024.9,W8FJ,42,12,K7EK
19:29:10,14026.6,W1WEF,38,30,K7EK
19:29:10,14027.9,N8UM,37,16,K7EK
19:29:10,14028.0,K9UIY,32,10,KM3T-2
19:29:10,14028.9,WA3AAN,33,31,AC0C-1
19:29:10,14033.3,KR2Q,37,44,K7EK
19:29:10,14034.0,VE5UO,32,23,WB6BEE
19:29:10,14034.1,VE5UO,33,16,WC2L
19:29:10,14036.3,IK3VUT,28,9,WB6BEE
19:29:10,14037.9,AC5XK,35,10,K7EK
19:29:10,14038.6,K1SM,31,15,K7EK
19:29:10,14039.0,W7SW,26,27,W2NNN
19:29:10,14039.2,K7RL,40,33,WB6BEE
19:29:10,14039.7,W8FN,38,39,AC0C-1
19:29:10,14042.0,K1TR,38,22,KM3T-2
19:29:10,14046.3,WU6P,38,23,WB6BEE
19:29:10,14046.3,WU6P,38,32,AC0C-1
19:29:10,14046.3,WU6P,38,17,KM3T-2
19:29:11,14021.9,EA2CAR,20,19,YO2CK
19:29:11,14034.1,VE5UO,33,19,AA4PA
19:29:11,14039.7,W8FN,39,16,IT9GSF
19:29:12,14034.7,CT7AUP,31,32,ZF9CW
19:29:12,14041.5,K0RX,33,28,ZF9CW
19:29:12,14041.5,K0RX,32,33,W8WWV
19:29:13,14016.7,4Z5PF,28,7,M1GEO
19:29:13,14027.9,N8UM,35,32,K9IMM
19:29:13,14031.0,K3WW,39,8,M1GEO
19:29:13,14041.5,K0RX,32,28,W1NT-2
19:29:13,14046.3,WU6P,38,18,VE7CC
19:29:13,14046.3,WU6P,38,18,VE7CC
19:29:13,14046.3,WU6P,38,36,K5EM
19:29:14,14022.0,EA2CAR,20,4,RN4WA
19:29:14,14025.9,WS7L,33,23,K9LC
19:29:14,14027.9,N8UM,37,13,WA7LNW
19:29:14,14035.0,EA5M,37,12,RN4WA
19:29:14,14039.7,W8FN,40,33,WA7LNW
19:29:14,14040.2,K1DW,33,15,K9LC
19:29:14,14040.3,K1DW,33,18,WA7LNW
19:29:14,14046.3,WU6P,37,17,K9LC
19:29:15,14025.9,WS7L,33,18,VE6WZ
19:29:15,14025.9,WS7L,34,30,K5TR
19:29:15,14026.0,WS7L,33,39,K7CO
19:29:15,14026.0,WS7L,34,27,N9CO
19:29:15,14026.0,WS7L,33,10,K4PP
19:29:15,14026.6,W1WEF,37,43,N9CO
19:29:15,14028.0,K9UTY,30,3,W2NAF
19:29:15,14035.2,VE3JM,38,18,K4PP
19:29:15,14035.2,VE3JM,37,32,K3PA-1
19:29:15,14040.2,K1DW,33,17,VE6WZ
19:29:15,14040.3,K1DW,33,18,VE6WZ
19:29:15,14040.3,K1DW,33,9,K4PP
19:29:15,14040.3,K1DW,33,35,K3PA-1
19:29:15,14042.0,K1TR,35,3,DL8LAS
19:29:15,14043.2,K5UV,36,6,K7CO
19:29:15,14046.3,WU6P,37,43,K7CO
19:29:15,14046.3,WU6P,37,20,N9CO
19:29:15,14046.3,WU6P,35,27,K5TR
19:29:16,14022.1,EA2CAR,20,9,OH8KA
19:29:16,14026.0,WS7L,33,14,K6FOD
19:29:16,14026.0,WS7L,33,17,W3RGA
19:29:16,14026.3,WG3J,41,12,K6FOD
19:29:16,14034.4,KG9X,39,12,W3RGA
19:29:16,14037.7,K2NV,33,14,ND7K
19:29:16,14040.3,K1DW,33,25,WE9V
19:29:16,14046.3,WU6P,37,16,W3RGA
19:29:16,14046.3,WU6P,36,34,WX7V/5
19:29:17,14025.6,KG5U,29,14,NG7M
19:29:17,14026.0,WS7L,33,31,VE6AO
19:29:17,14026.0,WS7L,34,21,N7VVX
19:29:17,14026.0,WS7L,32,18,NG7M
19:29:17,14039.8,KC9IL,29,7,VE4DRK
19:29:17,14040.1,K1DW,33,17,VE4DRK
19:29:17,14040.3,K1DW,33,11,VE6AO
19:29:17,14040.3,K1DW,34,4,KM3T-3
19:29:17,14046.3,WU6P,37,28,NG7M
19:29:18,14022.0,EA2CAR,19,16,TI7W
19:29:18,14026.0,WS7L,34,19,N2EPE
19:29:18,14026.0,WS7L,32,25,K1RA-4
19:29:18,14028.0,K9UIY,32,7,N2EPE
19:29:18,14037.7,K2NV,34,7,HB9BXE
19:29:18,14041.5,K0RX,32,22,N2EPE
19:29:19,14016.7,4Z5PF,28,9,OK1FCJ
19:29:19,14026.0,WS7L,33,20,KC4YVA
19:29:20,14022.0,EA2CAR,20,16,LZ4AE
19:29:20,14022.0,EA2CAR,21,16,LZ4AE
19:29:20,14026.0,WS7L,34,23,WC2L
19:29:20,14026.0,WS7L,33,20,W2NNN
19:29:20,14028.0,K9UIY,28,13,W1NT-6
19:29:20,14036.3,IK3VUT,25,9,N4HAC
19:29:20,14036.4,IK3VUT,27,7,WC2L
19:29:20,14037.1,K0SN,38,10,W8WTS
19:29:20,14039.3,K7RL,38,24,N4HAC
19:29:20,14040.3,K1DW,33,10,W1NT-6
19:29:20,14043.3,K5UV,34,13,W2NNN
19:29:21,14016.7,4Z5PF,28,15,LZ5DI
19:29:21,14024.5,N3OC,38,39,AA4PA
19:29:21,14026.0,WS7L,35,26,WB6BEE
19:29:21,14026.0,WS7L,34,37,AC0C-1
19:29:21,14026.0,WS7L,35,16,AA4PA
19:29:21,14026.6,W1WEF,38,25,AC0C-1
19:29:21,14027.7,K5OHY,28,12,WB6BEE
19:29:21,14029.0,WA3AAN,32,16,NU4F
19:29:21,14031.0,K3WW,36,33,K7EK
19:29:21,14037.1,K0SN,36,40,AC0C-1
19:29:21,14037.1,K0SN,38,9,K7EK
19:29:21,14037.7,K2NV,33,4,F4GOU
19:29:21,14040.3,K1DW,33,15,WB6BEE
19:29:21,14040.3,K1DW,32,44,AC0C-1
19:29:21,14040.3,K1DW,33,11,KM3T-2
19:29:21,14040.3,K1DW,33,16,K7EK
19:29:21,14040.3,K1DW,34,20,AA4PA
19:29:21,14041.5,K0RX,34,26,AA4PA
19:29:21,14052.6,W4LOO,24,5,K7EK
19:29:21,14058.0,W7BTR,20,9,AC0C-1
19:29:22,14026.0,WS7L,34,26,ZF9CW
19:29:22,14026.0,WS7L,34,7,KD2M
19:29:22,14027.7,K5OHY,28,17,ZF9CW
19:29:22,14029.3,W2RQ,39,5,PE5TT
19:29:22,14032.2,N3RD,43,30,KD7EFG
19:29:22,14036.3,IK3VUT,26,10,W8WWV
19:29:22,14037.7,K2NV,35,20,ZF9CW
19:29:22,14040.2,K1DW,33,19,W8WWV
19:29:23,14022.0,EA2CAR,20,13,W1NT-2
19:29:23,14023.5,F6HKA,31,5,SZ1A
19:29:23,14026.0,WS7L,33,29,W1NT-2
19:29:23,14026.0,WS7L,33,19,N6TV
19:29:23,14026.0,WS7L,33,35,K9IMM
19:29:23,14036.4,IK3VUT,26,6,IK4VET
19:29:23,14038.2,K0TG,38,10,N6TV
19:29:23,14040.3,K1DW,33,10,W1NT-2
19:29:23,14040.3,K1DW,33,18,K9IMM
19:29:23,14040.3,K1DW,33,11,K5EM
19:29:23,14042.0,K1TR,38,10,IK4VET
19:29:23,14052.6,W4LOO,25,11,K5EM
19:29:24,14025.9,WS7L,33,18,VE6WZ-3
19:29:24,14026.0,WS7L,35,20,KM3T-5
19:29:24,14026.0,WS7L,32,34,WA7LNW
19:29:24,14026.0,WS7L,36,26,W6YX
19:29:24,14026.6,W1WEF,38,32,WA7LNW
19:29:24,14026.6,W1WEF,38,17,W6YX
19:29:24,14026.6,W1WEF,38,27,K9LC
19:29:24,14027.7,TK5OHY,29,15,W6YX
19:29:24,14028.0,K9UIY,31,15,W6YX
19:29:24,14029.0,WA3AAN,32,19,WA7LNW
19:29:24,14031.4,HA7I,36,11,IK7YTT
19:29:24,14040.2,K1DW,33,17,VE6WZ-3
19:29:24,14040.3,K1DW,34,5,KM3T-5
19:29:25,14026.0,WS7L,34,19,VE6WZ
19:29:25,14026.6,W1WEF,38,13,K4PP
19:29:25,14029.0,WA3AAN,32,13,K7CO
19:29:25,14029.3,W2RQ,43,24,K7CO
19:29:25,14040.3,K1DW,33,33,N9CO
19:29:25,14043.5,NK2Y,29,10,K7CO
19:29:26,14026.0,WS7L,34,6,W2NAF
19:29:26,14026.0,WS7L,35,8,AK6RI-1
19:29:26,14026.0,WS7L,35,22,ND7K
19:29:26,14028.9,WA3AAN,32,19,K5TR
19:29:26,14037.7,K2NV,34,10,G4ZFE
19:29:26,14039.7,W8FN,39,11,AK6RI-1
19:29:27,14023.5,F6HKA,31,16,W2MV
19:29:27,14029.2,W2RQ,43,10,OE9GHV
19:29:27,14036.8,K0VBU,36,32,WX7V/5
19:29:28,14021.0,K5SJC,33,4,KM3T-3
19:29:28,14036.8,K0VBU,37,19,N2EPE
19:29:28,14039.0,W7SW,25,25,NG7M
19:29:29,14026.0,WS7L,35,22,TI7W
19:29:29,14026.6,W1WEF,37,19,TI7W
19:29:29,14029.2,W2RQ,42,9,DR4W
19:29:29,14029.3,W2RQ,43,6,DM6EE
19:29:29,14031.2,VE3NZ,31,21,TI7W
19:29:29,14039.0,W7SW,25,32,K1RA-4
19:29:29,14039.0,W7SW,25,13,ZL4YL
19:29:29,14049.5,K3ATO,31,19,TI7W
19:29:30,14026.0,WS7L,35,19,W1NT-6
19:29:30,14026.6,W1WEF,37,23,S53A
19:29:30,14029.3,W2RQ,43,25,S53A
19:29:30,14036.8,K0VBU,37,20,KC4YVA
19:29:30,14036.8,K0VBU,36,17,W1NT-6
19:29:30,14036.8,K0VBU,37,24,N4HAC
19:29:30,14038.2,K0TG,38,11,KC4YVA
19:29:30,14039.0,W7SW,25,27,KC4YVA
19:29:30,14039.0,W7SW,26,25,WC2L
19:29:31,14023.5,F6HKA,33,19,AC0C-1
19:29:31,14023.5,F6HKA,32,19,N2YCH
19:29:31,14026.0,WS7L,35,15,K7EK
19:29:31,14027.9,N8UM,37,13,DL8LAS-3
19:29:31,14035.0,N7NR,36,21,W2NNN
19:29:31,14036.3,IK3VUT,26,7,LZ3CB
19:29:31,14036.8,K0VBU,37,19,W2NNN
19:29:31,14036.8,K0VBU,37,14,KM3T-2
19:29:31,14039.0,W7SW,26,18,KH6LC
19:29:31,14039.0,W7SW,26,40,AC0C-1
19:29:31,14039.1,W7SW,25,22,K7EK
19:29:32,14026.0,WS7L,33,50,KD7EFG
19:29:32,14038.2,K0TG,41,22,KD7EFG
19:29:32,14039.0,W7SW,25,23,AA4PA
19:29:32,14040.3,K1DW,34,22,KD7EFG
19:29:32,14049.5,K3ATO,31,11,NU4F
19:29:33,14025.9,WS7L,33,33,W8WWV
19:29:33,14029.0,WA3AAN,31,4,KD2M
19:29:33,14037.7,K2NV,35,8,DL1HWS
19:29:33,14039.0,W7SW,25,9,KD2M
19:29:33,14049.5,K3ATO,31,20,ZF9CW
19:29:34,14027.9,N8UM,37,11,IK7YTT
19:29:34,14031.5,HA7I,36,8,IK4VET
19:29:34,14032.2,N3RD,42,7,WT8P
19:29:34,14034.1,VE5UO,36,9,K5EM
19:29:34,14035.1,VE3JM,37,19,VE6WZ-3
19:29:34,14036.8,K0VBU,37,32,K9IMM
19:29:34,14037.8,K2NV,34,6,K5EM
19:29:34,14049.4,K3ATO,31,10,K9IMM
19:29:34,14049.4,K3ATO,31,10,VE6WZ-3
19:29:35,14029.0,WA3AAN,32,5,VE6WZ
19:29:35,14031.2,VE3NZ,32,17,VE6WZ
19:29:35,14032.7,N4BP,30,6,VE6WZ
19:29:35,14035.1,VE3JM,38,36,K9LC
19:29:35,14035.1,VE3JM,37,19,VE6WZ
19:29:35,14035.2,VE3JM,37,17,W6YX
19:29:35,14036.8,K0VBU,38,29,WA7LNW
19:29:35,14038.2,K0TG,39,19,W6YX
19:29:35,14039.0,W7SW,25,30,K9LC
19:29:35,14039.2,K7RL,40,28,K9LC
19:29:35,14049.4,K3ATO,31,10,VE6WZ
19:29:36,14023.5,F6HKA,31,4,RK3TD-2
19:29:36,14026.0,N0KO,28,37,K3PA-1
19:29:36,14026.0,WS7L,34,43,WE9V
19:29:36,14026.4,WG3J,41,8,G4ZFE
19:29:36,14027.4,N8KH,36,24,N9CO
19:29:36,14027.9,N8UM,37,13,DL8LAS
19:29:36,14031.2,VE3NZ,33,18,K3PA-1
19:29:36,14031.2,VE3NZ,32,25,K5TR
19:29:36,14031.4,HA7I,34,16,OH6BG
19:29:36,14031.6,N4IQ,36,8,K5TR
19:29:36,14039.0,W7SW,25,23,K4PP
19:29:36,14039.0,W7SW,25,46,K3PA-1
19:29:36,14039.0,W7SW,26,39,K5TR
19:29:36,14039.0,W7SW,27,41,WE9V
19:29:36,14047.2,K6NR,25,16,W3RGA
19:29:36,14048.1,WA2VJL,15,6,W3RGA
19:29:36,14049.5,K3ATO,31,8,N9CO
19:29:37,14032.1,N3RD,40,7,OK1HRA
19:29:37,14039.3,K7RL,40,31,ND7K
19:29:38,14035.2,VE3JM,37,14,NG7M
19:29:38,14036.8,K0VBU,36,14,KM3T-3
19:29:38,14037.9,AC5XK,35,4,OE9GHV
19:29:39,14027.4,N8KH,37,34,TI7W
19:29:39,14040.0,KC9IL,30,11,TI7W
19:29:40,14031.2,VE3NZ,31,14,S53A
19:29:40,14031.2,VE3NZ,33,27,KC4YVA
19:29:40,14042.0,K1TR,38,20,W1NT-6
19:29:41,14027.4,N8KH,35,34,WB6BEE
19:29:41,14031.2,VE3NZ,33,27,WB6BEE
19:29:41,14042.0,K1TR,37,10,DL8LAS-3
19:29:41,14057.0,KE0TL,15,4,N4HAC
19:29:41,14057.0,KE0TL,15,8,KM3T-2
19:29:42,14026.3,WG3J,43,6,DK0KK
19:29:42,14031.2,VE3NZ,31,26,AC0C-1
19:29:42,14035.2,VE3JM,38,33,AC0C-1
19:29:42,14037.9,AC5XK,36,11,AC0C-1
19:29:43,14031.2,VE3NZ,32,30,ZF9CW
19:29:43,14037.7,K2NV,33,22,KD7EFG
19:29:43,14048.0,WA2VJL,15,15,W8WWV
19:29:43,14048.1,WA2VJL,15,14,ZF9CW
19:29:44,14021.0,K5SJC,32,16,W1NT-2
19:29:44,14023.5,K4PQC,32,26,K9IMM
19:29:44,14029.0,WA3AAN,30,5,PI4CC
19:29:44,14046.3,WU6P,37,29,K9IMM
19:29:45,14026.6,W1WEF,38,26,VE6WZ-3
19:29:45,14031.2,VE3NZ,32,17,VE6WZ-3
19:29:45,14031.2,VE3NZ,32,24,WA7LNW
19:29:45,14037.8,AC5XK,35,11,VE6WZ-3
19:29:46,14026.6,W1WEF,38,26,VE6WZ
19:29:46,14026.6,W1WEF,38,8,DK0TE
19:29:46,14026.6,W1WEF,38,28,K3PA-1
19:29:46,14031.2,VE3NZ,32,14,K4PP
19:29:46,14031.4,HA7I,32,10,ES2RR
19:29:46,14031.9,NE2V,35,8,DP5G
19:29:46,14032.2,N3RD,37,10,DL8LAS
19:29:46,14037.6,N4HAI,32,29,K3PA-1
19:29:46,14037.8,AC5XK,35,11,VE6WZ
19:29:46,14046.3,WU6P,38,21,VE6WZ
19:29:46,14057.0,KE0TL,15,14,K3PA-1
19:29:47,14010.0,KI6DS/B,22,2,OK1HRA
19:29:47,14024.9,W8FJ,44,31,ND7K
19:29:47,14026.6,W1WEF,39,7,AK6RI-1
19:29:47,14036.3,IK3VUT,26,13,OH6BG
19:29:47,14036.8,K0VBU,33,27,K5TR
19:29:47,14036.8,K0VBU,33,14,ND7K
19:29:47,14037.6,N4HAI,31,13,ND7K
19:29:48,14021.0,K5SJC,33,14,N7VVX
19:29:48,14026.3,WG3J,42,9,N7VVX
19:29:48,14031.0,VE3NZ,32,14,VE4DRK
19:29:48,14052.4,W4LOO,25,4,VE4DRK
19:29:49,14021.0,K5SJC,33,17,NG7M
19:29:49,14031.4,HA7I,33,11,EI4HQ
19:29:49,14037.4,N6NT,35,10,DR4W
19:29:49,14046.3,WU6P,38,12,N2EPE
19:29:49,14046.3,WU6P,37,22,K1RA-4
19:29:50,14010.0,KI6DS/B,22,10,S53A
19:29:50,14026.6,W1WEF,38,26,W8WTS
19:29:50,14037.4,N6NT,33,26,TI7W
19:29:50,14040.8,W1TO,34,5,DM6EE
19:29:51,14030.5,AD4EB,38,18,W1NT-6
19:29:51,14030.5,AD4EB,39,18,WC2L
19:29:51,14033.0,WJ9B,36,6,WC2L
19:29:51,14037.4,N6NT,33,39,W1NT-6
19:29:51,14037.4,N6NT,33,6,EA5WU
19:29:51,14037.4,N6NT,34,26,WC2L
19:29:51,14038.2,K0TG,35,6,WB6BEE
19:29:51,14045.0,AI5IN,38,9,EA5WU
19:29:52,14026.6,W1WEF,38,28,AA4PA
19:29:52,14030.5,AD4EB,38,14,N2YCH
19:29:52,14030.5,AD4EB,39,33,AC0C-1
19:29:52,14031.2,VE3NZ,36,17,IT9GSF
19:29:52,14033.0,WJ9B,36,42,AC0C-1
19:29:52,14035.2,VE3JM,37,29,AA4PA
19:29:52,14037.4,N6NT,29,22,N2YCH
19:29:52,14037.4,N6NT,33,28,AC0C-1
19:29:52,14037.4,N6NT,34,31,AA4PA
19:29:52,14037.4,N6NT,34,16,NU4F
19:29:52,14037.6,N4HAI,31,17,AA4PA
19:29:52,14037.9,AC5XK,35,11,IT9GSF
19:29:52,14040.8,W1TO,35,11,IT9GSF
19:29:52,14042.6,W7JET,40,16,K7EK
19:29:53,14030.5,AD4EB,38,4,KD2M
19:29:53,14031.9,NE2V,39,8,DK0KK
19:29:53,14032.2,N3RD,37,10,DL8LAS-1
19:29:53,14032.5,KO4VW,38,7,KD2M
19:29:53,14035.2,VE3JM,38,31,KD7EFG
19:29:53,14037.4,N6NT,34,9,DL8LAS-1
19:29:53,14037.4,N6NT,33,8,M1GEO
19:29:53,14037.4,N6NT,34,22,KD2M
19:29:53,14037.4,N6NT,34,16,KD7EFG
19:29:53,14046.3,WU6P,36,49,KD7EFG
19:29:53,14049.4,K3ATO,31,6,KD2M
19:29:53,14049.5,K3ATO,32,16,KD7EFG
19:29:54,14031.2,N7US,36,4,WT8P
19:29:54,14033.9,K1VUT,31,13,IK4VET
19:29:54,14037.4,N6NT,33,45,W1NT-2
19:29:54,14037.4,N6NT,34,13,PI4CC
19:29:54,14037.6,N4HAI,32,22,ZF9CW
19:29:54,14039.0,W7SW,25,32,ZF9CW
19:29:54,14040.8,W1TO,32,8,WT8P
19:29:55,14024.5,N3OC,33,40,K9IMM
19:29:55,14026.6,W1WEF,38,13,N6TV
19:29:55,14033.8,K1VUT,31,15,K9IMM
19:29:55,14034.1,VE5UO,34,15,W6YX
19:29:55,14035.2,VE3JM,37,33,WA7LNW
19:29:55,14037.4,N6NT,29,27,K9IMM
19:29:55,14037.4,N6NT,32,41,KM3T-5
19:29:55,14037.4,N6NT,29,20,VE6WZ-3
19:29:55,14037.4,N6NT,34,27,WA7LNW
19:29:55,14037.4,N6NT,33,6,AA0O
19:29:55,14037.4,N6NT,30,12,W6YX
19:29:55,14042.0,K1TR,39,21,WA7LNW
19:29:55,14045.0,AI5IN,37,3,DL0LA
19:29:56,14027.4,N8KH,36,20,VE6WZ
19:29:56,14030.4,EA6BF,39,20,JN1ILK
19:29:56,14030.4,EA6BF,39,21,DL8LAS
19:29:56,14030.4,EA6BF,39,16,LZ7AA
19:29:56,14033.9,K1VUT,32,10,DP5G
19:29:56,14034.4,KG9X,39,4,W2NAF
19:29:56,14035.0,EA5M,37,16,DK0TE
19:29:56,14037.4,N6NT,29,14,K9LC
19:29:56,14037.4,N6NT,34,13,SE5E
19:29:56,14037.4,N6NT,34,9,DP5G
19:29:56,14037.4,N6NT,34,9,DL8LAS
19:29:56,14037.4,N6NT,33,8,N9CO
19:29:56,14037.4,N6NT,29,20,VE6WZ
19:29:56,14037.4,N6NT,30,6,VE6WZ
19:29:56,14049.4,K3ATO,32,6,K9LC
19:29:56,14049.5,K3ATO,32,5,VE6WZ
19:29:57,14026.6,W1WEF,38,35,K5TR
19:29:57,14030.5,AD4EB,37,21,WE9V
19:29:57,14030.5,AD4EB,38,29,K3PA-1
19:29:57,14032.5,KO4VW,39,10,GI4DOH
19:29:57,14033.9,K1VUT,32,9,WE9V
19:29:57,14035.2,VE3JM,37,31,WX7V/5
19:29:57,14037.3,N6NT,33,5,OK1HRA
19:29:57,14037.4,N6NT,29,20,K3PA-1
19:29:57,14037.4,N6NT,29,9,K5TR
19:29:57,14037.4,N6NT,33,32,WX7V/5
19:29:57,14037.6,N4HAI,31,21,K5TR
19:29:57,14040.3,K1DW,33,6,WX7V/5
19:29:57,14041.9,K1TR,40,22,K5TR
19:29:57,14042.5,W7JET,38,35,K5TR
19:29:57,14049.4,K3ATO,33,5,WE9V
19:29:58,14030.3,EA6BF,37,19,LB9KJ
19:29:58,14030.4,EA6BF,40,10,DF7GB
19:29:58,14030.4,AD4EB,38,25,ND7K
19:29:58,14030.4,EA6BF,39,11,OE9GHV
19:29:58,14031.2,VE3NZ,32,17,ND7K
19:29:58,14032.1,N3RD,42,10,DK9IP-1
19:29:58,14034.0,VE5UT,33,19,ND7K
19:29:58,14037.4,N6NT,33,6,MM0ZBH
19:29:58,14037.4,N6NT,33,9,VE6AO
19:29:58,14037.4,N6NT,34,6,N7VVX
19:29:58,14037.4,N6NT,34,8,DK9IP-1
19:29:58,14039.0,W7SW,26,7,AK6RI-1
19:29:58,14041.9,K1TR,40,15,ND7K
19:29:58,14049.0,ND9M,28,21,ND7K
19:29:59,14016.7,4Z5PF,28,3,UY2RA
19:29:59,14030.4,EA6BF,39,17,EI4HQ
19:29:59,14030.4,EA6BF,40,17,DK9IP
19:29:59,14030.4,EA6BF,40,16,HB9BXE
19:29:59,14030.5,AD4EB,38,16,N2EPE
19:29:59,14031.2,VE3NZ,33,5,EI4HQ
19:29:59,14032.1,N3RD,43,20,NG7M
19:29:59,14037.4,N6NT,30,20,EI4HQ
19:29:59,14037.4,N6NT,33,40,KM3T-3
19:29:59,14037.4,N6NT,33,6,DK9IP
19:29:59,14037.4,N6NT,33,23,N2EPE
19:29:59,14037.4,N6NT,34,14,NG7M
19:29:59,14040.3,K1DW,35,8,NG7M
19:29:59,14040.5,NE5A,29,8,NG7M
19:30:00,14024.5,N3OC,37,7,DM6EE
19:30:00,14030.4,EA6BF,38,19,YO2KAR
19:30:00,14030.4,EA6BF,39,14,MM9PSY
19:30:00,14030.4,EA6BF,40,28,LZ4AE
19:30:00,14030.5,EA6BF,38,25,BG7IEJ
19:30:00,14033.9,K1VUT,31,17,TI7W
19:30:00,14033.9,K1VUT,31,15,S53A
19:30:00,14035.9,N6CHU,28,13,K1RA-4
19:30:00,14036.0,N6CHU,28,24,TI7W
19:30:00,14036.8,TK0VBU,37,13,S53A
19:30:00,14037.4,N6NT,34,17,S53A
19:30:00,14040.3,K1DW,34,13,K1RA-4
19:30:00,14047.2,K6NR,25,8,ZL4YL
19:30:01,14030.4,EA6BF,37,19,OZ1BZS
19:30:01,14030.4,EA6BF,40,11,S50U
19:30:01,14030.4,EA6BF,40,26,DL8LAS-3
19:30:01,14030.4,EA6BF,41,26,BD8CS
19:30:01,14037.4,N6NT,33,11,DL8LAS-3
19:30:01,14037.9,AC5XK,35,5,DL8LAS-3
19:30:01,14040.6,NE5A,27,12,W2NNN
19:30:01,14046.3,WU6P,38,12,N7TUG
19:30:02,14027.4,N8KH,37,27,AC0C-1
19:30:02,14030.3,EA6BF,40,23,RU9CZD
19:30:02,14030.3,EA6BF,37,27,YO2CK
19:30:02,14030.4,EA6BF,40,29,IT9GSF
19:30:02,14032.5,KO4KW,37,41,AC0C-1
19:30:02,14033.8,K1VUT,30,25,IT9GSF
19:30:02,14033.9,K1VUT,31,11,K7EK
19:30:02,14035.9,N6CHU,28,35,AC0C-1
19:30:02,14036.8,K2WK,32,34,AC0C-1
19:30:02,14037.4,N6NT,33,39,KM3T-2
19:30:02,14037.4,N6NT,33,29,IT9GSF
19:30:02,14037.6,N4HAI,31,29,AC0C-1
19:30:02,14040.5,NE5A,30,13,IT9GSF
19:30:02,14043.8,K0PC,33,6,K7EK
19:30:02,14049.4,K3ATO,32,4,AC0C-1
19:30:03,14024.5,N3OC,41,8,M1GEO
19:30:03,14027.4,N8KH,36,23,AA4PA
19:30:03,14030.4,EA6BF,38,20,OZ1AAB
19:30:03,14030.4,EA6BF,39,25,DK0KK
19:30:03,14030.4,EA6BF,37,30,DL8LAS-1
19:30:03,14030.4,EA6BF,40,7,IK3STG
19:30:03,14030.4,EA6BF,40,25,S53WW
19:30:03,14033.9,K1VUT,32,8,DK0KK
19:30:03,14035.0,EA5M,37,31,DL1HWS
19:30:03,14036.8,K0VBU,36,31,AA4PA
19:30:03,14039.0,W7SW,25,37,W8WWV
19:30:04,14027.4,N8KH,37,11,KD2M
19:30:04,14030.4,EA6BF,39,6,F4GOU
19:30:04,14030.5,AD4EB,38,25,ZF9CW
19:30:04,14030.5,EA6BF,40,19,SQ5J
19:30:04,14033.0,WJ9B,35,9,KD2M
19:30:04,14033.9,K1VUT,31,21,ZF9CW
19:30:04,14037.5,N6NT,33,8,IK4VET
19:30:04,14041.9,K1TR,35,6,PA5KT-4
19:30:05,14021.0,K5SJC,32,5,KM3T-5
19:30:05,14028.9,WA3AAN,30,18,K9IMM
19:30:05,14042.9,N4BA,35,43,K9IMM
19:30:06,14021.0,K5SJC,32,23,VE6WZ-3
19:30:06,14027.4,N8KH,36,20,VE6WZ-3
19:30:06,14027.4,N8KH,37,23,K9LC
19:30:06,14030.4,AD4EB,38,12,K9LC
19:30:06,14036.0,N6CHU,29,29,WA7LNW
19:30:06,14036.8,K2WK,37,24,K9LC
19:30:06,14037.6,N4HAI,32,8,W6YX
19:30:06,14037.9,AC5XK,35,5,DL8LAS
19:30:06,14041.9,K1TR,32,8,DP5G
19:30:07,14021.0,K5SJC,32,23,VE6WZ
19:30:07,14029.0,WA3AAN,29,34,N9CO
19:30:07,14030.4,EA6BF,37,16,DK0TE
19:30:07,14030.5,AD4EB,39,15,N9CO
19:30:07,14030.5,AD4EB,39,22,W3RGA
19:30:07,14035.0,EA5M,36,13,ES2RR
19:30:07,14035.9,N6CHU,28,26,K5TR
19:30:07,14036.0,N6CHU,28,31,K3PA-1
19:30:07,14037.1,K0SN,38,23,VE6WZ
19:30:07,14047.2,K6NR,25,27,N9CO
19:30:07,14047.2,K6NR,25,23,VE6WZ
19:30:07,14047.2,K6NR,25,32,WE9V
19:30:07,14047.2,K6NR,25,34,K3PA-1
19:30:08,14032.1,N3RD,42,6,DF7GB
19:30:09,14030.3,EA6BF,41,27,R4NCU
19:30:09,14030.4,EA6BF,40,25,ES5PC
19:30:09,14031.0,K3WW,41,18,G0KTN
19:30:09,14035.0,EA5M,37,17,HB9BXE
19:30:09,14035.0,EA5M,36,5,PT2FHC
19:30:09,14036.3,IK3VUT,26,9,PT2FHC
19:30:09,14040.0,KC9IL,30,5,NG7M
19:30:09,14040.3,K1DW,34,2,N2EPE
19:30:09,14041.3,N5RZ,39,18,VE6AO
19:30:09,14046.3,WU6P,36,24,N7VVX
19:30:09,14047.1,K6NR,25,15,VE4DRK
19:30:09,14047.2,K6NR,25,15,KM3T-3
19:30:10,14030.4,EA6BF,41,32,S53A
19:30:10,14037.4,N6NT,34,9,MM9PSY
19:30:10,14041.3,N5RZ,40,19,K1RA-4
19:30:11,14030.4,EA6BF,39,29,HA8TKS
19:30:11,14035.9,N6CHU,27,15,N4HAC
19:30:11,14040.0,KC9IL,31,11,W1NT-6
19:30:11,14041.3,N5RZ,37,25,TI7W
19:30:11,14041.3,N5RZ,39,14,ZL4YL
19:30:11,14045.0,AI5IN,35,8,5Z4GO
19:30:11,14047.2,K6NR,25,10,W8WTS
19:30:12,14029.0,WA3AAN,32,14,IT9GSF
19:30:12,14029.6,KH7X,37,38,WB6BEE
19:30:12,14030.1,K0INN,29,17,WB6BEE
19:30:12,14030.4,EA6BF,38,7,DO4DXA
19:30:12,14041.3,N5RZ,38,19,W2NNN
19:30:12,14041.3,N5RZ,39,30,WB6BEE
19:30:12,14047.3,K6NR,25,16,W2NNN
19:30:12,14047.3,T6NR,25,13,N2YCH
19:30:13,14031.2,VE3NZ,31,21,AA4PA
19:30:13,14032.5,KO4VW,39,16,K7EK
19:30:13,14041.3,N5RZ,41,25,AC0C-1
19:30:13,14041.3,N5RZ,40,24,NU4F
19:30:13,14047.2,K6NR,25,20,AA4PA
19:30:14,14034.9,N7NR,33,39,KD7EFG
19:30:14,14035.9,N6CHU,28,18,W8WWV
19:30:14,14037.9,AC5XK,35,11,KD7EFG
19:30:14,14040.0,KC9IL,30,20,KD7EFG
19:30:14,14041.2,N5RZ,38,24,W8WWV
19:30:14,14041.3,N5RZ,40,24,W1NT-2
19:30:15,14030.4,EA6BF,37,21,IK7YTT
19:30:15,14031.0,K3WW,37,7,IK7YTT
19:30:15,14031.2,VE3NZ,31,15,K5EM
19:30:15,14040.3,K1DW,34,8,ZF9CW
19:30:15,14041.3,N5RZ,39,23,N6TV
19:30:15,14047.2,K6NR,25,13,N6TV
19:30:15,14047.3,K6NR,25,7,K5EM
19:30:16,14026.6,W1WEF,38,39,K9IMM
19:30:16,14030.4,EA6BF,39,31,SE5E
19:30:16,14031.0,K3WW,38,10,SE5E
19:30:16,14037.6,N4HAI,31,15,WA7LNW
19:30:16,14040.3,K1DW,33,4,W6YX
19:30:16,14041.3,N5RZ,36,27,WA7LNW
19:30:16,14047.2,K6NR,25,24,W6YX
19:30:16,14047.2,K6NR,25,23,VE6WZ-3
19:30:17,14024.0,JA8WGX,20,16,9M2CNC
19:30:17,14028.9,N8UM,37,17,K4PP
19:30:17,14030.4,EA6BF,40,14,G4ZFE
19:30:17,14030.4,EA6BF,35,11,RK3TD
19:30:17,14030.5,AD4EB,39,7,W2NAF
19:30:17,14031.0,K3WW,40,21,K4PP
19:30:17,14031.0,K3WW,39,24,K7CO
19:30:17,14036.8,K0VBU,37,25,K4PP
19:30:17,14040.3,K1DW,33,8,K7CO
19:30:17,14041.3,N5RZ,39,18,K4PP
19:30:17,14041.3,N5RZ,39,20,W3RGA
19:30:17,14047.3,K6NR,25,30,K7CO
19:30:18,14028.9,N8UM,38,18,K3PA-1
19:30:18,14028.9,N8UM,38,15,DF7GB
19:30:18,14028.9,N8UM,38,8,DL1HWS-3
19:30:18,14033.8,K1VUT,32,8,OK1HRA
19:30:18,14035.0,EA5M,36,35,DL1HWS-3
19:30:18,14035.2,VE3JM,38,30,K5TR
19:30:18,14039.2,K7RL,38,41,WE9V
19:30:18,14041.3,N5RZ,39,20,K5TR
19:30:19,14026.6,W1WEF,38,21,ND7K
19:30:19,14028.9,N8UM,38,10,VE6AO
19:30:19,14028.9,N8UM,38,17,EI4HQ
19:30:19,14028.9,N8UM,38,10,HB9BXE
19:30:19,14030.4,EA6BF,39,23,DK9IP-1
19:30:19,14030.4,EA6BF,40,20,MM0ZBH
19:30:19,14033.9,K1VUT,32,4,EI4HQ
19:30:19,14040.3,K1DW,33,6,ND7K
19:30:19,14047.2,K6NR,26,13,ND7K
19:30:20,14024.0,JA8WGX,21,7,JA1CCA
19:30:20,14028.0,K9UIY,32,13,KM3T-3
19:30:20,14028.9,N8UM,38,13,G4KCM
19:30:20,14028.9,N8UM,37,24,DM6EE
19:30:20,14031.0,K3WW,41,11,G4KCM
19:30:20,14037.1,K0SN,38,14,N2EPE
19:30:20,14041.3,N5RZ,40,13,N2EPE
19:30:20,14042.9,N4BA,36,4,G4KCM
19:30:21,14028.9,N8UM,37,23,TI7W
19:30:21,14031.0,K3WW,39,26,TI7W
19:30:21,14037.6,N4HAI,31,6,S53A
19:30:21,14047.2,K6NR,25,10,TI7W
19:30:22,14028.0,K9UIY,32,14,WC2L
19:30:22,14028.0,K9UIY,31,12,N2YCH
19:30:22,14028.9,N8UM,38,14,WC2L
19:30:22,14028.9,N8UM,37,13,DL1HWS-4
19:30:22,14035.2,VE3JM,38,16,WB6BEE
19:30:22,14037.1,K9CW,28,14,KM3T-2
19:30:22,14038.8,DL1VDL,32,20,BD8CS
19:30:23,14028.9,N8UM,38,18,K7EK
19:30:23,14028.9,N8UM,38,8,PE5TT
19:30:23,14028.9,N8UM,38,20,DL1HWS
19:30:23,14035.6,VE3KIU,28,8,AC0C-1
19:30:23,14038.5,W4SPR,33,13,NU4F
19:30:24,14028.9,N8UM,38,15,S53WW
19:30:24,14028.9,N8UM,39,14,PA5KT-4
19:30:24,14029.0,N8UM,37,21,IK4VET
19:30:24,14030.4,EA6BF,38,8,HB9EMP
19:30:24,14033.9,K1VUT,31,13,PA5KT-4
19:30:24,14045.0,AI5IN,35,9,M1GEO
19:30:25,14028.0,K9UIY,30,3,VE7CC
19:30:25,14028.0,K9UIY,30,3,VE7CC
19:30:25,14028.9,N8UM,38,11,PI4CC
19:30:25,14028.9,N8UM,38,12,IK7YTT
19:30:25,14028.9,N8UM,36,19,ZF9CW
19:30:25,14030.5,AD4EB,38,16,W1NT-2
19:30:25,14037.4,N6NT,33,49,ZF9CW
19:30:25,14037.6,N4HAI,31,21,W1NT-2
19:30:25,14038.8,DL1VDL,31,20,ZF9CW
19:30:25,14043.2,K5UV,37,23,ZF9CW
19:30:26,14028.9,N8UM,37,33,K9IMM
19:30:26,14030.4,EA6BF,39,22,DP5G
19:30:26,14035.5,VE3KIU,28,15,K9IMM
19:30:26,14037.1,K9CW,28,25,KM3T-5
19:30:26,14038.8,DL1VDL,32,10,DM5GG
19:30:26,14043.2,K5UV,37,24,K9IMM
19:30:27,14028.9,N8UM,37,16,WA7LNW
19:30:27,14028.9,N8UM,38,10,K9LC
19:30:27,14028.9,N8UM,38,8,VE6WZ-3
19:30:27,14028.9,N8UM,37,17,EA2RCF-4
19:30:27,14028.9,N8UM,37,30,N9CO
19:30:27,14028.9,N8UM,38,8,VE6WZ
19:30:27,14030.4,EA6BF,41,9,N9CO
19:30:27,14030.5,AD4EB,38,12,W6YX
19:30:27,14031.0,K3WW,36,32,VE6WZ-3
19:30:27,14031.0,K3WW,36,32,VE6WZ
19:30:27,14035.5,VE3KIU,29,18,N9CO
19:30:27,14037.4,N6NT,33,5,G4ZFE
19:30:27,14037.5,N4HAI,31,19,VE6WZ-3
19:30:27,14037.5,N4HAI,31,19,VE6WZ
19:30:27,14041.3,N5RZ,39,34,W6YX
19:30:27,14041.3,N5RZ,40,31,K6FOD
19:30:27,14041.3,N5RZ,37,16,K7CO
19:30:27,14043.2,K5UV,37,18,W6YX
19:30:28,14026.3,WG3J,34,6,AK6RI-1
19:30:28,14028.8,N8UM,36,17,OK1HRA
19:30:28,14035.5,VE3KIU,29,9,K5TR
19:30:28,14035.6,VE3KIU,28,7,WX7V/5
19:30:28,14035.6,VE3KIU,28,17,K3PA-1
19:30:28,14036.3,W7PEZ,32,22,K5TR
19:30:28,14037.4,N6NT,34,9,GI4DOH
19:30:28,14041.3,N5RZ,38,24,K3PA-1
19:30:28,14041.3,N5RZ,40,18,AK6RI-1
19:30:28,14043.2,K5UV,37,18,WE9V
19:30:29,14024.3,N3OC,40,11,VE4DRK
19:30:29,14028.9,N8UM,37,12,DK9IP-1
19:30:30,14026.6,W1WEF,38,13,NG7M
19:30:30,14030.4,EA6BF,39,12,HG8A
19:30:30,14043.2,K5UV,37,13,K1RA-4
19:30:31,14028.9,N8UM,37,33,S53A
19:30:31,14031.4,HA7I,34,6,S50U
19:30:32,14037.4,N6NT,34,16,5Z4GO
19:30:32,14041.3,N5RZ,39,15,N4HAC
19:30:32,14043.3,K5UV,37,17,TI7W
19:30:33,14026.6,W1WEF,38,8,DL1HWS-4
19:30:33,14026.6,W1WEF,37,6,DL8LAS-1
19:30:33,14033.0,WJ9B,36,4,K7EK
19:30:33,14034.3,DL6KVA,33,31,BD8CS
19:30:33,14034.3,DL6KVA,33,32,RU9CZD
19:30:33,14034.3,DL6KVA,31,16,IT9GSF
19:30:33,14034.3,DL6KVA,31,11,DL8LAS-1
19:30:33,14037.1,K0SN,38,24,AA4PA
19:30:33,14049.0,SO9PC,21,16,RU9CZD
19:30:34,14028.9,N8UM,37,13,AC0C-1
19:30:34,14028.9,N8UM,37,6,NU4F
19:30:34,14042.5,W7JET,39,6,KD2M
19:30:35,14022.1,EA2CAR,26,25,SQ5J
19:30:35,14026.3,WG3J,40,14,WT8P
19:30:35,14026.6,W1WEF,38,6,PI4CC
19:30:35,14037.1,K0SN,36,26,W1NT-2
19:30:35,14040.6,NE5A,29,7,K5EM
19:30:36,14031.0,K3WW,39,16,N6TV
19:30:36,14034.3,DL6KVA,32,19,BI4MPH
19:30:36,14037.1,K0SN,36,21,N6TV
19:30:36,14042.6,W7JET,37,34,ZF9CW
19:30:37,14026.6,W1WEF,37,6,DL8LAS
19:30:37,14028.9,N8UM,35,15,DL8LAS
19:30:37,14028.9,N8UM,36,17,G4ZFE
19:30:37,14034.3,DL6KVA,31,11,DL8LAS
19:30:37,14037.1,K0SN,38,12,K4PP
19:30:37,14038.5,K1SM,31,14,DL8LAS
19:30:38,14026.4,WG3J,38,18,VE6WZ
19:30:38,14028.0,K9UIY,31,28,K7CO
19:30:38,14029.0,WA3AAN,31,15,WE9V
19:30:38,14034.3,DL6KVA,31,13,W3RGA
19:30:38,14036.8,K0VBU,37,24,W3RGA
19:30:38,14037.0,K0SN,36,24,VE6WZ-3
19:30:38,14037.0,K0SN,36,24,VE6WZ
19:30:38,14037.1,K0SN,38,12,W3RGA
19:30:38,14037.1,K0SN,37,24,K6FOD
19:30:39,14026.4,N1DC,31,23,K5TR
19:30:39,14028.9,N8UM,38,18,OE9GHV
19:30:39,14037.1,K0SN,37,34,K3PA-1
19:30:39,14037.1,K0SN,36,30,WX7V/5
19:30:39,14038.5,K1SM,33,26,K3PA-1
19:30:39,14041.3,N5RZ,39,38,ND7K
19:30:39,14042.9,N4BA,35,4,DK9IP
19:30:39,14057.0,KE0TL,15,20,ND7K
19:30:40,14032.0,N3RD,42,13,VE4DRK
19:30:40,14034.3,DL6KVA,33,13,DR4W
19:30:40,14034.3,DL6KVA,32,37,R4NCU
19:30:40,14037.1,K0SN,37,31,VE6AO
19:30:40,14037.1,K0SN,36,15,KM3T-3
19:30:41,14034.3,DL6KVA,32,11,K1RA-4
19:30:41,14034.4,DL6KVA,31,30,BG7IEJ
19:30:41,14037.1,K0SN,36,26,NG7M
19:30:41,14037.1,K0SN,36,24,K1RA-4
19:30:41,14037.1,K0SN,35,19,KC4YVA
19:30:42,14028.9,N8UM,35,15,DL8LAS-3
19:30:42,14034.3,DL6KVA,31,29,ZL4YL
19:30:42,14036.8,K0VBU,37,19,WC2L
19:30:42,14037.1,K0SN,36,9,JJ2VLY
19:30:42,14037.1,K0SN,38,18,WC2L
19:30:42,14040.5,NE5A,30,20,TI7W
19:30:43,14034.3,DL6KVA,32,17,N4HAC
19:30:43,14036.8,K0VBU,38,23,N2YCH
19:30:43,14037.1,K0SN,38,17,N4HAC
19:30:43,14037.1,K0SN,36,18,W2NNN
19:30:43,14037.1,K0SN,37,28,WB6BEE
19:30:43,14038.5,K1SM,31,14,DL8LAS-1
19:30:44,14028.9,N8UM,36,20,KD7EFG
19:30:44,14035.6,VE3KIU,29,25,KD7EFG
19:30:44,14036.8,K0VBU,38,33,AC0C-1
19:30:44,14041.3,N5RZ,39,24,AA4PA
19:30:44,14045.0,AI5IN,37,13,DL1HWS
19:30:44,14056.0,N1BS,24,12,AA4PA
19:30:45,14036.7,K0VBU,37,37,W8WWV
19:30:45,14036.8,K0VBU,38,24,W1NT-2
19:30:45,14037.0,K0SN,37,30,W8WWV
19:30:46,14035.5,K3ATO,31,34,ZF9CW
19:30:46,14036.8,K0VBU,36,35,ZF9CW
19:30:46,14041.3,N5RZ,40,39,ZF9CW
19:30:47,14024.0,JA8WGX,20,11,BI4MPH
19:30:47,14035.2,VE3JM,31,21,DL8LAS
19:30:47,14035.5,K3ATO,33,23,K9IMM
19:30:47,14043.5,NK2Y,29,5,DP5G
19:30:48,14021.0,K5SJC,33,7,VE6WZ
19:30:48,14034.2,DL6KVA,32,10,OK1HRA
19:30:48,14035.5,K3ATO,31,10,K9LC
19:30:48,14035.5,K3ATO,31,11,K4PP
19:30:48,14035.5,K3ATO,32,19,VE6WZ-3
19:30:48,14035.5,K3ATO,32,19,VE6WZ
19:30:48,14035.6,VE3KIU,28,16,WA7LNW
19:30:48,14036.8,K0VBU,36,13,W6YX
19:30:48,14041.3,N5RZ,38,42,N9CO
19:30:48,14041.3,N5RZ,40,13,VE6WZ
19:30:49,14034.9,N7NR,34,40,WX7V/5
19:30:49,14035.5,K3ATO,31,6,WE9V
19:30:49,14041.3,N5RZ,40,10,W2MV
19:30:49,14052.5,W4LOO,24,17,K5TR
19:30:50,14016.7,4Z5PF,27,8,HB9BXE
19:30:50,14034.3,DL6KVA,32,6,PT2FHC
19:30:50,14034.3,DL6KVA,32,8,OK1FCJ
19:30:51,14049.0,SO9PC,21,32,R4NCU
19:30:52,14017.7,OE6JTD,21,3,EA5WU
19:30:52,14035.2,VE3JM,31,21,DL8LAS-3
19:30:52,14036.8,K0VBU,34,15,W8WTS
19:30:52,14037.6,N4HAI,31,13,W1NT-6
19:30:52,14041.3,N5RZ,38,15,KC4YVA
19:30:53,14034.3,DL6KVA,30,12,TI7W
19:30:53,14035.5,K3ATO,32,38,TI7W
19:30:53,14035.9,N6CHU,28,11,KM3T-2
19:30:53,14037.6,N4HAI,31,14,TI7W
19:30:53,14052.6,W4LOO,25,7,N2YCH
19:30:54,14024.9,W8FJ,44,20,IT9GSF
19:30:54,14029.6,KH7X,38,8,NU4F
19:30:54,14033.9,K1VUT,32,9,DL8LAS-1
19:30:54,14035.5,K3ATO,32,24,NU4F
19:30:54,14036.2,IK3VUT,26,11,RU9CZD
19:30:54,14049.0,SO9PC,21,9,IT9GSF
19:30:54,14055.1,WA2VJL,15,8,AC0C-1
19:30:55,14035.5,K3ATO,32,10,KD2M
19:30:55,14037.1,K0SN,37,48,KD7EFG
19:30:55,14041.3,N5RZ,40,39,KD7EFG
19:30:55,14043.2,K5UV,37,15,W8WWV
19:30:55,14044.6,WT9M,38,11,WT8P
19:30:56,14025.3,TK4TZ,41,11,KM3T-5
19:30:56,14043.2,K5UV,37,10,W1NT-2
19:30:57,14030.4,EA6BF,39,21,DK3WW
19:30:57,14030.4,EA6BF,38,9,RK3TD-2
19:30:57,14033.9,K1VUT,32,9,DL8LAS
19:30:57,14056.0,N1BS,24,12,K9IMM
19:30:58,14030.4,EA6BF,39,29,HA2NA
19:30:58,14032.1,N3RD,35,34,WA7LNW
19:30:58,14034.4,KG9X,39,23,WA7LNW
19:30:58,14034.4,KG9X,35,13,W6YX
19:30:58,14043.2,K5UV,37,28,N9CO
19:30:58,14052.5,W4LOO,25,3,K9LC
19:30:58,14055.1,WA2VJL,15,20,WA7LNW
19:30:58,14055.1,WA2VJL,15,10,W6YX
19:30:58,14055.1,WA2VJL,15,12,W3RGA
19:30:58,14056.0,N1BS,24,20,N9CO
19:30:59,14031.0,K3WW,40,14,OE9GHV
19:30:59,14032.1,N3RD,25,36,WE9V
19:30:59,14033.8,K1VUT,32,7,OE9GHV
19:30:59,14033.9,K1VUT,32,9,DK9IP-1
19:30:59,14035.5,K3ATO,32,10,WX7V/5
19:30:59,14037.1,K0SN,38,10,AK6RI-1
19:30:59,14037.6,N4HAI,31,21,WX7V/5
19:30:59,14037.9,AC5XK,36,19,WX7V/5
19:30:59,14052.5,W4LOO,24,10,K6FOD
19:30:59,14055.1,WA2VJL,15,8,K3PA-1
19:30:59,14056.0,N1BS,24,15,WE9V
19:30:59,14066.5,WJ0L,21,7,K3PA-1
19:31:00,14033.9,K1VUT,32,4,G0KTN
19:31:00,14034.4,KG9X,39,14,ND7K
19:31:00,14044.6,WT9U,40,9,VE6AO
19:31:01,14034.4,KG9X,38,23,KM3T-3
19:31:01,14038.5,K1SM,32,12,DM6EE
19:31:01,14055.1,WA2VJL,15,11,K1RA-4
19:31:02,14030.4,EA6BF,40,29,LZ4AE
19:31:02,14030.4,EA6BF,39,7,JJ2VLY
19:31:02,14034.4,KG9X,40,17,KC4YVA
19:31:03,14030.4,EA6TIF,39,30,ZL4YL
19:31:03,14034.4,KG9X,38,20,KM3T-2
19:31:04,14017.7,OE6JTD,21,13,RU9CZD
19:31:04,14033.9,K1VUT,31,6,DL1HWS
19:31:04,14034.4,KG9X,39,20,AA4PA
19:31:05,14032.2,N3RD,43,16,KD2M
19:31:05,14032.5,KO4VW,39,42,AC0C-1
19:31:05,14033.9,K1VUT,32,5,PI4CC
19:31:05,14035.5,KT5V,31,34,AC0C-1
19:31:05,14035.5,KT5V,31,9,W8WWV
19:31:07,14028.9,N8UM,38,18,DK3WW
19:31:07,14028.9,N8UM,37,10,DK0TE
19:31:07,14038.6,K1SM,32,10,G4ZFE
19:31:07,14056.0,N1BS,23,16,ZF9CW
19:31:08,14017.7,OE6JTD,21,23,RK3TD-2
19:31:08,14028.9,N8UM,38,10,GI4DOH
19:31:08,14030.4,EA6BF,40,7,BI4MPH
19:31:08,14035.5,KT5V,31,25,N6TV
19:31:08,14058.0,W7BTR,20,9,K9IMM
19:31:09,14029.2,W2RQ,35,40,WE9V
19:31:09,14032.7,N4BP,30,13,W2MV
19:31:09,14033.8,K1VUT,31,17,N9CO
19:31:09,14034.4,KG9X,38,31,WE9V
19:31:09,14035.5,KT5V,31,8,K6FOD
19:31:09,14035.9,N6CHU,28,21,N9CO
19:31:10,14024.5,N3OC,39,12,G0KTN
19:31:10,14026.3,WG3J,37,20,VE6AO
19:31:10,14028.9,N8UM,37,11,DK9IP
19:31:10,14028.9,N8UM,37,18,G0KTN
19:31:10,14030.4,EA6BF,39,9,OK1FCJ
19:31:10,14036.0,N6CHU,28,23,WX7V/5
19:31:11,14028.9,N8UM,38,14,DR4W
19:31:11,14028.9,N8UM,38,26,MM9PSY
19:31:11,14029.3,W2RQ,39,10,ON6ZQ
19:31:11,14033.8,K1VUT,32,12,DR4W
19:31:11,14043.2,K5UV,37,15,NG7M
19:31:12,14017.8,OE6JTD,21,18,BG7IEJ
19:31:12,14034.4,DL6KVA,34,11,DL8LAS-3
19:31:12,14037.4,N6NT,34,4,K1RA-4
19:31:13,14034.4,KG9X,39,29,WC2L
19:31:13,14034.4,KG9X,34,23,W1NT-6
19:31:13,14035.5,KT5V,31,5,W1NT-6
19:31:13,14037.1,K0SN,36,16,W1NT-6
19:31:14,14012.2,G3ZXZ,20,41,IT9GSF
19:31:14,14017.7,OE6JTD,21,20,BD8CS
19:31:14,14047.2,K6NR,25,12,KM3T-2
19:31:15,14040.8,W1TO,36,14,NU4F
19:31:15,14040.8,W1TO,37,25,AA4PA
19:31:15,14040.8,W1TO,37,27,AC0C-1
19:31:15,14040.8,W1TO,35,13,PI4CC
19:31:15,14045.0,AI5IN,37,7,PI4CC
19:31:15,14052.5,W4LOO,25,19,AA4PA
19:31:15,14052.5,W4LOO,24,3,VE7CC
19:31:15,14052.5,W4LOO,24,3,VE7CC
19:31:16,14032.5,KO4VW,38,16,W8WWV
19:31:16,14035.5,KT5V,30,9,W1NT-2
19:31:16,14035.9,N6CHU,28,13,W1NT-2
19:31:16,14043.3,K5UV,38,20,K5EM
19:31:17,14034.4,KG9X,37,21,KM3T-5
19:31:17,14036.8,K0VBU,35,15,KM3T-5
19:31:17,14047.2,K6NR,25,13,KM3T-5
19:31:18,14017.7,OE6JTD,21,26,RK3TD
19:31:18,14019.0,DL8RJ,20,22,RK3TD-2
19:31:18,14030.4,AD4EB,39,17,K9IMM
19:31:18,14034.3,DL6KVA,34,8,BH4XDZ
19:31:18,14035.0,EA5M,38,28,RK3TD
19:31:18,14035.2,VE3JM,29,35,ZF9CW
19:31:18,14040.8,W1TO,38,29,K9IMM
19:31:19,14029.0,WA3AAN,29,12,W6YX
19:31:19,14035.0,EA5M,37,12,OE9GHV
19:31:19,14037.1,K0SN,35,30,W6YX
19:31:19,14037.1,K0SN,38,28,N9CO
19:31:19,14037.4,N6NT,33,6,W2MV
19:31:19,14040.8,W1TO,37,16,K9LC
19:31:19,14040.8,W1TO,37,12,W6YX
19:31:19,14040.8,W1TO,37,17,VE6WZ
19:31:19,14040.8,W1TO,36,22,WA7LNW
19:31:19,14040.8,W1TO,37,17,VE6WZ-3
19:31:19,14040.8,W1TO,37,40,N9CO
19:31:19,14040.8,W1TO,36,20,K7CO
19:31:19,14066.5,WJ0L,21,7,N9CO
19:31:20,14021.0,K5SJC,31,4,N2EPE
19:31:20,14024.5,N3OC,40,7,G4KCM
19:31:20,14029.6,KH7X,38,11,N2EPE
19:31:20,14031.0,K3WW,38,18,DK9IP
19:31:20,14037.1,K0SN,36,30,N7VVX
19:31:20,14039.3,K7RL,39,25,WX7V/5
19:31:20,14040.8,W1TO,36,21,K3PA-1
19:31:20,14040.8,W1TO,38,35,WE9V
19:31:20,14040.8,W1TO,36,22,WX7V/5
19:31:20,14042.9,N4BA,34,25,K5TR
19:31:21,14023.6,F6HKA,32,4,HG8A
19:31:21,14028.9,WA3AAN,31,19,ND7K
19:31:21,14035.5,KT5V,31,12,VE6AO
19:31:21,14040.8,W1TO,37,17,ND7K
19:31:21,14043.2,K5UV,37,15,ND7K
19:31:22,14026.3,WG3J,37,9,5Z4GO
19:31:22,14034.3,DL6KVA,34,14,BI7JMD
19:31:22,14040.8,W1TO,37,19,S53A
19:31:22,14040.8,W1TO,36,10,NG7M
19:31:23,14033.9,K1VUT,32,5,DO4DXA
19:31:23,14037.1,K0SN,38,18,TI7W
19:31:23,14040.8,W1TO,37,31,TI7W
19:31:24,14019.0,DL8RJ,20,4,W1NT-6
19:31:24,14021.0,K5SJC,32,5,KM3T-2
19:31:24,14021.1,K5SJC,33,10,N2YCH
19:31:24,14026.0,WS7L,34,10,ZL4YL
19:31:24,14027.4,N8KH,37,14,KM3T-2
19:31:24,14035.0,EA5M,36,35,DL8LAS-1
19:31:24,14035.9,N6CHU,28,21,WB6BEE
19:31:24,14036.8,K0VBU,33,22,N2YCH
19:31:24,14041.3,N5RZ,37,23,W1NT-6
19:31:25,14034.9,K2WK,35,8,NU4F
19:31:25,14047.2,K6NR,25,6,NU4F
19:31:27,14027.7,K5OHY,29,25,W1NT-2
19:31:27,14034.3,DL6KVA,32,25,W1NT-2
19:31:27,14035.5,K3ATO,32,9,DP5G
19:31:27,14036.0,N6CHU,27,12,K5EM
19:31:27,14037.1,K0SN,37,14,KM3T-5
19:31:28,14026.6,W1WEF,37,23,ZF9CW
19:31:28,14035.0,EA5M,36,35,DL8LAS
19:31:29,14027.4,N8KH,37,25,WA7LNW
19:31:29,14027.6,K5OHY,28,16,W3RGA
19:31:29,14027.7,K5OHY,28,13,W6YX
19:31:29,14027.7,K5OHY,28,25,WA7LNW
19:31:29,14029.2,W2RQ,37,13,OK1HRA
19:31:29,14030.4,AD4EB,37,12,VE6WZ
19:31:29,14031.9,NE2V,37,12,W6YX
19:31:30,14026.6,W1WEF,38,32,WE9V
19:31:30,14027.6,K5OHY,28,39,N9CO
19:31:30,14027.7,K5OHY,28,25,K3PA-1
19:31:30,14027.7,K5OHY,28,29,WE9V
19:31:30,14030.4,AD4EB,37,12,VE6WZ-3
19:31:30,14033.8,K1VUT,32,5,DK9IP
19:31:30,14040.5,NE5A,31,6,AK6RI-1
19:31:31,14023.5,F6HKA,31,16,K5TR
19:31:31,14023.5,F6HKA,31,32,ES5PC
19:31:31,14026.6,W1WEF,38,18,VE6AO
19:31:31,14040.8,W1TO,31,33,K5TR
19:31:32,14023.5,F6HKA,31,16,KM3T-3
19:31:32,14032.7,N4BP,31,13,S53A
19:31:32,14038.1,IK3VUT,26,16,KM3T-3
19:31:33,14028.9,N8UM,38,13,5Z4GO
19:31:33,14030.4,EA6BF,40,14,5Z4GO
19:31:33,14031.1,K3WW,39,21,DL8LAS-3
19:31:33,14038.1,IK3VUT,26,19,LZ3CB
19:31:33,14038.2,IK3VUT,26,13,BG7IEJ
19:31:33,14040.5,NE5A,30,3,W8WTS
19:31:33,14040.5,NE5A,30,14,KC4YVA
19:31:34,14017.7,OE6JTD,21,7,IT9GSF
19:31:34,14023.5,F6HKA,31,23,TI7W
19:31:34,14030.4,EA6BF,38,10,W1NT-6
19:31:34,14034.3,DL6KVA,34,17,WB6BEE
19:31:34,14037.6,N4HAI,31,16,KM3T-2
19:31:34,14038.1,IK3VUT,26,19,TI7W
19:31:34,14045.0,AI5IN,38,26,WB6BEE
19:31:35,14024.0,JA8WGX,21,18,ZL4YL
19:31:35,14028.9,N8UM,38,15,AA4PA
19:31:35,14034.5,KG9X,39,29,W2NNN
19:31:35,14043.2,K5UV,37,14,AA4PA
19:31:35,14045.0,AI5IN,37,16,ZL4YL
19:31:35,14045.1,AI5IN,37,16,IK4VET
19:31:36,14030.5,AD4EB,39,22,KD7EFG
19:31:36,14040.5,NE5A,30,22,KD7EFG
19:31:36,14042.9,N4BA,35,4,WT8P
19:31:36,14045.0,AI5IN,38,40,W8WWV
19:31:36,14055.1,WA2VJL,15,11,W8WWV
19:31:37,14017.7,OE6JTD,21,5,W1NT-2
19:31:37,14023.5,F6HKA,31,21,W1NT-2
19:31:37,14023.5,F6HKA,31,16,KM3T-5
19:31:37,14028.9,N8UM,37,9,W1NT-2
19:31:37,14030.4,EA6BF,39,33,W1NT-2
19:31:37,14031.1,K3WW,37,14,K5EM
19:31:37,14037.6,N4HAI,31,18,KM3T-5
19:31:37,14038.1,IK3VUT,26,21,W1NT-2
19:31:37,14038.1,IK3VUT,26,16,KM3T-5
19:31:37,14055.2,WA2VJL,15,12,K5EM
19:31:38,14023.5,F6HKA,31,27,ES2RR
19:31:38,14028.9,N8UM,37,16,SE5E
19:31:38,14031.1,K3WW,39,21,DL8LAS
19:31:38,14034.3,DL6KVA,33,10,ES2RR
19:31:38,14035.1,EA5M,29,7,OH8KA
19:31:38,14038.1,IK3VUT,26,27,RK3TD
19:31:38,14038.1,IK3VUT,26,25,RK3TD-2
19:31:39,14023.5,F6HKA,31,24,ZF9CW
19:31:39,14023.5,F6HKA,31,24,OH6BG
19:31:39,14023.5,F6HKA,31,28,W3RGA
19:31:39,14029.6,KH7X,40,23,ZF9CW
19:31:39,14029.6,KH7X,36,28,W3RGA
19:31:39,14033.0,WJ9B,32,35,K9IMM
19:31:39,14034.3,DL6KVA,34,5,DL1HWS-3
19:31:39,14045.0,AI5IN,34,27,K9IMM
19:31:39,14045.0,AI5IN,38,17,K9LC
19:31:40,14023.5,F6HKA,31,24,N9CO
19:31:40,14024.5,N3OC,39,15,VE6WZ
19:31:40,14029.6,KH7X,41,29,VE6WZ
19:31:40,14029.6,KH7X,41,29,VE6WZ-3
19:31:40,14029.6,KH7X,40,20,N7VVX
19:31:40,14042.9,N4BA,36,5,N7VVX
19:31:40,14058.0,W7BTR,20,15,WA7LNW
19:31:41,14009.5,OK2MDI,23,10,IK7YTT
19:31:41,14023.5,F6HKA,31,14,N2EPE
19:31:41,14028.9,N8UM,38,9,WE9V
19:31:41,14028.9,N8UM,38,8,MM0ZBH
19:31:41,14038.1,IK3VUT,26,10,PT2FHC
19:31:41,14045.0,AI5IN,36,20,N2EPE
19:31:41,14055.1,WA2VJL,15,11,WX7V/5
19:31:43,14038.1,IK3VUT,25,8,EA5WU
19:31:43,14040.3,K1DW,33,4,N4HAC
19:31:43,14045.0,AI5IN,38,15,W8WTS
19:31:43,14045.0,AI5IN,38,11,KC4YVA
19:31:43,14055.1,WA2VJL,15,9,N4HAC
19:31:44,14019.8,K3SRO,25,6,DK0KK
19:31:44,14033.0,WJ9B,35,18,TI7W
19:31:44,14038.1,IK3VUT,26,23,W1NT-6
19:31:44,14038.1,IK3VUT,26,16,BD8CS
19:31:44,14041.3,N5RZ,39,9,WC2L
19:31:45,14030.5,AD4EB,39,19,W2NNN
19:31:45,14038.1,IK3VUT,27,17,KM3T-2
19:31:45,14038.1,IK3VUT,26,12,IT9GSF
19:31:46,14030.1,K0INN,29,41,AC0C-1
19:31:46,14043.2,K5UV,37,17,KD7EFG
19:31:47,14019.0,DL8RJ,20,4,W1NT-2
19:31:47,14028.0,K9UIY,34,20,K5EM
19:31:47,14034.4,KG9X,36,26,W1NT-2
19:31:49,14035.2,VE3JM,38,45,K9IMM
19:31:49,14048.0,WC1D,23,6,K9IMM
19:31:50,14035.5,K3ATO,37,15,K7CO
19:31:50,14035.5,K3ATO,37,10,VE6WZ
19:31:50,14043.2,K5UV,37,20,WA7LNW
19:31:50,14056.0,N1BS,24,4,WA7LNW
19:31:51,14023.5,F6HKA,32,13,IK7YTT
19:31:51,14035.5,K3ATO,36,7,N7VVX
19:31:51,14041.5,K0RX,33,22,WX7V/5
19:31:51,14048.0,WC1D,23,3,WE9V
19:31:52,14035.5,K3ATO,36,10,K5TR
19:31:53,14023.5,F6HKA,32,16,KC4YVA
19:31:53,14029.3,M2RQ,44,9,NG7M
19:31:53,14030.4,AD4EB,37,15,NG7M
19:31:53,14045.0,AI5IN,38,22,K1RA-4
19:31:54,14023.6,F6HKA,32,10,BG7IEJ
19:31:54,14035.0,EA5M,36,10,OZ1AAB
19:31:54,14035.5,K3ATO,36,15,DK0KK
19:31:54,14045.0,AI5IN,39,19,N4HAC
19:31:54,14045.0,AI5IN,38,9,KH6LC
19:31:55,14023.5,F6HKA,32,19,W1NT-6
19:31:55,14023.5,F6HKA,32,28,IT9GSF
19:31:55,14023.5,F6HKA,32,14,BD8CS
19:31:55,14023.6,F6HKA,32,20,W2NNN
19:31:55,14034.5,KG9X,39,24,N2YCH
19:31:55,14038.2,IK3VUT,26,8,W2NNN
19:31:55,14045.0,AI5IN,39,32,W1NT-6
19:31:56,14024.9,W8FJ,38,26,AC0C-1
19:31:56,14027.6,K5OHY,29,26,AC0C-1
19:31:56,14029.2,W2RQ,42,12,PA5KT-4
19:31:56,14036.8,K0VBU,35,29,KD7EFG
19:31:56,14038.2,K0TM,35,15,AA4PA
19:31:56,14040.8,W1TO,32,34,KD7EFG
19:31:56,14045.0,AI5IN,37,29,AA4PA
19:31:56,14045.0,AI5IN,37,33,AC0C-1
19:31:57,14023.5,F6HKA,32,25,W8WWV
19:31:58,14030.4,AD4EB,38,11,KM3T-5
19:31:58,14035.0,EA5M,37,20,W1NT-2
19:31:59,14029.6,KH7X,39,10,N6TV
19:31:59,14034.3,DL6KVA,34,10,BD7JNA
19:31:59,14035.9,N6CHU,27,9,W3RGA
19:31:59,14040.3,K1DW,33,5,W3RGA
19:31:59,14041.5,K0RX,35,8,N6TV
19:31:59,14045.0,AI5IN,37,26,K4PP
19:32:00,14031.0,K3WW,40,29,K9LC
19:32:00,14033.3,KR2Q,37,24,W6YX
19:32:00,14034.3,DL6KVA,34,11,OH6BG
19:32:00,14034.4,KG9X,38,13,K6FOD
19:32:00,14034.7,N5TOO,36,32,K9IMM
19:32:01,14012.2,G3ZXZ,20,22,N9CO
19:32:01,14029.6,KH7X,37,30,K7CO
19:32:01,14033.2,KR2Q,36,21,VE6WZ
19:32:01,14033.2,KR2Q,36,21,VE6WZ-3
19:32:01,14033.3,KR2Q,37,28,K7CO
19:32:01,14033.3,KR2Q,36,28,WA7LNW
19:32:01,14040.5,NE5A,31,8,VE6WZ
19:32:01,14043.1,K5UV,37,8,VE4DRK
19:32:01,14058.0,W7BTR,20,4,WE9V
19:32:02,14027.6,K5OHY,29,26,ND7K
19:32:02,14029.6,KH7X,39,19,VE6AO
19:32:02,14033.3,KR2Q,36,19,WX7V/5
19:32:02,14035.5,K3ATO,36,13,S53A
19:32:02,14048.0,WC1D,23,5,K5TR
19:32:03,14012.2,G3ZXZ,19,18,KM3T-3
19:32:03,14012.2,G3ZXZ,20,5,LZ5DI
19:32:03,14024.5,N3OC,39,5,EA5WU
19:32:03,14028.9,N8UM,38,10,EA5WU
19:32:03,14030.4,AD4EB,38,10,KM3T-3
19:32:03,14033.3,KR2Q,36,14,NG7M
19:32:03,14034.4,KG9X,39,10,NG7M
19:32:03,14035.9,N6CHU,28,12,KM3T-3
19:32:03,14041.9,K1TR,39,9,NG7M
19:32:04,14038.5,K1SM,32,8,DO4DXA
19:32:05,14012.2,G3ZXZ,19,10,N2YCH
19:32:05,14012.2,G3ZXZ,20,28,W1NT-6
19:32:05,14012.2,G3ZXZ,20,18,KM3T-2
19:32:05,14012.2,G3ZXZ,21,21,TI7W
19:32:05,14030.5,AD4EB,38,9,KM3T-2
19:32:05,14030.5,AD4EB,37,14,IT9GSF
19:32:05,14032.5,KO4VW,38,21,KM3T-2
19:32:05,14032.5,KO4VW,38,23,TI7W
19:32:05,14033.3,KR2Q,37,31,TI7W
19:32:05,14034.4,KG9X,37,8,WB6BEE
19:32:05,14034.7,N5TOO,36,18,TI7W
19:32:05,14035.5,K3ATO,36,10,DL1HWS
19:32:05,14035.5,K3ATO,36,13,IT9GSF
19:32:05,14037.6,N4HAI,31,4,IT9GSF
19:32:06,14012.2,G3ZXZ,20,14,W2NNN
19:32:06,14032.5,KO4VW,38,18,W2NNN
19:32:06,14033.3,KR2Q,36,11,NU4F
19:32:06,14035.5,K3ATO,36,5,PA5KT-4
19:32:07,14031.0,K3WW,40,28,AC0C-1
19:32:07,14032.5,KO4VW,35,35,KD7EFG
19:32:07,14034.7,N5TOO,35,37,AA4PA
19:32:07,14040.5,NE5A,30,14,WT8P
19:32:08,14009.5,OK2MDI,23,15,EA4RKC
19:32:08,14012.2,G3ZXZ,19,3,LZ7AA
19:32:08,14012.2,G3ZXZ,20,18,KM3T-5
19:32:08,14029.2,M2RQ,36,10,SE5E
19:32:08,14029.6,KH7X,40,20,W1NT-2
19:32:08,14029.7,KH7X,37,22,K5EM
19:32:08,14032.5,KO4VW,37,29,W1NT-2
19:32:08,14032.5,KO4VW,37,23,KM3T-5
19:32:08,14040.8,W1TO,32,7,DP5G
19:32:09,14012.2,G3ZXZ,20,12,LZ4UX
19:32:09,14012.2,G3ZXZ,19,20,ZF9CW
19:32:09,14032.5,KO4VW,37,34,K4PP
19:32:09,14032.5,KO4VW,37,28,ZF9CW
19:32:09,14033.0,WJ9B,35,13,K4PP
19:32:09,14034.3,DL6KVA,35,18,RK3TD-2
19:32:09,14034.4,KG9X,38,7,N6TV
19:32:09,14034.4,KG9X,38,32,ZF9CW
19:32:09,14038.5,K1SM,32,3,SM7IUN
19:32:09,14044.6,WT9U,39,21,K4PP
19:32:10,14012.2,G3ZXZ,19,13,W3RGA
19:32:10,14032.5,KO4VW,39,21,W3RGA
19:32:10,14032.5,KO4VW,36,20,W6YX
19:32:10,14033.3,KR2Q,36,41,K9IMM
19:32:10,14045.0,AI5IN,38,23,W6YX
19:32:11,14031.0,K3WW,30,17,K6FOD
19:32:11,14032.4,KO4VW,38,26,VE6WZ
19:32:11,14032.4,KO4VW,38,26,VE6WZ-3
19:32:11,14032.5,KO4VW,37,21,K7CO
19:32:11,14032.5,KO4VW,39,22,N2EPE
19:32:11,14033.0,WJ9B,34,29,K3PA-1
19:32:11,14033.0,WJ9B,35,26,WA7LNW
19:32:11,14035.2,VE3JM,36,27,K7CO
19:32:11,14035.8,N6CHU,28,12,VE4DRK
19:32:11,14040.5,NE5A,30,17,VE6WZ
19:32:11,14040.5,NE5A,30,17,VE6WZ-3
19:32:11,14045.0,AI5IN,37,21,K6FOD
19:32:11,14045.0,AI5IN,37,14,K7CO
19:32:12,14017.7,OE6JTD,20,24,R4NCU
19:32:12,14031.0,K3WW,36,27,ND7K
19:32:12,14031.0,K3WW,39,30,K5TR
19:32:12,14031.1,N1DC,33,22,K5TR
19:32:12,14032.5,KO4VW,39,34,WE9V
19:32:12,14032.5,KO4VW,38,32,ND7K
19:32:12,14032.5,KO4VW,38,17,K5TR
19:32:12,14033.0,WJ9B,35,28,K5TR
19:32:12,14034.3,DL6KVA,34,10,VU2TUM
19:32:12,14034.4,KG9X,37,25,K5TR
19:32:12,14035.2,VE3JM,37,25,WE9V
19:32:12,14035.2,VE3JM,33,28,ND7K
19:32:13,14032.5,KO4VW,38,22,KM3T-3
19:32:14,14023.5,F6HKA,33,18,K1RA-4
19:32:14,14023.5,F6HKA,32,13,LZ3CB
19:32:14,14032.5,KO4VW,38,24,NG7M
19:32:15,14023.5,F6HKA,32,21,WB6BEE
19:32:15,14029.6,KH7X,39,17,WC2L
19:32:15,14033.0,WJ9B,35,13,W1NT-6
19:32:15,14038.5,K1SM,32,3,OZ1AAB
19:32:15,14038.5,K1SM,32,0,F6KGL
19:32:15,14041.3,N5RZ,38,18,N2YCH
19:32:16,14026.4,WG3J,35,26,TI7W
19:32:16,14042.5,W7JET,36,11,IT9GSF
19:32:16,14047.2,K6NR,25,10,IT9GSF
19:32:17,14029.6,KH7X,33,50,KD7EFG
19:32:17,14033.0,WJ9B,34,17,W8WWV
19:32:17,14068.4,N9QF,24,17,AC0C-1
19:32:18,14032.5,KO4KW,40,7,W2NAF
19:32:18,14068.4,N9QF,24,5,W1NT-2
19:32:19,14023.5,F6HKA,32,11,HA2NA
19:32:21,14026.3,WG3J,38,22,K3PA-1
19:32:21,14026.6,W1WEF,38,14,OE9GHV
19:32:21,14026.6,W1WEF,37,6,EI4HQ
19:32:21,14027.4,N8KH,37,32,K9IMM
19:32:21,14031.1,N1DC,31,9,VE6WZ
19:32:21,14032.5,KO4VW,37,24,K9LC
19:32:21,14032.5,KO4VW,37,11,K6FOD
19:32:21,14033.0,WJ9B,35,23,K9LC
19:32:21,14035.0,EA5M,37,10,EI4HQ
19:32:21,14036.8,K0VBU,37,12,W6YX
19:32:21,14041.3,N5RZ,39,17,VE6WZ
19:32:21,14042.5,W7JET,38,37,K9IMM
19:32:21,14042.6,W7JET,42,38,W6YX
19:32:22,14032.5,KO4VW,38,8,WX7V/5
19:32:22,14041.3,N5RZ,39,17,VE6WZ-3
19:32:22,14042.5,W7JET,34,29,WE9V
19:32:22,14043.5,NK2Y,29,16,WA7LNW
19:32:23,14023.5,F6HKA,32,15,LZ4AE
19:32:23,14026.6,W1WEF,38,6,EA5WU
19:32:23,14032.5,KO4VW,38,18,VE6AO
19:32:23,14038.1,IK3VUT,26,26,R4NCU
19:32:23,14039.0,W4XO,29,14,S53A
19:32:23,14045.0,AI5IN,35,32,ND7K
19:32:24,14045.0,AI5IN,37,10,NG7M
19:32:25,14045.0,AI5IN,38,10,DK0KK
19:32:26,14026.7,W1WEF,38,13,IK4VET
19:32:26,14031.0,K3WW,38,20,NU4F
19:32:26,14035.0,EA5M,37,32,IT9GSF
19:32:28,14024.9,W8FJ,44,35,KD7EFG
19:32:28,14024.9,W8FJ,44,10,DP5G
19:32:28,14033.0,WJ9B,34,38,AC0C-1
19:32:28,14033.3,KR2Q,37,31,AC0C-1
19:32:28,14045.0,AI5IN,38,10,DP5G
19:32:28,14048.3,N5H,17,6,W8WWV
19:32:28,14048.3,N5HCA,17,13,AC0C-1
19:32:29,14034.3,DL6KVA,34,16,JN1ILK
19:32:29,14043.2,K5UV,38,11,KM3T-5
19:32:30,14017.7,OE6JTD,21,6,ZF9CW
19:32:30,14032.5,KO4VW,38,7,N6TV
19:32:30,14032.7,N4BP,30,8,N6TV
19:32:30,14044.9,AI5IN,37,16,OK1HRA
19:32:31,14026.4,WG3J,39,23,W6YX
19:32:31,14031.0,K3WW,40,12,EI4HQ
19:32:31,14032.5,KO4VW,37,21,W2MV
19:32:31,14032.5,KO4VW,37,13,N7VVX
19:32:31,14043.2,K5UV,38,9,AK6RI-1
19:32:31,14045.0,AI5IN,37,7,DK9IP-1
19:32:32,14030.5,AD4EB,39,16,K7CO
19:32:32,14031.0,K3WW,38,32,WA7LNW
19:32:32,14032.5,KO4VW,35,35,N9CO
19:32:32,14032.5,KO4VW,39,14,VE6WZ
19:32:32,14032.5,KO4VW,36,34,WA7LNW
19:32:32,14038.1,IK3VUT,26,7,N2EPE
19:32:32,14043.8,K0PC,31,7,K6FOD
19:32:32,14045.0,AI5IN,38,10,DR4W
19:32:32,14045.0,AI5IN,38,8,IK7YTT
19:32:33,14032.5,KO4VW,35,13,S53A
19:32:33,14037.1,K0SN,37,33,ND7K
19:32:33,14043.8,K0PC,31,7,VE6AO
19:32:34,14034.3,DL6KVA,34,8,S50U
19:32:35,14040.8,W1TO,37,6,DK0KK
19:32:36,14027.7,K5OHY,29,11,WC2L
19:32:36,14029.6,KH7X,39,14,ZL4YL
19:32:36,14029.7,KH7X,38,16,N2YCH
19:32:36,14030.1,K0INN,28,6,IT9GSF
19:32:36,14032.5,KO4VW,36,14,N2YCH
19:32:36,14032.5,KO4VW,38,20,WC2L
19:32:36,14034.3,DL6KVA,33,7,S53WW
19:32:36,14035.6,K3ATO,37,5,IK4VET
19:32:36,14036.0,N6CHU,30,17,W1NT-6
19:32:36,14043.2,K5UV,37,8,ZL4YL
19:32:37,14024.5,N3OC,37,5,WT8P
19:32:37,14026.6,W1WEF,33,11,WT8P
19:32:37,14031.0,K3WW,37,11,KD2M
19:32:37,14031.0,K3WW,34,28,AA4PA
19:32:37,14038.1,IK3VUT,27,25,RU9CZD
19:32:37,14052.6,W4LOO,24,12,W2NNN
19:32:38,14029.6,KH7X,36,32,AC0C-1
19:32:38,14031.0,K3WW,39,12,W8WWV
19:32:38,14031.0,K3WW,40,34,KD7EFG
19:32:38,14032.2,N3RD,42,9,G4ZFE
19:32:38,14033.6,K2NV,32,18,AC0C-1
19:32:38,14033.6,K2NV,31,11,G4ZFE
19:32:38,14033.6,K2NV,32,5,DK0TE
19:32:38,14034.1,VE5UO,34,31,KD7EFG
19:32:38,14045.6,K3JT,33,25,AC0C-1
19:32:38,14052.5,W4LOO,24,21,AC0C-1
19:32:39,14033.6,K2NV,31,10,EA4RKC
19:32:39,14040.9,W1TO,35,10,K5EM
19:32:39,14045.6,K3JT,31,14,K5EM
19:32:40,14033.5,K2NV,32,14,OK1HRA
19:32:40,14038.1,IK3VUT,26,13,OH6BG
19:32:40,14052.5,W4LOO,24,15,N6TV
19:32:41,14026.6,W1WEF,37,8,DK9IP-1
19:32:41,14030.4,EA6BF,39,9,G4KCM
19:32:41,14033.0,WJ9B,36,22,ZF9CW
19:32:41,14033.5,K2NV,31,16,EI4HQ
19:32:41,14033.6,K2NV,31,20,ZF9CW
19:32:41,14033.6,K2NV,31,11,OE9GHV
19:32:41,14033.6,K2NV,31,6,HB9BXE
19:32:41,14033.6,K2NV,32,20,K9IMM
19:32:41,14034.9,KK9TT,31,34,ZF9CW
19:32:41,14038.1,IK3VUT,27,14,W3RGA
19:32:41,14040.8,W1TO,31,3,OE9GHV
19:32:41,14045.6,K3JT,32,13,ZF9CW
19:32:41,14048.3,N5HCA,16,10,K9IMM
19:32:41,14052.5,W4LOO,24,13,W3RGA
19:32:42,14029.6,KH7X,38,27,W6YX
19:32:42,14033.0,WJ9B,34,48,N9CO
19:32:42,14033.5,K2NV,32,10,DR4W
19:32:42,14033.5,K2NV,32,6,VE6WZ
19:32:42,14033.6,K2NV,32,11,K7CO
19:32:42,14033.6,K2NV,32,21,K3PA-1
19:32:42,14033.6,K2NV,32,12,WA7LNW
19:32:42,14034.4,KG9X,39,27,K3PA-1
19:32:42,14039.6,W8FN,37,10,VE4DRK
19:32:42,14045.6,K3JT,33,14,W6YX
19:32:42,14045.6,K3JT,33,10,K7CO
19:32:42,14045.6,K3JT,32,22,K3PA-1
19:32:42,14045.6,K3JT,32,13,VE6WZ
19:32:42,14045.6,K3JT,32,31,VE6WZ
19:32:42,14045.6,K3JT,31,15,WA7LNW
19:32:42,14048.4,N5H,17,2,K3PA-1
19:32:42,14048.4,N5HCA,17,19,WA7LNW
19:32:42,14052.5,W4LOO,25,19,K3PA-1
19:32:43,14023.5,F6HKA,32,18,LZ4AE
19:32:43,14033.5,K2NV,32,6,VE6WZ-3
19:32:43,14033.5,K2NV,31,17,K5TR
19:32:43,14033.6,K2NV,32,7,WX7V/5
19:32:43,14033.6,K2NV,31,30,S53A
19:32:43,14034.4,KG9X,39,26,WX7V/5
19:32:43,14045.0,AI5IN,38,22,S53A
19:32:43,14045.6,K3JT,32,31,VE6WZ-3
19:32:43,14048.3,N5H,17,7,WE9V
19:32:44,14033.5,K2NV,32,9,ND7K
19:32:44,14033.6,K2NV,31,6,EA5WU
19:32:44,14039.3,K7RL,39,15,KM3T-3
19:32:44,14068.4,N9QF,24,11,ND7K
19:32:45,14024.9,W8FJ,43,8,DK0KK
19:32:45,14026.3,WG3J,40,16,NG7M
19:32:45,14033.5,K2NV,32,8,DK0KK
19:32:45,14045.6,K3JT,33,6,DL8LAS-1
19:32:46,14023.5,F6HKA,32,20,WC2L
19:32:46,14033.5,K2NV,31,25,IT9GSF
19:32:46,14033.6,K2NV,32,16,IK4VET
19:32:46,14039.3,K7RL,39,14,KM3T-2
19:32:46,14045.0,AI5IN,38,28,KM3T-2
19:32:46,14045.6,K3JT,33,13,IT9GSF
19:32:47,14033.6,K2NV,29,21,TI7W
19:32:47,14034.7,N5TOO,35,6,NU4F
19:32:47,14034.7,N5TOO,36,8,KD2M
19:32:47,14038.1,IK3VUT,26,25,ZL4YL
19:32:47,14045.0,AI5IN,38,20,TI7W
19:32:47,14045.1,AI5IN,37,20,W2NNN
19:32:47,14048.3,N5HCA,17,13,NU4F
19:32:47,14068.5,N9QF,24,6,W2NNN
19:32:48,14026.3,WG3J,38,26,AA4PA
19:32:48,14026.3,WG3J,38,22,AC0C-1
19:32:48,14028.9,WA3AAN,32,14,W8WWV
19:32:48,14034.4,KG9X,35,28,KD7EFG
19:32:48,14034.7,N5TOO,37,37,AC0C-1
19:32:49,14023.6,F6HKA,31,14,OH8KA
19:32:49,14030.4,EA6BF,39,17,EA2RCF-4
19:32:49,14030.4,EA6BF,39,18,ES2RR
19:32:49,14033.0,WJ9B,34,15,W1NT-2
19:32:49,14034.7,N5TOO,35,8,W2NAF
19:32:49,14039.2,K7RL,39,16,KM3T-5
19:32:49,14043.8,K0PC,33,6,K5EM
19:32:49,14045.6,K3JT,33,6,DL8LAS
19:32:50,14023.5,F6HKA,30,11,LZ4UX
19:32:50,14030.4,EA6BF,38,6,DL1HWS-3
19:32:50,14034.7,N5TOO,33,12,GI4DOH
19:32:51,14023.5,F6HKA,32,5,UY2RA
19:32:51,14026.3,WG3J,40,19,K4PP
19:32:51,14031.1,K1VUT,31,18,ZF9CW
19:32:51,14034.7,N5TOO,36,30,ZF9CW
19:32:51,14040.5,NE5A,30,9,N6TV
19:32:51,14043.8,K0PC,32,3,K4PP
19:32:51,14045.0,AI5IN,36,23,W3RGA
19:32:51,14045.0,AI5IN,37,37,ZF9CW
19:32:51,14045.6,K3JT,32,6,N6TV
19:32:52,14026.3,WG3J,40,29,K9LC
19:32:52,14031.0,K1VUT,32,12,DR4W
19:32:52,14031.1,K1VUT,31,4,MM0ZBH
19:32:52,14035.0,EA5M,37,35,DM6EE
19:32:52,14037.1,K0SN,37,18,K9LC
19:32:52,14045.0,AI5IN,38,10,AK6RI-1
19:32:52,14045.0,AI5IN,39,38,N9CO
19:32:52,14045.4,K3JT,32,9,VE4DRK
19:32:52,14048.3,N5HCA,18,14,N9CO
19:32:53,14023.5,F6HKA,30,21,K3PA-1
19:32:53,14024.5,N3OC,40,28,WA7LNW
19:32:53,14024.9,W8FJ,44,20,S53A
19:32:53,14026.4,WG3J,39,37,WA7LNW
19:32:53,14029.6,KH7X,38,13,VE6WZ
19:32:53,14034.7,N5TOO,35,9,VE6WZ
19:32:53,14034.7,N5TOO,35,24,WA7LNW
19:32:53,14045.0,AI5IN,38,7,VE6WZ
19:32:53,14045.6,K3JT,32,5,WX7V/5
19:32:54,14030.4,EA6BF,39,10,LZ5DI
19:32:54,14040.3,K1DW,32,3,W8WTS
19:32:54,14045.6,K3JT,32,8,VE6AO
19:32:54,14045.6,K3JT,30,7,DL8LAS-3
19:32:54,14045.6,K3JT,32,11,ND7K
19:32:56,14017.7,OE6JTD,21,2,KM3T-2
19:32:56,14042.6,W7JET,38,13,KM3T-2
19:32:56,14068.4,N9QF,24,3,N2YCH
19:32:57,14017.7,OE6JTD,21,7,W1NT-6
19:32:57,14030.1,K0INN,29,20,WC2L
19:32:57,14030.1,K0INN,28,11,TI7W
19:32:57,14040.8,W1TO,36,14,KD2M
19:32:57,14043.8,K0PC,31,12,IT9GSF
19:32:57,14044.1,AA4GA,33,13,IT9GSF
19:32:58,14017.7,OE6JED,21,19,ZL4YL
19:32:58,14036.2,W5TM,37,5,WT8P
19:32:58,14048.3,N5HCA,18,18,AA4PA
19:32:59,14024.8,W8FJ,43,22,W8WWV
19:32:59,14031.1,K1VUT,32,9,EA4RKC
19:32:59,14039.3,K7RL,39,50,KD7EFG
19:32:59,14042.6,W7JET,36,26,K5EM
19:32:59,14043.8,K0PC,32,35,KD7EFG
19:32:59,14045.0,AI5IN,38,41,KD7EFG
19:33:00,14017.7,OE6JTD,21,3,KM3T-5
19:33:00,14066.5,WJ0L,21,4,W1NT-2
19:33:02,14038.1,W9ILY,28,15,AK6RI-1
19:33:02,14038.1,IK3VUT,26,7,IK7YTT
19:33:02,14041.5,K0RX,36,14,W6YX
19:33:02,14068.4,N9QF,23,8,ZF9CW
19:33:03,14024.9,W8FJ,44,26,K3PA-1
19:33:03,14033.3,KR2Q,34,14,K6FOD
19:33:03,14033.3,KR2Q,33,25,K3PA-1
19:33:03,14037.9,W9ILY,29,15,VE4DRK
19:33:03,14038.1,W9ILY,29,17,K6FOD
19:33:03,14038.1,W9ILY,29,11,VE6WZ
19:33:03,14068.4,N9QF,23,1,N9CO
19:33:04,14029.6,KH7X,38,34,WE9V
19:33:04,14033.2,KR2Q,37,13,VE6AO
19:33:04,14034.4,DL6KVA,34,12,S53A
19:33:04,14068.4,N9QF,24,10,WX7V/5
19:33:05,14017.7,OE6JTD,21,3,KM3T-3
19:33:05,14033.0,WJ9B,36,19,KC4YVA
19:33:05,14033.0,WJ9B,34,10,KM3T-3
19:33:05,14034.0,VE5UO,34,20,ND7K
19:33:05,14038.1,K3VUT,26,5,S50U
19:33:05,14040.0,KC9IL,31,2,K1RA-4
19:33:05,14066.5,WJ0L,21,3,ND7K
19:33:06,14034.1,VE5UO,33,9,N2YCH
19:33:07,14031.1,K3WW,39,12,IK4VET
19:33:07,14033.1,WJ9B,35,24,W2NNN
19:33:07,14043.2,K5UV,34,9,IT9GSF
19:33:08,14029.6,KH7X,36,20,AA4PA
19:33:08,14033.3,KR2Q,37,12,KD2M
19:33:08,14038.1,W9ILY,29,14,WT8P
19:33:08,14043.2,K5UV,37,9,WT8P
19:33:09,14038.1,W9ILY,29,44,AC0C-1
19:33:09,14040.5,NE5A,34,42,AC0C-1
19:33:10,14024.5,N3OC,39,6,GI4DOH
19:33:10,14026.6,W1WEF,38,5,GI4DOH
19:33:10,14033.6,K2NV,32,8,GI4DOH
19:33:10,14035.9,N6CHU,29,13,KM3T-5
19:33:11,14033.6,K2NV,32,6,K4PP
19:33:11,14035.9,N6CHU,28,45,KD7EFG
19:33:11,14036.8,K0VBU,37,24,K4PP
19:33:11,14039.3,K7RL,40,10,K4PP
19:33:11,14039.7,W8FN,38,5,W2MV
19:33:11,14045.6,K3JT,29,26,KD7EFG
19:33:12,14026.4,WG3J,39,26,ZF9CW
19:33:12,14031.0,K3WW,38,23,ZF9CW
19:33:12,14035.0,EA5M,37,30,DR4W
19:33:12,14038.2,K0TG,37,12,W3RGA
19:33:13,14020.2,WA2VJL,15,6,K3PA-1
19:33:13,14026.2,WG3J,41,14,VE4DRK
19:33:13,14027.2,N8KH,37,22,VE4DRK
19:33:13,14029.6,KH7X,36,36,K9IMM
19:33:13,14029.6,KH7X,36,27,K3PA-1
19:33:13,14031.0,K3WW,35,41,K9IMM
19:33:13,14031.0,K3WW,37,12,ON6ZQ
19:33:13,14033.6,KT5V,31,8,AK6RI-1
19:33:13,14033.6,KT5V,31,5,K6FOD
19:33:13,14033.6,KT5V,31,12,VE6WZ-3
19:33:13,14038.1,W9ILY,29,40,K3PA-1
19:33:13,14038.1,W9ILY,28,27,VE6WZ-3
19:33:13,14043.2,K5UV,37,7,K9LC
19:33:13,14045.6,K3JT,29,7,K9IMM
19:33:13,14052.5,W4LOO,25,7,N9CO
19:33:14,14020.2,WA2VJL,15,16,WA7LNW
19:33:14,14026.3,WG3J,40,23,K5TR
19:33:14,14029.6,KH7X,38,32,K5TR
19:33:14,14031.0,K3WW,37,23,S53A
19:33:14,14033.6,KT5V,31,14,VE6WZ
19:33:14,14033.6,KT5V,31,12,VE6WZ
19:33:14,14038.1,W9ILY,28,27,VE6WZ
19:33:14,14038.1,W9ILY,29,34,WX7V/5
19:33:14,14039.7,W8FN,36,9,S53A
19:33:14,14052.5,W4LOO,24,8,VE6WZ
19:33:15,14020.2,WA2VJL,15,15,K1RA-4
19:33:15,14026.3,WG3J,40,26,ND7K
19:33:15,14026.6,W1WEF,38,11,DK0KK
19:33:15,14029.6,KH7X,42,24,K1RA-4
19:33:15,14031.0,K3WW,38,11,5Z4GO
19:33:15,14033.6,KT5V,31,11,K1RA-4
19:33:15,14037.4,N6NT,34,7,DK0KK
19:33:15,14038.1,W9ILY,29,35,ND7K
19:33:15,14058.0,W7BTR,20,8,ND7K
19:33:16,14038.1,W9ILY,29,11,NG7M
19:33:17,14026.3,WG3J,39,6,PA5KT-4
19:33:17,14026.3,WG3J,37,22,IT9GSF
19:33:17,14031.0,K3WW,38,5,F4GOU
19:33:17,14038.1,W9ILY,29,13,N2YCH
19:33:17,14041.3,N5RZ,37,17,IT9GSF
19:33:17,14049.0,ND9M,28,20,WB6BEE
19:33:17,14066.5,WJ0L,22,1,W1NT-6
19:33:18,14026.6,W1WEF,38,5,VE7CC
19:33:18,14026.6,W1WEF,38,5,VE7CC
19:33:18,14036.0,N6CHU,27,21,W2NNN
19:33:18,14038.1,W9ILY,29,9,VE7CC
19:33:18,14038.1,W9ILY,29,9,VE7CC
19:33:18,14041.3,N5RZ,37,7,KH6LC
19:33:18,14049.0,ND9M,28,13,NU4F
19:33:19,14020.2,WA2VJL,15,9,W8WWV
19:33:19,14034.4,KG9X,38,10,WT8P
19:33:19,14035.5,K3ATO,38,26,AA4PA
19:33:19,14037.1,K0SN,37,14,ZL4YL
19:33:19,14038.1,IK3VUT,26,9,W8WWV
19:33:20,14020.2,WA2VJL,15,13,AC0C-1
19:33:20,14026.7,W1WEF,38,16,K5EM
19:33:20,14033.0,WJ9B,36,10,KM3T-5
19:33:20,14033.6,KT5V,33,42,AC0C-1
19:33:20,14033.6,KT5V,31,8,W1NT-2
19:33:20,14033.6,KT5V,31,7,KM3T-5
19:33:20,14033.7,KT5V,31,13,K5EM
19:33:20,14035.0,EA5M,37,24,RK3TD-2
19:33:20,14038.1,W9ILY,29,30,K5EM
19:33:20,14040.7,W1TO,29,5,OK1HRA
19:33:20,14041.3,N5RZ,38,30,AC0C-1
19:33:20,14041.3,N5RZ,38,17,K5EM
19:33:20,14049.0,ND9M,28,17,AC0C-1
19:33:21,14033.6,K2NV,32,29,KD7EFG
19:33:21,14038.1,W9ILY,28,36,KD7EFG
19:33:22,14033.6,KT5V,31,9,K4PP
19:33:22,14033.6,KT5V,31,21,N6TV
19:33:22,14038.1,W9ILY,29,21,N6TV
19:33:22,14039.7,W8FN,39,8,EI4HQ
19:33:22,14043.2,K5UV,37,5,K4PP
19:33:22,14049.0,ND9M,28,16,W3RGA
19:33:23,14029.6,KH7X,34,30,K9LC
19:33:23,14033.0,WJ9B,34,7,AK6RI-1
19:33:23,14033.6,KT5V,31,2,N7VVX
19:33:23,14033.6,KT5V,31,3,K9LC
19:33:23,14033.6,KT5V,31,26,W6YX
19:33:23,14037.1,K0SN,42,26,ZF9CW
19:33:23,14038.1,W9ILY,29,35,W6YX
19:33:23,14041.3,N5RZ,37,28,K9IMM
19:33:23,14049.0,ND9M,28,32,ZF9CW
19:33:23,14049.0,ND9M,28,24,K9IMM
19:33:24,14028.9,WA3AAN,32,16,VE6WZ-3
19:33:24,14028.9,WA3AAN,32,16,VE6WZ
19:33:24,14029.0,WA3AAN,31,11,K3PA-1
19:33:24,14032.8,WJ9B,35,10,VE4DRK
19:33:24,14033.6,KT5V,31,19,N9CO
19:33:24,14036.2,W5TM,35,13,K6FOD
19:33:24,14036.8,K0VBU,37,26,K3PA-1
19:33:24,14039.3,K7RL,40,34,WA7LNW
19:33:24,14041.3,N5RZ,37,23,WE9V
19:33:24,14049.0,ND9M,28,15,WA7LNW
19:33:24,14056.0,N1BS,24,7,VE6WZ-3
19:33:24,14056.0,N1BS,24,7,VE6WZ
19:33:26,14030.4,AD4EB,39,18,K1RA-4
19:33:26,14033.0,WJ9B,34,27,ND7K
19:33:26,14033.0,WJ9B,36,14,K1RA-4
19:33:26,14033.6,KT5V,31,20,ND7K
19:33:26,14033.6,KT5V,31,5,KM3T-3
19:33:26,14033.6,KT5V,31,16,NG7M
19:33:26,14041.3,N5RZ,38,24,NG7M
19:33:26,14049.0,ND9M,29,26,K1RA-4
19:33:27,14033.6,KT5V,32,4,KM3T-2
19:33:27,14037.1,K0SN,37,14,KM3T-2
19:33:27,14049.0,ND9M,28,8,N2YCH
19:33:27,14056.0,N1BS,24,11,IT9GSF
19:33:28,14036.0,N6CHU,28,16,WC2L
19:33:28,14045.0,AI5IN,35,24,NU4F
19:33:28,14046.3,WU6P,37,26,TI7W
19:33:28,14049.0,ND9M,28,20,TI7W
19:33:29,14024.5,N3OC,41,12,EA4RKC
19:33:29,14024.9,W8FJ,42,9,ZL4YL
19:33:29,14030.1,K0INN,26,12,W8WWV
19:33:29,14035.0,EA5M,37,19,ZL4YL
19:33:29,14046.2,WU6P,37,25,W8WWV
19:33:29,14046.3,WU6P,38,22,WT8P
19:33:29,14049.0,ND9M,28,30,AA4PA
19:33:29,14049.0,ND9M,28,20,W8WWV
19:33:30,14037.6,N4HAI,31,25,AC0C-1
19:33:30,14045.0,AI5IN,37,7,GI4DOH
19:33:30,14046.3,WU6P,38,22,AC0C-1
19:33:30,14046.3,WU6P,38,20,W1NT-2
19:33:32,14037.6,N4HAI,32,31,KD7EFG
19:33:32,14045.0,AI5IN,37,12,N6TV
19:33:33,14024.5,N3OC,41,6,ON6ZQ
19:33:33,14046.3,WU6P,38,29,ZF9CW
19:33:33,14046.3,WU6P,35,16,W6YX
19:33:34,14046.3,WU6P,38,26,K3PA-1
19:33:34,14049.0,ND9M,28,13,N9CO
19:33:34,14049.0,ND9M,28,15,K3PA-1
19:33:35,14028.9,N8UM,38,27,DK0KK
19:33:35,14033.2,KR2Q,37,42,K5TR
19:33:35,14036.2,W5TM,36,22,WX7V/5
19:33:35,14046.2,WU6P,38,26,VE6WZ-3
19:33:35,14046.2,WU6P,38,26,VE6WZ
19:33:35,14046.3,WU6P,38,42,WA7LNW
19:33:35,14046.3,WU6P,37,19,WE9V
19:33:35,14046.3,WU6P,37,23,VE6AO
19:33:35,14049.0,ND9M,28,8,K5TR
19:33:36,14033.3,KR2Q,34,30,ND7K
19:33:36,14046.3,WU6P,37,15,N4HAC
19:33:36,14046.3,WU6P,37,17,KM3T-3
19:33:36,14049.0,ND9M,28,20,N4HAC
19:33:37,14024.9,W8FJ,44,20,NG7M
19:33:37,14028.9,N8UM,38,7,F4GOU
19:33:37,14033.3,KR2Q,36,7,PA5KT-4
19:33:37,14040.8,W1TO,32,3,PA5KT-4
19:33:37,14046.3,WU6P,37,8,N2YCH
19:33:38,14024.9,W8FJ,44,14,KD2M
19:33:38,14028.9,N8UM,38,35,IT9GSF
19:33:38,14044.6,WT9U,39,4,IT9GSF
19:33:38,14046.3,WU6P,38,5,KH6LC
19:33:38,14068.4,N9QF,24,8,WC2L
19:33:39,14033.6,KT5V,31,23,TI7W
19:33:40,14005.4,OK1IP,25,7,EA4RKC
19:33:40,14028.9,N8UM,38,9,AC0C-1
19:33:40,14032.1,N3RD,40,29,AC0C-1
19:33:40,14045.9,DL3YM,33,17,RK3TD
19:33:40,14046.3,WU6P,38,34,AA4PA
19:33:41,14026.5,W1WEF,38,9,OK1HRA
19:33:41,14045.9,DL3YM,35,11,W1NT-2
19:33:41,14046.3,WU6P,38,18,KM3T-5
19:33:42,14029.0,WA3AAN,33,8,K4PP
19:33:42,14033.3,KR2Q,37,5,DK9IP
19:33:42,14045.9,DL3YM,35,38,DK9IP-1
19:33:42,14045.9,DL3YM,33,27,DK9IP
19:33:43,14049.0,ND9M,28,9,N2EPE
19:33:43,14058.0,W7BTR,20,7,N6TV
19:33:44,14024.9,W8FJ,44,26,ZF9CW
19:33:44,14025.3,TK4TZ,35,23,K3PA-1
19:33:44,14031.0,K3WW,40,20,W6YX
19:33:44,14033.0,WJ9B,36,32,W6YX
19:33:44,14033.3,KR2Q,37,24,ZF9CW
19:33:44,14036.5,W0IZ,32,11,K6FOD
19:33:44,14042.5,W7JET,38,37,N9CO
19:33:44,14068.4,N9QF,24,5,K3PA-1
19:33:45,14024.9,W8FJ,43,34,WA7LNW
19:33:45,14028.9,N8UM,38,5,DO4DXA
19:33:45,14028.9,N8UM,38,11,K5TR
19:33:45,14043.5,NK2Y,28,8,VE6WZ
19:33:45,14043.5,NK2Y,28,8,VE6WZ-3
19:33:45,14045.0,AI5IN,35,25,WE9V
19:33:45,14056.0,N1BS,24,8,WX7V/5
19:33:46,14046.0,DL3YM,33,10,BG7IEJ
19:33:47,14027.4,N8KH,37,18,ND7K
19:33:47,14028.9,N8UM,38,7,ND7K
19:33:47,14045.9,DL3YM,34,7,KM3T-3
19:33:47,14045.9,DL3YM,33,12,BD8CS
19:33:47,14049.0,ND9M,27,19,KM3T-3
19:33:48,14005.4,OK1IP,25,6,IT9GSF
19:33:48,14031.0,K3WW,39,20,PA5KT-4
19:33:48,14036.2,W5TM,38,17,IT9GSF
19:33:48,14040.3,K1DW,33,4,WC2L
19:33:48,14045.0,AI5IN,37,16,WC2L
19:33:48,14045.9,DL3YM,32,28,IT9GSF
19:33:48,14045.9,DL3YM,33,11,W1NT-6
19:33:49,14046.3,WU6P,37,11,W2NNN
19:33:50,14035.2,VE3JM,38,6,WT8P
19:33:50,14045.0,AI5IN,40,7,W2NAF
19:33:50,14046.3,WU6P,38,16,ZL4YL
19:33:51,14045.9,DL3YM,33,15,RK3TD-2
19:33:51,14045.9,DL3YM,34,8,KM3T-5
19:33:51,14049.0,ND9M,28,20,KM3T-5
19:33:52,14035.2,VE3JM,38,5,G0KTN
19:33:52,14035.2,VE3JM,38,3,G4KCM
19:33:53,14029.6,KH7X,41,14,K4PP
19:33:53,14032.2,N3RD,40,27,K4PP
19:33:53,14033.0,WJ9B,35,14,N6TV
19:33:53,14033.3,KR2Q,37,16,N6TV
19:33:54,14032.1,N3RD,43,37,K9LC
19:33:54,14032.2,N3RD,44,31,K7CO
19:33:54,14032.4,KA1EFO,27,11,ZF9CW
19:33:54,14033.0,WJ9B,35,6,N2EPE
19:33:54,14037.1,K0SN,36,33,K9IMM
19:33:54,14045.9,DL3YM,33,12,R4NCU
19:33:54,14045.9,DL3YM,33,7,LZ4AE
19:33:54,14045.9,DL3YM,34,8,LZ4AE
19:33:55,14031.0,K3WW,36,26,K3PA-1
19:33:55,14032.1,N3RD,42,10,K6FOD
19:33:55,14034.1,VE5UO,34,11,WX7V/5
19:33:55,14036.2,W5TM,37,19,K3PA-1
19:33:55,14038.6,K1SM,32,18,VE6WZ
19:33:56,14030.6,N4HAI,31,15,K5TR
19:33:56,14032.2,N1DC,31,26,VE6WZ-3
19:33:56,14032.3,N1DC,31,19,WE9V
19:33:56,14032.3,N1DC,32,20,K5TR
19:33:56,14033.0,WJ9B,36,8,N4HAC
19:33:56,14036.2,W5TM,37,15,VE6AO
19:33:56,14041.9,K1TR,40,5,VE6AO
19:33:56,14043.5,NK2Y,29,20,WE9V
19:33:56,14049.0,ND9M,28,11,WE9V
19:33:57,14023.5,F6HKA,32,15,KM3T-2
19:33:57,14027.7,K5OHY,29,12,KM3T-2
19:33:57,14030.6,N4HAI,30,27,KM3T-3
19:33:57,14030.6,N4HAI,29,26,KM3T-2
19:33:57,14033.0,WJ9B,35,8,KM3T-2
19:33:57,14034.7,N5TOO,35,20,KM3T-3
19:33:57,14045.9,DL3YM,34,7,KM3T-2
19:33:57,14068.4,N9QF,24,6,KM3T-2
19:33:58,14020.2,WA2VJL,15,11,WB6BEE
19:33:58,14030.6,N4HAI,31,22,N2YCH
19:33:58,14030.6,N4HAI,31,8,IT9GSF
19:33:58,14033.3,KR2Q,36,25,IT9GSF
19:33:58,14047.2,K6NR,25,27,WB6BEE
19:33:59,14028.9,N8UM,38,24,DP5G
19:33:59,14030.6,N4HAI,31,18,W1NT-6
19:33:59,14032.2,N3RD,41,15,DP5G
19:33:59,14034.7,N5TOO,36,22,W1NT-6
19:33:59,14034.7,N5TOO,36,17,W2NNN
19:33:59,14045.9,DL3YM,33,7,TI7W
19:33:59,14047.2,K6NR,26,1,VE7CC
19:33:59,14047.2,K6NR,26,1,VE7CC
19:34:00,14029.3,W2RQ,38,23,AA4PA
19:34:00,14033.3,KR2Q,37,8,WT8P
19:34:01,14030.6,N4HAI,31,17,AC0C-1
19:34:01,14030.6,N4HAI,29,25,W1NT-2
19:34:01,14033.3,KR2Q,36,10,ZL4YL
19:34:01,14036.8,K0VBU,38,28,AC0C-1
19:34:01,14038.5,K1SM,32,8,DF7GB
19:34:01,14038.6,K1SM,32,4,PY2KNK
19:34:01,14045.0,AI5IN,36,32,W1NT-2
19:34:02,14030.6,N4HAI,31,28,KM3T-5
19:34:02,14033.3,KR2Q,35,11,EI4HQ
19:34:02,14068.4,N9QF,23,7,KM3T-5
19:34:03,14033.3,KR2Q,37,16,K4PP
19:34:03,14040.8,W1TO,31,14,K4PP
19:34:03,14041.9,K1TR,35,6,DR4W
19:34:04,14029.3,W2RQ,43,19,W6YX
19:34:04,14033.2,KR2Q,37,30,K9LC
19:34:05,14026.4,WG3J,42,32,K7CO
19:34:05,14029.3,W2RQ,39,26,K3PA-1
19:34:05,14030.6,N4HAI,31,19,ZF9CW
19:34:05,14030.6,N4HAI,31,16,K7CO
19:34:05,14030.6,N4HAI,31,15,K3PA-1
19:34:05,14032.3,N1DC,32,26,K9IMM
19:34:05,14032.3,N1DC,32,17,ZF9CW
19:34:05,14032.3,N1DC,31,32,N9CO
19:34:05,14032.4,KA1EFO,26,16,S53A
19:34:05,14032.4,KA1EFO,26,7,DL8LAS-3
19:34:05,14033.3,KR2Q,36,17,S53A
19:34:05,14035.0,EA5M,35,23,DO4DXA
19:34:05,14035.5,K3ATO,38,12,K6FOD
19:34:05,14039.3,K7RL,39,15,K6FOD
19:34:05,14041.9,K1TR,37,7,K6FOD
19:34:05,14046.1,WU6P,38,19,VE4DRK
19:34:05,14047.2,WA3AER,29,35,K9IMM
19:34:06,14026.6,W1WEF,38,13,VE6WZ
19:34:06,14029.2,W2RQ,43,23,VE6WZ
19:34:06,14029.2,W2RQ,43,23,VE6WZ-3
19:34:06,14029.3,W2RQ,43,22,DK0KK
19:34:06,14029.3,W2RQ,43,32,K5TR
19:34:06,14032.2,N1DC,31,26,VE6WZ
19:34:06,14032.3,N1DC,31,8,VE6WZ
19:34:06,14032.3,N1DC,32,16,WA7LNW
19:34:06,14035.0,EA5M,37,7,LZ3CB
19:34:06,14045.0,AI5IN,37,21,WA7LNW
19:34:07,14025.3,TK4TZ,38,8,KM3T-2
19:34:07,14029.3,W2RQ,43,24,ND7K
19:34:07,14041.3,N5RZ,39,17,KM3T-2
19:34:08,14035.5,K3ATO,36,6,PI4CC
19:34:09,14026.6,W1WEF,38,12,DP5G
19:34:09,14029.3,W2RQ,42,28,IT9GSF
19:34:09,14032.1,N3RD,44,6,KH6LC
19:34:09,14032.2,N3RD,44,22,NU4F
19:34:09,14032.4,KA1EFO,26,12,IT9GSF
19:34:09,14047.6,WN7S,32,5,NU4F
19:34:10,14024.5,N3OC,40,16,G4ZFE
19:34:10,14029.3,W2RQ,43,28,TI7W
19:34:10,14029.6,KH7X,41,23,TI7W
19:34:10,14033.3,KR2Q,37,9,G4ZFE
19:34:10,14034.4,KG9X,34,20,TI7W
19:34:10,14047.6,WN7S,33,21,TI7W
19:34:11,14032.3,N1DC,32,18,AA4PA
19:34:11,14032.4,KA1EFO,26,7,DL8LAS
19:34:11,14033.3,KR2Q,37,30,AA4PA
19:34:11,14037.5,N6NT,34,16,K5EM
19:34:11,14047.6,WN7S,32,20,AA4PA
19:34:11,14047.6,WN7S,25,5,WT8P
19:34:11,14047.6,WN7S,32,11,K5EM
19:34:12,14029.3,W2RQ,43,24,AC0C-1
19:34:12,14029.3,W2RQ,43,10,EI4HQ
19:34:12,14032.3,N1DC,32,8,AC0C-1
19:34:12,14032.4,KA1EFO,26,25,W1NT-2
19:34:12,14035.5,K3ATO,35,17,AC0C-1
19:34:12,14047.6,WN7S,32,19,AC0C-1
19:34:13,14024.5,N3OC,41,6,ES5PC
19:34:14,14026.3,WG3J,42,40,KD7EFG
19:34:14,14031.0,K3WW,38,9,MM9PSY
19:34:14,14040.3,K1DW,33,8,N6TV
19:34:14,14041.9,W8CAR,38,12,N6TV
19:34:14,14049.0,ND9M,28,20,KD7EFG
19:34:14,14058.0,W7BTR,20,21,KD7EFG
19:34:15,14022.0,EA2CAR,24,22,ZF9CW
19:34:15,14028.7,N8UM,36,9,VE4DRK
19:34:15,14032.4,KA1EFO,26,9,K9IMM
19:34:15,14034.7,N5TOO,35,32,N9CO
19:34:15,14035.2,VE3JM,37,14,S53A
19:34:15,14041.9,W8CAR,39,14,W6YX
19:34:15,14041.9,W8CAR,39,24,K7CO
19:34:15,14041.9,W8CAR,38,15,ZF9CW
19:34:15,14047.4,WN7S,31,8,VE4DRK
19:34:15,14047.6,WN7S,32,15,W6YX
19:34:15,14047.6,WN7S,32,12,S53A
19:34:15,14047.6,WN7S,33,34,K9IMM
19:34:15,14047.6,WN7S,33,7,K7CO
19:34:15,14047.6,WN7S,33,30,ZF9CW
19:34:15,14047.6,WN7S,32,14,N9CO
19:34:15,14058.0,W7BTR,20,9,W6YX
19:34:16,14032.2,N3RD,38,30,K3PA-1
19:34:16,14032.4,KA1EFO,26,6,DK0KK
19:34:16,14034.6,N5TOO,35,19,VE6WZ
19:34:16,14034.7,N5TOO,35,33,WX7V/5
19:34:16,14035.5,KT5V,35,26,K3PA-1
19:34:16,14036.0,N6CHU,28,19,KC4YVA
19:34:16,14040.3,K1DW,34,36,WX7V/5
19:34:16,14041.9,W8CAR,38,30,K3PA-1
19:34:16,14047.5,WN7S,32,24,VE6WZ
19:34:16,14047.6,WN7S,32,23,K3PA-1
19:34:16,14047.6,WN7S,32,18,WX7V/5
19:34:16,14047.6,WN7S,32,6,VE6WZ
19:34:17,14017.7,OE6JTD,21,6,S53WW
19:34:17,14029.6,KH7X,42,23,N4HAC
19:34:17,14032.3,N1DC,31,4,VE6AO
19:34:17,14034.6,N5TOO,35,19,VE6WZ-3
19:34:17,14038.1,W9ILY,29,16,VE6AO
19:34:17,14047.5,WN7S,32,16,K5TR
19:34:17,14047.5,WN7S,33,5,VE6AO
19:34:17,14047.5,WN7S,32,24,VE6WZ-3
19:34:17,14047.6,WN7S,32,23,WA7LNW
19:34:18,14017.8,OE6JTD,21,13,RN4WA
19:34:18,14030.4,EA6BF,39,16,RN4WA
19:34:18,14031.4,HA7I,37,5,RN4WA
19:34:18,14033.6,KT5V,31,8,WB6BEE
19:34:18,14034.4,DL6KVA,32,17,RN4WA
19:34:18,14034.7,N5TOO,34,19,KM3T-2
19:34:18,14036.0,N6CHU,28,11,N2YCH
19:34:18,14038.1,IK3VUT,26,8,RN4WA
19:34:18,14047.5,WN7S,32,17,ND7K
19:34:18,14049.0,SO9PC,21,11,RN4WA
19:34:19,14035.2,VE3JM,38,20,IT9GSF
19:34:19,14042.6,W7JET,40,14,WC2L
19:34:19,14045.9,DL3Y,33,4,RU9CZD
19:34:19,14047.6,WN7S,32,12,IT9GSF
19:34:19,14071.0,SQ9TTA,25,6,IT9GSF
19:34:20,14027.7,K5OHY,29,12,W2NNN
19:34:20,14033.6,KT5V,31,11,W8WWV
19:34:20,14042.5,W7JET,39,26,W8WWV
19:34:21,14024.4,N3OC,40,9,OK1HRA
19:34:21,14026.3,WG3J,39,6,OK1HRA
19:34:21,14033.6,KT5V,31,3,WT8P
19:34:21,14043.8,K0PC,32,10,WT8P
19:34:21,14052.5,W4LOO,25,7,WT8P
19:34:22,14026.3,WG3J,41,7,EI4HQ
19:34:22,14034.7,N5TOO,35,21,KM3T-5
19:34:22,14034.7,N5TOO,32,24,W1NT-2
19:34:22,14034.7,N5TOO,19,12,W2MV
19:34:22,14041.5,K0RX,34,14,W2MV
19:34:24,14032.3,N1DC,30,22,KD7EFG
19:34:24,14033.3,KR2Q,34,37,KD7EFG
19:34:24,14033.3,KR2Q,35,5,AK6RI-1
19:34:24,14033.6,KT5V,31,29,KD7EFG
19:34:24,14042.5,W7JET,40,12,AK6RI-1
19:34:24,14042.6,W7JET,39,13,K4PP
19:34:24,14047.6,WN7S,33,29,KD7EFG
19:34:25,14015.0,JA5TX,16,34,S53A
19:34:25,14024.9,W8FJ,44,18,N6TV
19:34:25,14024.9,W8FJ,44,26,W6YX
19:34:25,14038.1,IK3VUT,27,23,EA5WU
19:34:25,14041.9,K1TR,35,38,K9IMM
19:34:26,14026.6,W1WEF,38,9,K6FOD
19:34:26,14028.0,K9UIY,32,25,ZF9CW
19:34:26,14031.0,K3WW,38,44,WE9V
19:34:26,14034.4,KG9X,39,27,WX7V/5
19:34:26,14040.8,W1TO,34,31,ZF9CW
19:34:26,14042.6,W7JET,36,36,N9CO
19:34:26,14042.6,W7JET,40,35,WX7V/5
19:34:26,14048.5,N5HCA,17,26,ZF9CW
19:34:27,14026.3,WG3J,33,37,VE6WZ
19:34:27,14026.3,WG3J,33,37,VE6WZ-3
19:34:27,14030.6,N4HAI,31,13,WA7LNW
19:34:27,14042.5,W7JET,39,27,VE6WZ
19:34:27,14042.5,W7JET,39,27,VE6WZ-3
19:34:27,14045.0,AI5IN,38,8,VE6AO
19:34:28,14030.6,N4HAI,31,17,ND7K
19:34:28,14035.0,EA5M,35,4,SZ1A
19:34:29,14015.0,JA5TX,16,19,RU9CZD
19:34:29,14030.1,K0INN,29,3,N2YCH
19:34:29,14043.5,NK2Y,29,13,IT9GSF
19:34:30,14015.0,JA5TX,16,14,BI4MPH
19:34:30,14024.9,W8FJ,44,11,NU4F
19:34:30,14031.0,K3WW,37,9,DK0TE
19:34:30,14037.6,OK5M,29,15,EA4RKC
19:34:31,14026.6,W1WEF,38,44,W8WWV
19:34:31,14037.6,OK5M,30,10,TI7W
19:34:31,14041.6,K0RX,33,3,W2NAF
19:34:32,14024.9,W8FJ,44,17,K5EM
19:34:32,14037.6,OK5M,30,10,W1NT-2
19:34:32,14040.8,W1TO,30,4,DK9IP-1
19:34:32,14045.0,AI5IN,39,33,KM3T-5
19:34:34,14037.6,OK5M,30,12,VU2TUM
19:34:34,14038.1,IK3VUT,26,7,DR4W
19:34:35,14029.3,W2RQ,43,9,N6TV
19:34:35,14029.3,W2RQ,41,12,DL8LAS-3
19:34:35,14030.6,N4HAI,32,29,KD7EFG
19:34:35,14035.5,K3ATO,37,39,KD7EFG
19:34:35,14035.8,AB5SE,35,13,K9LC
19:34:35,14041.1,N5RZ,37,17,VE4DRK
19:34:35,14044.9,AI5IN,42,20,VE4DRK
19:34:35,14045.4,K3MD,32,6,DL8LAS-3
19:34:35,14051.4,WY7WL,18,5,VE4DRK
19:34:36,14027.4,N8KH,34,9,W8WTS
19:34:36,14029.3,W2RQ,45,11,K6FOD
19:34:36,14030.6,N4HAI,31,6,W6YX
19:34:36,14035.8,AB5SE,34,22,K9IMM
19:34:36,14035.8,AB5SE,35,21,ZF9CW
19:34:36,14038.1,W9ILY,29,25,K7CO
19:34:36,14043.5,NK2Y,28,27,N9CO
19:34:36,14045.0,AI5IN,38,8,EA5WU
19:34:36,14045.4,K3MD,33,23,W6YX
19:34:36,14045.4,K3MD,32,27,K7CO
19:34:36,14045.4,K3MD,30,21,N9CO
19:34:36,14045.4,K3MD,32,28,K3PA-1
19:34:36,14051.5,WY7WL,18,10,K3PA-1
19:34:36,14066.5,WJ0L,21,4,W6YX
19:34:37,14015.1,JA5TX,16,8,BG7IEJ
19:34:37,14033.6,KT5V,32,22,WA7LNW
19:34:37,14034.6,N5TOO,32,22,K5TR
19:34:37,14035.8,AB5SE,36,17,WE9V
19:34:37,14037.6,OK5M,29,12,S50U
19:34:37,14037.7,OK5M,30,26,BG7IEJ
19:34:37,14045.0,AI5IN,38,12,VE6WZ
19:34:37,14045.4,K3MD,32,9,WE9V
19:34:37,14045.4,K3MD,32,14,VE6WZ
19:34:37,14045.4,K3MD,32,26,K5TR
19:34:37,14051.5,WY7WL,18,26,WA7LNW
19:34:37,14051.5,WY7WL,18,13,K5TR
19:34:37,14052.5,W4LOO,24,6,VE6AO
19:34:38,14022.0,EA2CAR,20,10,KM3T-2
19:34:38,14035.8,AB5SE,35,7,K1RA-4
19:34:38,14037.6,OK5M,30,28,BD8CS
19:34:38,14038.2,IK3VUT,26,8,IK4VET
19:34:38,14045.0,AI5IN,38,12,VE6WZ-3
19:34:38,14045.0,AI5IN,37,30,KM3T-3
19:34:38,14045.9,DL3YM,34,2,K1RA-4
19:34:38,14066.5,WJ0L,21,1,K1RA-4
19:34:39,14015.5,DL6ED,26,26,IT9GSF
19:34:39,14035.8,AB5SE,36,22,WB6BEE
19:34:39,14037.6,OK5M,30,25,RU9CZD
19:34:39,14037.6,OK5M,30,14,IT9GSF
19:34:39,14044.6,WT9U,38,24,ND7K
19:34:39,14045.4,K3MD,32,13,NG7M
19:34:39,14045.4,K3MD,32,11,IT9GSF
19:34:40,14015.5,DL6ED,25,18,W1NT-6
19:34:40,14022.0,EA2CAR,20,18,W1NT-6
19:34:40,14022.0,EA2CAR,20,17,LZ7AA
19:34:40,14029.6,KH7X,43,11,W1NT-6
19:34:40,14037.6,OK5M,29,11,W1NT-6
19:34:40,14045.0,AI5IN,38,9,G4ZFE
19:34:40,14045.9,DL3YM,35,2,LZ7AA
19:34:41,14015.5,DL6ED,25,9,TI7W
19:34:41,14029.3,W2RQ,41,12,DL8LAS
19:34:41,14030.6,N4HAI,31,11,AA4PA
19:34:41,14035.0,EA5M,32,9,JN1ILK
19:34:41,14035.8,AB5SE,37,25,W8WWV
19:34:41,14035.8,AB5SE,35,16,AA4PA
19:34:41,14037.4,N6EET,35,8,DL8LAS
19:34:41,14045.4,K3MD,32,6,DL8LAS
19:34:41,14045.4,K3MD,32,27,AA4PA
19:34:41,14045.4,K3MD,33,24,TI7W
19:34:42,14015.0,JA5TX,16,29,ZL4YL
19:34:42,14015.5,DL6ED,26,15,RK3TD-2
19:34:42,14028.9,N8UM,38,6,K5EM
19:34:42,14037.4,T6NT,28,2,WT8P
19:34:42,14041.3,N5RZ,38,10,WT8P
19:34:42,14045.0,AI5IN,37,35,AC0C-1
19:34:42,14045.4,K3MD,32,13,WT8P
19:34:42,14045.4,K3MD,32,27,AC0C-1
19:34:43,14015.5,DL6ED,25,16,W1NT-2
19:34:43,14035.2,VE3JM,34,11,EI4HQ
19:34:44,14015.1,JA5TX,16,11,HG8A
19:34:44,14022.0,EA2CAR,20,7,IK7YTT
19:34:44,14035.1,VE3JM,37,8,DR4W
19:34:44,14035.8,AB5SE,36,16,W3RGA
19:34:44,14035.8,AB5SE,35,15,K4PP
19:34:44,14045.4,K3MD,31,17,W3RGA
19:34:44,14045.4,K3MD,32,11,K4PP
19:34:45,14022.0,EA2CAR,20,3,VU2TUM
19:34:45,14027.4,N8KH,27,38,KD7EFG
19:34:45,14035.2,VE3JM,38,9,AK6RI-1
19:34:45,14035.8,AB5SE,35,8,N2EPE
19:34:45,14037.6,OK5M,29,33,R4NCU
19:34:45,14045.4,K3MD,32,22,K9LC
19:34:46,14022.0,EA2CAR,20,13,N9CO
19:34:46,14026.4,W1WEF,38,9,VE4DRK
19:34:46,14033.4,KT5V,32,7,VE4DRK
19:34:46,14035.2,VE3JM,37,26,N6TV
19:34:46,14037.4,N6NT,30,5,PE5TT
19:34:46,14040.0,KC9IL,29,10,K7CO
19:34:46,14043.5,NK2Y,29,14,K9IMM
19:34:46,14045.4,K3MD,32,14,N6TV
19:34:47,14025.3,TK4TZ,37,14,ZF9CW
19:34:47,14031.9,NE2V,38,18,ZF9CW
19:34:47,14031.9,NE2V,38,21,WE9V
19:34:47,14033.6,KT5V,31,26,K3PA-1
19:34:47,14033.6,KT5V,31,16,WE9V
19:34:47,14035.5,K3ATO,38,19,K3PA-1
19:34:47,14035.8,AB5SE,36,7,N4HAC
19:34:47,14035.9,AB5SE,35,11,KC4YVA
19:34:47,14040.5,NE5A,30,19,WX7V/5
19:34:47,14042.5,HB2NN,37,21,N4HAC
19:34:47,14047.5,WN7S,33,4,K6FOD
19:34:48,14031.0,K3WW,40,11,VE6AO
19:34:48,14031.9,NE2V,38,21,K5TR
19:34:48,14033.3,KR2Q,36,7,VE6WZ
19:34:48,14033.7,KT5V,30,8,K7EK
19:34:48,14035.2,VE3JM,37,8,VE6AO
19:34:48,14036.3,W5TM,35,24,K7EK
19:34:48,14047.3,K6NR,25,22,K7EK
19:34:48,14049.1,ND9M,28,12,K7EK
19:34:49,14015.5,DL6ED,26,9,BD8CS
19:34:49,14035.3,K2NV,34,18,ND7K
19:34:49,14039.3,K7RL,37,30,NG7M
19:34:50,14025.3,TK4TZ,37,9,WC2L
19:34:51,14026.6,W1WEF,38,9,EA2RCF-4
19:34:51,14034.6,N5TOO,31,22,W8WWV
19:34:51,14035.2,KE3JM,37,5,GI4DOH
19:34:51,14035.3,K2NV,32,9,GI4DOH
19:34:51,14037.6,OK5M,29,12,OK1HRA
19:34:51,14037.7,OK5M,29,11,DL8LAS
19:34:52,14031.9,NE2V,38,23,TI7W
19:34:52,14032.7,N4BP,31,4,HA2NA
19:34:52,14035.5,K3ATO,37,7,WT8P
19:34:52,14037.6,OK5M,30,16,JN1ILK
19:34:52,14043.5,NK2Y,30,19,TI7W
19:34:53,14022.0,EA2CAR,20,9,KM3T-5
19:34:53,14026.6,W1WEF,38,9,DK9IP
19:34:53,14034.4,KG9X,38,6,W2MV
19:34:53,14035.2,VE3JM,37,11,K5EM
19:34:53,14051.5,WY7WL,18,12,AC0C-1
19:34:53,14051.5,WY7WL,18,7,W1NT-2
19:34:54,14034.7,N5TOO,37,31,W3RGA
19:34:54,14035.3,K2NV,31,14,K4PP
19:34:55,14035.0,EA5M,37,31,HA8TKS
19:34:56,14022.0,EA2CAR,21,8,LZ5DI
19:34:56,14022.0,EA2CAR,20,17,EA5WU
19:34:56,14027.2,N8TTH,39,22,VE4DRK
19:34:56,14027.4,N8KH,35,15,S53A
19:34:56,14028.0,K9UIY,32,8,N6TV
19:34:56,14028.9,N8UM,38,17,EA5WU
19:34:56,14029.3,W2RQ,43,29,K9LC
19:34:56,14034.6,N5TOO,35,22,K9LC
19:34:56,14035.3,K2NV,31,30,S53A
19:34:56,14035.3,K2NV,32,8,W6YX
19:34:56,14035.5,K3ATO,37,18,W6YX
19:34:56,14037.7,OK5M,29,11,DL8LAS-3
19:34:56,14047.2,K6NR,25,4,AK6RI-1
19:34:56,14049.0,ND9M,28,13,K9LC
19:34:57,14028.0,K9UIY,30,22,K9IMM
19:34:57,14028.9,N8UM,37,7,M1GEO
19:34:57,14029.0,N8UM,33,4,HB9EMP
19:34:57,14031.9,NE2V,38,21,KD7EFG
19:34:57,14031.9,NE2V,37,29,N9CO
19:34:57,14035.3,K2NV,30,43,ZF9CW
19:34:57,14035.3,K2NV,32,15,K3PA-1
19:34:57,14035.3,K2NV,32,19,WX7V/5
19:34:57,14035.8,AB5SE,34,25,N9CO
19:34:57,14041.9,K1TR,39,6,DK0KK
19:34:57,14058.0,W7BTR,20,9,K3PA-1
19:34:58,14029.3,W2RQ,45,11,VE6WZ
19:34:58,14031.0,K3WW,39,14,VE6WZ
19:34:58,14034.7,N5TOO,33,34,WE9V
19:34:58,14035.3,K2NV,31,22,WA7LNW
19:34:58,14035.3,K2NV,32,8,VE6WZ
19:34:58,14035.3,K2NV,31,18,K5TR
19:34:58,14035.4,K2NV,32,14,IK4VET
19:34:58,14037.1,K0SN,37,27,WE9V
19:34:58,14065.0,WA7PGE,15,9,K5TR
19:34:59,14015.5,DL6ED,26,7,KM3T-2
19:34:59,14015.5,DL6ED,26,8,KM3T-3
19:34:59,14032.1,N3RD,43,8,PA5KT-4
19:34:59,14032.3,N1DC,31,22,K7EK
19:34:59,14035.0,EA5M,37,20,BD8CS
19:34:59,14035.3,K2NV,31,13,F4GOU
19:34:59,14035.3,K2NV,32,8,VE6WZ-3
19:34:59,14035.8,AB5SE,33,24,K7EK
19:34:59,14040.6,NE5A,30,29,K7EK
19:34:59,14041.3,N5RZ,35,20,K7EK
19:34:59,14042.0,K1TR,38,29,K7EK
19:34:59,14043.5,NK2Y,29,3,PA5KT-4
19:34:59,14056.1,N1BS,24,14,K7EK
19:35:00,14032.1,N3RD,43,28,ND7K
19:35:00,14034.7,N5TOO,33,19,NG7M
19:35:00,14035.0,EA5M,36,13,LZ7AA
19:35:00,14035.3,K2NV,31,3,DK0TE
19:35:00,14045.9,DL3YM,32,5,RU9CZD
19:35:01,14015.6,DL6ED,26,4,W2NNN
19:35:01,14031.0,K3WW,40,26,EA4RKC
19:35:02,14021.9,EA2CAR,20,6,W8WWV
19:35:02,14035.9,N6CHU,28,9,AA4PA
19:35:02,14056.0,N1BS,24,7,TI7W
19:35:02,14065.0,WA7PGE,16,8,W8WWV
19:35:03,14015.5,DL6ED,26,3,W2MV
19:35:03,14015.5,DL6ED,25,9,KM3T-5
19:35:03,14027.6,K5OHY,29,28,AC0C-1
19:35:03,14034.4,KG9X,38,29,AC0C-1
19:35:03,14035.3,K2NV,33,12,EI4HQ
19:35:03,14037.6,OK5M,30,13,OK1FCJ
19:35:03,14042.0,K1TR,35,20,K5EM
19:35:03,14045.0,AI5IN,38,22,EI4HQ
19:35:04,14035.8,AB5SE,35,10,W1NT-2
19:35:04,14041.9,K1TR,38,7,OE9GHV
19:35:05,14017.7,OE6JTD,22,5,VU2TUM
19:35:05,14023.5,F6HKA,32,7,HA8TKS
19:35:05,14026.6,W1WEF,37,4,MM0ZBH
19:35:05,14028.0,K9UIY,29,12,K4PP
19:35:06,14015.5,DL6ED,27,9,R4NCU
19:35:06,14042.5,W7JET,40,12,N2EPE
19:35:07,14028.9,N8UM,37,10,W6YX
19:35:07,14030.8,K3WW,29,15,VE4DRK
19:35:07,14033.6,KT5V,31,12,K9IMM
19:35:07,14041.5,K0RX,31,8,KD7EFG
19:35:07,14045.2,K3MD,33,13,VE4DRK
19:35:07,14045.4,K3MD,32,13,DL8LAS-1
19:35:08,14035.5,K3ATO,37,25,WA7LNW
19:35:08,14038.1,IK3VUT,26,26,ZF9CW
19:35:08,14038.1,IK3VUT,26,14,N4HAC
19:35:08,14040.6,NE5A,30,7,IK4VET
19:35:08,14045.4,K3MD,32,32,ZF9CW
19:35:08,14045.4,K3MD,31,21,WX7V/5
19:35:08,14045.4,K3MD,32,13,VE6AO
19:35:08,14045.4,K3MD,32,33,WA7LNW
19:35:09,14015.5,DL6ED,26,2,K1RA-4
19:35:09,14030.4,AD4EB,38,21,K5TR
19:35:09,14030.6,N4HAI,31,6,VE6WZ
19:35:09,14030.6,N4HAI,31,6,VE6WZ-3
19:35:09,14034.1,VE5UO,33,3,K7EK
19:35:09,14037.1,K0SN,35,33,K5TR
19:35:09,14042.0,K1TR,36,6,VE6WZ
19:35:09,14045.4,K3MD,31,37,VE6WZ
19:35:09,14045.4,K3MD,31,37,VE6WZ-3
19:35:09,14047.6,WN7S,32,20,K1RA-4
19:35:09,14058.0,W7BTR,21,7,K5TR
19:35:10,14034.4,KG9X,38,12,IT9GSF
19:35:10,14035.8,AE1T,32,15,ND7K
19:35:10,14045.4,K3MD,33,27,ND7K
19:35:11,14037.1,K0SN,39,8,NU4F
19:35:11,14038.1,W9ILY,29,18,WC2L
19:35:12,14033.0,WJ9B,36,23,AA4PA
19:35:13,14035.2,VE3JM,37,29,TI7W
19:35:13,14049.0,SO9PC,21,8,JN1ILK
19:35:13,14056.0,N1BS,25,4,AC0C-1
19:35:14,14044.6,WT9U,38,15,N7VVX
19:35:14,14045.4,K3MD,32,11,N7VVX
19:35:14,14045.5,K3MD,32,18,K5EM
19:35:15,14031.7,N4IQ,36,3,MM9PSY
19:35:16,14030.6,N4HAI,32,5,S53A
19:35:16,14035.0,EA5M,38,32,DL8LAS-3
19:35:17,14029.3,W2RQ,38,8,DL1HWS
19:35:17,14032.2,N3RD,43,15,N6TV
19:35:17,14032.3,N1DC,31,11,W6YX
19:35:17,14036.2,W5TM,37,15,W6YX
19:35:17,14036.2,W5TM,37,31,K9IMM
19:35:17,14047.6,WN7S,32,8,DK0KK
19:35:18,14029.3,W2RQ,44,13,IK4VET
19:35:18,14029.6,KH7X,43,19,KC4YVA
19:35:18,14032.3,N1DC,32,12,K3PA-1
19:35:18,14033.6,KT5V,31,32,ZF9CW
19:35:18,14035.0,EA5M,36,16,IK4VET
19:35:18,14035.5,K3ATO,38,26,N9CO
19:35:18,14036.2,W5TM,35,23,ZF9CW
19:35:18,14039.3,K7RL,36,35,K3PA-1
19:35:19,14023.5,F6HKA,32,8,K7EK
19:35:19,14031.8,KX2P,28,18,K5TR
19:35:19,14031.9,KX2P,28,18,WA7LNW
19:35:19,14031.9,KX2P,28,20,KM3T-2
19:35:19,14031.9,KX2P,28,20,K1RA-4
19:35:19,14031.9,KX2P,28,5,K7EK
19:35:19,14032.1,N3RD,42,36,K5TR
19:35:19,14036.2,W5TM,37,19,K1RA-4
19:35:19,14066.5,WJ0L,21,5,VE6WZ
19:35:20,14031.9,KX2P,28,21,KM3T-3
19:35:20,14035.0,EA5M,36,20,DM5GG
19:35:20,14036.2,W5TM,37,23,WB6BEE
19:35:20,14036.3,W5TM,38,9,N2YCH
19:35:20,14047.6,WN7S,31,9,DP5G
19:35:20,14066.5,WJ0L,21,5,VE6WZ-3
19:35:21,14031.9,KX2P,28,8,ND7K
19:35:21,14031.9,KX2P,28,17,W1NT-6
19:35:21,14035.5,K3ATO,37,22,ND7K
19:35:21,14036.3,W5TM,37,17,W2NNN
19:35:21,14040.5,NE5A,30,4,WC2L
19:35:21,14065.0,WA7PGE,15,11,ND7K
19:35:22,14031.8,KX2P,27,5,W8WWV
19:35:22,14032.2,N3RD,42,7,GI4DOH
19:35:22,14035.0,EA5M,38,32,DL8LAS
19:35:22,14036.2,W5TM,38,28,W8WWV
19:35:23,14030.6,N4HAI,31,17,TI7W
19:35:23,14036.2,W5TM,38,30,AA4PA
19:35:24,14029.3,W2RQ,44,17,W1NT-2
19:35:24,14031.9,KX2P,28,20,AC0C-1
19:35:24,14031.9,KX2P,28,23,W1NT-2
19:35:24,14031.9,KX2P,28,22,KM3T-5
19:35:24,14036.2,W5TM,35,18,W1NT-2
19:35:24,14045.1,AI5IN,37,14,K5EM
19:35:25,14033.3,KR2Q,37,19,IK7YTT
19:35:25,14035.0,EA5M,34,17,ES5PC
19:35:26,14015.0,JA5TX,16,8,LZ4AE
19:35:27,14023.5,F6HKA,31,5,EA5WU
19:35:27,14031.8,KX2P,28,12,K9LC
19:35:27,14033.9,VE5UO,33,11,VE4DRK
19:35:27,14035.9,N6CHU,28,15,K9LC
19:35:27,14036.2,W5TM,37,18,K9LC
19:35:28,14031.9,KX2P,28,15,K9IMM
19:35:28,14031.9,KX2P,27,14,N9CO
19:35:28,14031.9,KX2P,27,23,K3PA-1
19:35:28,14031.9,KX2P,28,10,N4HAC
19:35:28,14035.2,VE3JM,39,46,K9IMM
19:35:28,14042.0,K1TR,38,11,W6YX
19:35:28,14054.5,WV0H,17,19,K3PA-1
19:35:28,14054.6,WV0H,17,21,K7CO
19:35:28,14065.0,WA7PGE,15,7,W6YX
19:35:28,14068.4,N9QF,25,2,W6YX
19:35:29,14025.3,TK4TZ,38,19,VE6WZ
19:35:29,14054.5,WV0H,17,27,WA7LNW
19:35:29,14055.0,KO4TQF,21,22,ZF9CW
19:35:29,14065.0,WA7PGE,15,6,VE6WZ
19:35:30,14025.3,TK4TZ,38,19,VE6WZ-3
19:35:30,14027.6,K5OHY,28,11,KM3T-3
19:35:30,14033.3,KR2Q,37,11,K1RA-4
19:35:30,14035.2,VE3JM,35,9,K1RA-4
19:35:30,14036.0,N6CHU,28,10,K7EK
19:35:30,14036.8,K0VBU,37,34,K7EK
19:35:30,14040.9,W1TO,37,34,K7EK
19:35:30,14041.6,K0RX,31,4,K7EK
19:35:30,14042.7,WN6P,21,6,K1RA-4
19:35:30,14065.0,WA7PGE,15,6,VE6WZ-3
19:35:31,14031.9,KX2P,28,6,NG7M
19:35:31,14031.9,KX2P,28,8,NU4F
19:35:31,14035.0,EA5M,36,27,SE5E
19:35:31,14036.2,W5TM,37,17,ND7K
19:35:31,14047.3,K6NR,25,16,WC2L
19:35:31,14054.5,WV0H,17,12,NG7M
19:35:31,14054.5,WV0H,17,5,ND7K
19:35:32,14029.7,KU9S,32,15,W2NNN
19:35:32,14044.7,WT9U,40,15,W2NNN
19:35:34,14034.3,DL6KVA,33,22,KM3T-5
19:35:34,14034.7,N5TOO,34,36,AC0C-1
19:35:34,14049.5,K4FT,31,25,AC0C-1
19:35:34,14049.5,K4FT,32,24,W1NT-2
19:35:34,14054.5,WV0H,17,13,AC0C-1
19:35:35,14030.6,N4HAI,31,3,K5EM
19:35:35,14031.9,KX2P,28,9,W3RGA
19:35:35,14033.3,KR2Q,34,11,N7VVX
19:35:35,14036.2,W5TM,37,20,W3RGA
19:35:35,14043.2,K5UV,37,13,W3RGA
19:35:35,14049.5,K4FT,32,16,W3RGA
19:35:36,14034.3,DL6KVA,32,9,BH4RRG0
19:35:36,14036.2,W5TM,37,20,K4PP
19:35:36,14049.5,K4FT,32,4,N2EPE
19:35:37,14024.9,W8FJ,43,32,K9LC
19:35:37,14034.3,DL6KVA,32,40,R4NCU
19:35:37,14038.5,K1SM,32,5,EA5WU
19:35:37,14041.9,K1TR,39,18,K9LC
19:35:38,14025.3,TK4TZ,38,21,KD7EFG
19:35:38,14031.7,N4IQ,38,34,N9CO
19:35:38,14031.9,KX2P,28,4,W6YX
19:35:38,14033.3,KR2Q,37,4,DL1HWS
19:35:38,14034.9,EA5M,38,26,YO2CK
19:35:38,14036.3,W5TM,36,15,KC4YVA
19:35:38,14039.8,KC9IL,31,9,VE4DRK
19:35:38,14042.7,WN6P,21,20,K7CO
19:35:38,14049.4,K4FT,32,11,VE4DRK
19:35:38,14059.0,N2ETH,19,6,K9IMM
19:35:39,14031.9,KX2P,28,15,ZF9CW
19:35:39,14049.5,K4FT,32,21,K3PA-1
19:35:39,14049.5,K4FT,31,13,N4HAC
19:35:39,14052.5,W4LOO,24,11,N4HAC
19:35:40,14034.3,DL6KVA,32,20,KM3T-2
19:35:40,14034.3,DL6KVA,32,9,BH4RRG
19:35:40,14034.3,DL6KVA,33,21,KM3T-3
19:35:40,14034.4,DL6KVA,31,7,N2YCH
19:35:40,14041.3,N5RZ,40,17,KM3T-3
19:35:40,14042.7,WN6P,21,13,K5TR
19:35:40,14043.2,K5UV,34,13,KM3T-3
19:35:40,14049.5,K4FT,32,15,K5TR
19:35:40,14049.5,K4FT,33,28,K1RA-4
19:35:40,14049.5,K4FT,32,12,VE6WZ
19:35:40,14049.5,K4FT,32,14,WB6BEE
19:35:40,14049.6,K4FT,32,9,N2YCH
19:35:40,14054.5,WV0H,17,2,VE6WZ
19:35:41,14044.3,W8CAR,39,19,NG7M
19:35:41,14049.5,K4FT,32,12,VE6WZ-3
19:35:41,14071.0,SQ9TTA,25,5,RU9CZD
19:35:42,14031.7,N4IQ,38,20,WC2L
19:35:42,14031.7,N4IQ,38,16,ND7K
19:35:42,14031.7,N4IQ,38,20,W1NT-6
19:35:42,14042.7,WN6P,21,14,ND7K
19:35:42,14044.7,WT9M,39,14,W2NNN
19:35:42,14049.5,K4FT,32,9,ND7K
19:35:42,14049.5,K4FT,32,14,W1NT-6
19:35:42,14049.6,K4FT,32,8,W2NNN
19:35:43,14027.6,K5OHY,29,16,W8WWV
19:35:43,14031.7,N4IQ,37,30,AA4PA
19:35:43,14034.3,DL6KVA,32,5,W8WWV
19:35:43,14035.0,EA5M,32,20,SM7IUN
19:35:43,14042.7,WN6P,21,13,WT8P
19:35:43,14044.3,W8CAR,39,7,WT8P
19:35:43,14045.8,W4SPR,31,20,W8WWV
19:35:44,14031.7,N4IQ,38,11,W2MV
19:35:44,14031.7,N4IQ,38,25,TI7W
19:35:45,14026.4,WG3J,42,20,K5EM
19:35:45,14031.7,N4IQ,39,27,W1NT-2
19:35:45,14031.7,N4IQ,38,19,KM3T-5
19:35:45,14035.6,K3ATO,28,9,K5EM
19:35:45,14037.1,K0SN,37,36,AC0C-1
19:35:45,14038.5,K1SM,31,6,MM9PSY
19:35:45,14040.1,KC9IL,31,16,K5EM
19:35:45,14040.8,W1TO,32,4,DR4W
19:35:45,14041.3,N5RZ,39,20,KM3T-5
19:35:45,14042.8,WN6P,21,26,K5EM
19:35:45,14049.5,K4FT,31,9,KM3T-5
19:35:45,14049.6,K4FT,32,15,K5EM
19:35:46,14031.9,KX2P,28,3,N2EPE
19:35:46,14032.2,N3RD,42,25,S53A
19:35:46,14035.0,EA5M,37,25,DL1HWS-4
19:35:47,14032.2,N3RD,43,24,DL8LAS-3
19:35:47,14032.2,N3RD,43,20,DK0KK
19:35:47,14035.0,EA5M,37,12,LZ5DI
19:35:47,14037.1,K0AT,34,11,W8WTS
19:35:48,14024.7,W8FJ,43,14,VE4DRK
19:35:48,14030.4,AD4EB,37,6,K6FOD
19:35:48,14031.6,N4IQ,38,16,K9LC
19:35:48,14034.3,DL6KVA,30,13,BD4UNT
19:35:48,14044.3,W8CAR,37,21,W6YX
19:35:48,14047.6,WN7S,32,6,N6TV
19:35:49,14031.0,K3WW,37,15,S53WW
19:35:49,14031.7,N4IQ,38,31,K9IMM
19:35:49,14031.7,N4IQ,38,21,KD7EFG
19:35:49,14031.7,N4IQ,38,40,ZF9CW
19:35:49,14035.0,EA5M,38,10,PA5KT-4
19:35:49,14045.8,K1ECU,32,6,K7CO
19:35:49,14045.8,W4SPR,33,20,N4HAC
19:35:49,14049.5,K4FT,31,12,WX7V/5
19:35:49,14049.5,K4FT,32,4,K7CO
19:35:49,14051.9,VA2RKV,13,10,ZF9CW
19:35:50,14031.7,N4IQ,38,21,WE9V
19:35:50,14031.7,N4IQ,38,18,KM3T-2
19:35:50,14031.7,N4IQ,38,21,WA7LNW
19:35:50,14032.2,N3RD,43,12,K7EK
19:35:50,14033.0,WJ9B,36,15,WE9V
19:35:50,14035.5,K3ATO,36,4,VE6AO
19:35:50,14036.8,K0VBU,37,31,K1RA-4
19:35:50,14044.3,W8CAR,37,25,WA7LNW
19:35:50,14044.3,W8CAR,38,19,K5TR
19:35:50,14045.8,W4SPR,31,16,WA7LNW
19:35:50,14045.8,W4SPR,32,29,K5TR
19:35:50,14045.8,W4SPR,31,17,AA0O
19:35:50,14045.8,W4SPR,31,20,K1RA-4
19:35:50,14049.5,K4FT,32,8,KM3T-2
19:35:51,14024.8,W8FJ,43,32,VE6WZ
19:35:51,14024.8,W8FJ,43,32,VE6WZ-3
19:35:51,14031.6,N4IQ,37,19,VE6WZ
19:35:51,14031.6,N4IQ,37,19,VE6WZ-3
19:35:51,14031.7,N4IQ,37,14,KD2M
19:35:51,14031.7,N4IQ,38,18,N2YCH
19:35:51,14031.7,N4IQ,38,19,KM3T-3
19:35:51,14031.7,N4IQ,37,10,NG7M
19:35:51,14032.1,N3RD,43,29,VE6WZ
19:35:51,14032.1,N3RD,43,29,VE6WZ-3
19:35:51,14034.7,N5TOO,36,20,N2YCH
19:35:51,14036.8,K0VBU,37,24,WB6BEE
19:35:51,14042.5,W7JET,37,28,NG7M
19:35:51,14045.8,W4SPR,31,14,VE6WZ
19:35:51,14045.8,W4SPR,31,14,VE6WZ-3
19:35:51,14049.5,K4FT,31,9,KM3T-3
19:35:52,14031.0,K3WW,39,16,GI4DOH
19:35:52,14031.7,N4IQ,38,11,NU4F
19:35:52,14032.3,N1DC,32,3,VE7CC
19:35:52,14032.3,N1DC,32,3,VE7CC
19:35:52,14034.3,DL6KVA,33,26,W1NT-6
19:35:52,14035.0,EA5M,36,25,YO5LD
19:35:52,14044.3,W8CAR,40,20,ND7K
19:35:52,14045.8,W4SPR,31,14,ND7K
19:35:53,14032.2,N3RD,43,24,DL8LAS
19:35:53,14035.0,EA5M,35,33,HA2NA
19:35:53,14037.6,W6SX,36,8,KH6LC
19:35:53,14045.4,N5MI,33,16,W8WWV
19:35:54,14032.2,N3RD,43,11,EI4HQ
19:35:54,14032.2,N3RD,42,8,G4KCM
19:35:54,14033.6,KT5V,31,16,AA4PA
19:35:54,14035.0,EA5M,32,24,OH6BG
19:35:55,14024.5,N3OC,36,8,OE9GHV
19:35:55,14024.9,W8FJ,44,22,TI7W
19:35:55,14024.9,W8FJ,44,5,N7VVX
19:35:55,14031.7,N4IQ,38,36,AC0C-1
19:35:55,14036.8,K0VBU,38,10,DR4W
19:35:55,14037.6,W6SX,36,29,AC0C-1
19:35:55,14037.6,W6SX,36,16,KM3T-5
19:35:55,14044.3,W8CAR,39,30,AC0C-1
19:35:55,14044.3,W8CAR,38,10,N7VVX
19:35:55,14044.6,WT9U,38,14,KM3T-5
19:35:57,14026.4,WG3J,43,12,S53A
19:35:57,14031.7,N4IQ,38,13,S53A
19:35:57,14032.2,N3RD,43,5,PE5TT
19:35:57,14045.4,N5MI,32,10,N2EPE
19:35:58,14024.9,W8FJ,44,18,K6FOD
19:35:58,14031.9,NE2V,36,8,K9LC
19:35:58,14035.3,KT5V,36,13,VE4DRK
19:35:58,14051.0,F5MZN/1,22,12,LZ3CB
19:35:59,14033.6,KT5V,31,12,K7CO
19:35:59,14034.1,N5WNG,32,4,W6YX
19:35:59,14035.1,EA5M,36,17,BG7IEJ
19:35:59,14035.8,AB5SE,36,12,N6TV
19:35:59,14037.6,W6SX,35,23,N9CO
19:35:59,14042.0,K1TR,39,29,WX7V/5
19:35:59,14044.3,W8CAR,38,6,N6TV
19:35:59,14044.3,W8CAR,38,21,WX7V/5
19:35:59,14044.3,W8CAR,40,23,K3PA-1
19:35:59,14044.3,W8CAR,39,24,K7CO
19:35:59,14044.3,W8CAR,38,36,KD7EFG
19:35:59,14044.6,WT9U,38,16,N6TV
19:35:59,14044.6,WT9U,38,31,WX7V/5
19:35:59,14044.6,WT9U,37,28,K7CO
19:36:00,14037.6,W6SX,36,16,ZF9CW
19:36:00,14037.6,W6SX,37,14,KM3T-2
19:36:00,14044.6,WT9U,39,12,KM3T-2
19:36:00,14045.4,N5MI,33,14,N4HAC
19:36:00,14051.0,F5MZN/1,22,14,N4HAC
19:36:00,14051.0,F5MZN/1,22,19,ZF9CW
19:36:01,14035.2,VE3JM,36,41,K7EK
19:36:01,14041.9,K1TR,39,20,KM3T-3
19:36:01,14044.3,W8CAR,39,11,VE6WZ
19:36:01,14044.6,WT9U,38,21,K5TR
19:36:01,14044.6,WT9U,37,22,WA7LNW
19:36:01,14044.6,WT9U,38,14,VE6WZ
19:36:01,14044.6,WT9U,39,13,KM3T-3
19:36:01,14045.4,N5MI,32,12,K1RA-4
19:36:01,14045.5,N5MI,33,5,K7EK
19:36:01,14049.5,K4FT,32,5,WA7LNW
19:36:01,14051.0,F5MZN/1,22,8,K1RA-4
19:36:02,14036.2,W5TM,37,9,W1NT-6
19:36:02,14044.3,W8CAR,39,11,VE6WZ-3
19:36:02,14044.6,WT9U,38,14,VE6WZ-3
19:36:02,14049.5,K4FT,31,5,WC2L
19:36:02,14051.0,F5MZN/1,22,6,RU9CZD
19:36:02,14051.0,F5MZN/1,22,13,ES2RR
19:36:02,14051.0,F5MZN/1,22,11,WC2L
19:36:03,14024.5,N3OC,40,10,DL8LAS
19:36:03,14025.3,TK4TZ,38,16,ND7K
19:36:03,14043.8,K0PC,32,5,WS3W
19:36:03,14051.1,F5MZN/1,22,12,W2NNN
19:36:05,14025.3,TK4TZ,38,34,AC0C-1
19:36:05,14042.0,K1TR,33,26,W1NT-2
19:36:06,14023.5,F6KA,32,5,PT2FHC
19:36:06,14032.2,N3RD,42,11,K5EM
19:36:06,14036.3,W5TM,37,13,K5EM
19:36:06,14044.4,W8CAR,39,8,K5EM
19:36:07,14042.0,K1TR,36,19,S53A
19:36:07,14051.0,F5MZN/1,22,6,N2EPE
19:36:08,14024.5,N3OC,40,10,DL8LAS-1
19:36:09,14025.3,TK4TZ,38,27,K9IMM
19:36:09,14031.7,N4IQ,36,14,W6YX
19:36:09,14045.8,W4SPR,31,21,WX7V/5
19:36:09,14051.5,WY7WL,18,6,WX7V/5
19:36:10,14032.2,N3RD,41,27,ZF9CW
19:36:10,14036.2,W5TM,38,37,N9CO
19:36:10,14039.3,K7RL,40,37,K7CO
19:36:10,14039.3,K7RL,39,24,ZF9CW
19:36:10,14041.9,K1TR,39,27,KD7EFG
19:36:10,14044.6,WT9U,41,34,KD7EFG
19:36:11,14029.6,KH7X,43,13,K7EK
19:36:11,14030.5,AD4EB,38,5,VE6WZ
19:36:11,14036.2,W5TM,37,24,WA7LNW
19:36:11,14043.2,K5UV,37,12,KM3T-2
19:36:11,14045.1,AI5IN,37,21,N2YCH
19:36:11,14045.8,W4SPR,31,21,KD2M
19:36:12,14029.6,KH7X,38,14,NG7M
19:36:12,14031.7,N4IQ,37,15,IT9GSF
19:36:12,14031.9,NE2V,38,24,IT9GSF
19:36:12,14035.5,K3ATO,38,8,G4ZFE
19:36:12,14043.2,K5UV,38,22,WB6BEE
19:36:12,14045.0,AI5IN,39,21,IT9GSF
19:36:12,14047.6,WN7S,32,4,G4ZFE
19:36:13,14030.6,N4HAI,32,2,WC2L
19:36:13,14045.8,W4SPR,32,13,W1NT-6
19:36:13,14045.9,W4SPR,31,11,W2NNN
19:36:13,14051.5,WY7WL,18,23,ND7K
19:36:14,14024.9,W8FJ,44,11,WT8P
19:36:14,14029.3,W2RQ,43,14,DK9IP-1
19:36:14,14035.5,K3ATO,37,9,DK9IP-1
19:36:14,14035.5,K3ATO,35,4,EI4HQ
19:36:15,14030.5,AD4EB,38,6,TI7W
19:36:15,14032.2,N3RD,40,32,AA4PA
19:36:15,14044.3,W8CAR,38,22,AA4PA
19:36:15,14045.8,W4SPR,31,15,AA4PA
19:36:15,14045.8,W4SPR,32,10,ZL4YL
19:36:16,14028.0,K9UIY,32,12,KM3T-5
19:36:16,14033.3,KR2Q,35,15,K5EM
19:36:16,14044.6,WT9U,38,35,AC0C-1
19:36:16,14044.6,WT9U,38,18,W1NT-2
19:36:16,14045.4,N5MI,32,23,W1NT-2
19:36:16,14045.8,W4SPR,32,21,W1NT-2
19:36:16,14065.0,WA7PGE,15,10,AC0C-1
19:36:16,14065.1,WA7PGE,15,5,K5EM
19:36:17,14035.0,EA5M,32,29,R4NCU
19:36:17,14040.0,K0RX,31,14,N2EPE
19:36:17,14043.2,K5UV,35,8,N2EPE
19:36:17,14045.8,W4SPR,31,5,N2EPE
19:36:18,14035.5,K3ATO,36,8,EA5WU
19:36:18,14035.5,K3ATO,37,7,M1GEO
19:36:19,14034.3,DL6KV,32,7,S53WW
19:36:19,14035.0,VE3JM,35,17,VE4DRK
19:36:19,14035.0,EA5M,37,33,S53WW
19:36:19,14036.6,K0VBU,37,11,VE4DRK
19:36:19,14036.9,K0VBU,37,13,IK4VET
19:36:20,14036.2,W5TM,39,25,KD7EFG
19:36:20,14040.0,K0RX,31,18,N4HAC
19:36:20,14042.6,W7JET,40,34,W6YX
19:36:20,14044.6,WT9U,38,31,K3PA-1
19:36:20,14046.6,K3MD,34,16,K3PA-1
19:36:20,14046.6,K3MD,32,29,W6YX
19:36:20,14046.6,K3MD,34,18,N6TV
19:36:20,14046.6,K3MD,33,19,N9CO
19:36:21,14036.2,W5TM,37,29,WE9V
19:36:21,14040.8,W1TO,31,3,DK0TE
19:36:21,14046.6,K3MD,33,20,K5TR
19:36:22,14024.5,N3OC,34,22,SE5E
19:36:22,14026.6,W1WES,38,9,SE5E
19:36:22,14027.4,N8KH,37,25,K7EK
19:36:22,14027.4,N8KH,35,14,VE6WZ
19:36:22,14029.3,M2RQ,44,28,WA7LNW
19:36:22,14029.3,W2RQ,41,13,NU4F
19:36:22,14035.5,K3ATO,38,4,EA4RKC
19:36:22,14040.0,K0RX,32,6,K7EK
19:36:22,14045.0,AI5IN,37,9,EA4RKC
19:36:22,14045.4,N5MI,31,16,WB6BEE
19:36:22,14046.3,WU6P,38,7,K7EK
19:36:23,14034.7,N5TOO,37,13,WC2L
19:36:23,14036.7,K0VBU,37,19,OK1HRA
19:36:23,14045.4,N5MI,32,12,W1NT-6
19:36:23,14045.4,N5MI,34,19,W2NNN
19:36:23,14046.6,K3MD,33,21,NG7M
19:36:23,14046.6,K3MD,32,5,DL8LAS
19:36:24,14033.3,KR2Q,37,5,G4KCM
19:36:24,14046.6,K3MD,33,31,ND7K
19:36:25,14049.5,TK4FT,32,8,AA4PA
19:36:26,14019.0,DL8RJ,20,4,KM3T-5
19:36:26,14032.7,N4BP,30,23,KM3T-5
19:36:26,14032.7,N4BP,31,30,W1NT-2
19:36:26,14036.2,W5TM,32,52,AC0C-1
19:36:26,14042.0,K1TR,41,22,TI7W
19:36:26,14044.7,WT9U,38,13,K5EM
19:36:26,14045.8,W4SPR,32,9,KM3T-5
19:36:26,14045.8,W4SPR,32,8,AC0C-1
19:36:26,14046.6,K3MD,33,17,TI7W
19:36:26,14046.6,K3MD,33,10,N7VVX
19:36:26,14046.6,K3MD,34,31,AC0C-1
19:36:26,14046.7,K3MD,34,17,K5EM
19:36:27,14027.4,N8KH,36,5,MM0ZBH
19:36:27,14029.6,KH7X,43,8,AK6RI-1
19:36:27,14032.7,N4BP,30,39,W3RGA
19:36:27,14042.0,K1TR,38,12,K4PP
19:36:27,14046.6,K3MD,34,23,W3RGA
19:36:27,14046.7,K3MD,34,9,DL8LAS-3
19:36:28,14019.0,DL8RJ,20,5,R4NCU
19:36:28,14032.7,N4BP,31,26,N2EPE
19:36:28,14032.7,N4BP,31,21,W8WTS
19:36:28,14034.7,N5TOO,37,25,N2EPE
19:36:29,14032.7,N4BP,31,15,K9LC
19:36:29,14046.5,K3MD,33,11,VE4DRK
19:36:29,14046.6,K3MD,32,5,DL8LAS-1
19:36:29,14046.6,K3MD,33,17,K6FOD
19:36:29,14046.6,K3MD,33,6,K9LC
19:36:30,14032.7,N4BP,31,31,KC4YVA
19:36:30,14032.7,N4BP,30,15,W6YX
19:36:30,14034.7,N5TOO,36,16,W6YX
19:36:30,14034.7,N5TOO,36,39,K9IMM
19:36:30,14046.6,K3MD,33,37,K7CO
19:36:31,14015.6,DL6ED,25,4,N2YCH
19:36:31,14019.0,DL8RJ,20,9,BD8CS
19:36:31,14023.5,F6HKA,31,15,N4HAC
19:36:31,14029.3,W2RQ,43,32,KD7EFG
19:36:31,14029.6,KH7X,43,31,N9CO
19:36:31,14032.7,N4BP,30,19,KM3T-2
19:36:31,14032.8,N4BP,30,18,N2YCH
19:36:31,14033.2,KR2Q,36,31,WE9V
19:36:31,14033.6,KT5V,31,11,N4HAC
19:36:31,14034.6,N5TOO,37,8,VE6AO
19:36:31,14045.4,N5MI,31,9,KM3T-2
19:36:31,14045.4,N5MI,31,23,N2YCH
19:36:31,14045.8,W4SPR,31,8,WE9V
19:36:31,14046.6,K3MD,33,15,WE9V
19:36:31,14046.6,K3MD,33,32,ZF9CW
19:36:31,14046.6,K3MD,33,8,VE6AO
19:36:31,14049.5,K4FT,33,7,KD7EFG
19:36:32,14032.6,N4BP,29,17,VE6WZ
19:36:32,14032.7,N4BP,31,37,K5TR
19:36:32,14032.7,N4BP,30,31,K1RA-4
19:36:32,14032.7,N4BP,30,23,KM3T-3
19:36:32,14035.5,K3ATO,38,5,SE5E
19:36:32,14045.4,N5MI,31,10,KM3T-3
19:36:32,14045.8,W4SPR,32,9,KM3T-3
19:36:32,14046.6,K3MD,33,4,K1RA-4
19:36:32,14046.6,K3MD,33,37,WA7LNW
19:36:32,14046.6,K3MD,33,15,VE6WZ
19:36:33,14027.6,TK5OY,28,11,W1NT-6
19:36:33,14032.6,N4BP,29,17,VE6WZ-3
19:36:33,14032.7,N4BP,30,14,DL8LAS
19:36:33,14032.7,N4BP,30,23,W1NT-6
19:36:33,14035.6,K3ATO,35,8,DL8LAS
19:36:34,14024.9,W8FJ,44,9,KH6LC
19:36:34,14029.6,KH7X,43,17,ND7K
19:36:34,14032.7,N4BP,30,35,W8WWV
19:36:34,14032.8,N4BP,31,26,W2NNN
19:36:34,14034.1,VE5UO,33,3,WT8P
19:36:34,14034.7,N5TOO,37,10,EI4HQ
19:36:34,14040.0,K0RX,31,34,W8WWV
19:36:34,14043.4,KG5U,30,23,ND7K
19:36:34,14046.6,K3MD,34,8,KH6LC
19:36:34,14046.6,K3MD,31,7,WT8P
19:36:34,14047.2,K6NR,25,23,ND7K
19:36:35,14035.5,K3ATO,37,5,DK9IP
19:36:36,14015.5,DL6ED,26,18,ZL4YL
19:36:36,14029.6,KH7X,43,31,AC0C-1
19:36:36,14034.7,N5TOO,37,23,TI7W
19:36:36,14049.0,ND9M,28,21,W1NT-2
19:36:37,14032.8,N4BP,31,18,DL8LAS-3
19:36:37,14035.6,K3ATO,35,8,DL8LAS-3
19:36:37,14038.1,W9ILY,29,28,W1NT-2
19:36:37,14038.1,W9ILY,29,11,K4PP
19:36:38,14026.6,TW1WE,38,8,DK0KK
19:36:38,14027.7,G4PFZ,32,27,LZ3CB
19:36:39,14032.7,N4BP,30,14,DL8LAS-1
19:36:40,14027.4,N8KU,36,6,K9LC
19:36:40,14027.4,N8KH,38,23,K3PA-1
19:36:40,14027.4,N8KH,37,23,KC4YVA
19:36:40,14032.7,N4BP,31,12,WX7V/5
19:36:40,14035.2,VE3JM,38,10,K6FOD
19:36:40,14038.1,W9ILY,29,15,KC4YVA
19:36:40,14043.4,KG5U,30,9,K9LC
19:36:40,14043.4,KG5U,30,20,K3PA-1
19:36:40,14045.4,N5MI,31,27,K3PA-1
19:36:40,14045.4,N5MI,31,4,KC4YVA
19:36:40,14046.6,K3MD,33,25,WX7V/5
19:36:41,14027.8,G4PFZ,31,9,SZ1A
19:36:41,14031.7,N4IQ,37,13,K7CO
19:36:41,14043.4,KG5U,30,14,W6YX
19:36:41,14043.4,KG5U,30,13,K9IMM
19:36:41,14043.4,KG5U,29,26,K7CO
19:36:41,14043.4,KG5U,30,13,N9CO
19:36:41,14043.4,KG5U,30,21,KD7EFG
19:36:41,14045.4,N5MI,32,21,N9CO
19:36:42,14015.5,DL6ED,25,2,EA4RKC
19:36:42,14017.4,F8BRQ/P,19,12,IT9GSF
19:36:42,14027.7,G4PFZ,31,19,BD8CS
19:36:42,14029.3,W2RQ,43,14,VE6AO
19:36:42,14038.1,W9ILY,29,28,KM3T-2
19:36:42,14038.1,W9ILY,29,33,WA7LNW
19:36:42,14043.4,KG5U,29,8,KM3T-2
19:36:42,14043.4,KG5U,29,20,ZF9CW
19:36:42,14043.4,KG5U,30,4,K1RA-4
19:36:42,14043.4,KG5U,29,30,WA7LNW
19:36:42,14043.5,KG5U,30,7,N2YCH
19:36:42,14044.3,W8CAR,38,23,ZF9CW
19:36:42,14045.4,N5MI,32,13,WE9V
19:36:42,14049.5,K4FT,32,7,ZF9CW
19:36:43,14022.0,EA2CAR,22,10,KM3T-3
19:36:43,14027.7,G4PFZ,31,7,WB6BEE
19:36:43,14027.7,G4PFZ,32,14,RK3TD
19:36:43,14030.5,AD4EB,38,5,NU4F
19:36:43,14035.0,EA5M,36,21,RU9CZD
19:36:43,14038.1,W9ILY,29,29,KM3T-3
19:36:43,14040.5,NE5A,32,6,NU4F
19:36:43,14041.9,K1TR,39,18,VE6WZ
19:36:43,14041.9,K1TR,39,18,VE6WZ-3
19:36:43,14043.2,K5UV,37,13,VE6WZ
19:36:43,14043.2,K5UV,37,13,VE6WZ-3
19:36:43,14043.4,KG5U,30,6,WB6BEE
19:36:43,14043.4,KG5U,29,4,VE6WZ
19:36:43,14043.4,KG5U,30,16,NG7M
19:36:43,14046.6,K3MD,33,5,NU4F
19:36:44,14005.4,OK1IP,24,6,W1NT-6
19:36:44,14027.8,G4PFZ,33,22,RK3TD-2
19:36:44,14029.3,W2RQ,44,9,G0KTN
19:36:44,14029.7,KH7X,43,18,W2NNN
19:36:44,14038.1,W9ILY,29,24,W2NNN
19:36:44,14043.4,KG5U,30,7,W1NT-6
19:36:44,14043.4,KG5U,30,14,W8WWV
19:36:44,14043.5,KG5U,30,10,W2NNN
19:36:45,14035.0,EA5M,38,26,OK1FCJ
19:36:45,14045.4,N5MI,31,25,ND7K
19:36:46,14029.3,W2RQ,42,7,MM9PSY
19:36:46,14038.1,W9ILY,28,29,KM3T-5
19:36:46,14038.1,W9ILY,29,7,N7VVX
19:36:46,14042.0,K1TR,39,26,AA4PA
19:36:47,14039.3,K7RL,39,25,K5EM
19:36:47,14043.4,KG5U,30,11,TI7W
19:36:47,14043.4,KG5U,30,8,W1NT-2
19:36:47,14043.4,KG5U,30,20,AC0C-1
19:36:47,14045.4,N5MI,31,28,AC0C-1
19:36:47,14045.4,N5MI,32,34,W3RGA
19:36:48,14029.3,W2RQ,44,10,EA5WU
19:36:48,14031.0,K3WW,40,16,DK0KK
19:36:48,14043.4,KG5U,30,4,K4PP
19:36:50,14034.4,KG9X,39,26,WX7V/5
19:36:50,14043.4,KG5U,30,8,K6FOD
19:36:50,14045.0,AI5IN,37,30,WX7V/5
19:36:51,14026.6,W1WEF,38,48,N9CO
19:36:51,14029.3,W2RQ,42,40,K9IMM
19:36:51,14042.0,K1TR,39,11,K7CO
19:36:51,14043.4,KG5U,29,2,N6TV
19:36:51,14052.5,W4LOO,25,19,W6YX
19:36:52,14026.6,W1WEF,34,34,KD7EFG
19:36:52,14036.0,N6CHU,28,21,ZF9CW
19:36:52,14040.8,W1TO,30,18,VE6AO
19:36:52,14041.9,K1TR,40,32,WE9V
19:36:52,14043.3,K5UV,37,4,N2YCH
19:36:52,14044.3,AA4GA,35,23,ZF9CW
19:36:53,14029.3,W2RQ,41,26,WA7LNW
19:36:53,14034.7,N5TOO,33,9,VE6WZ
19:36:53,14035.0,EA5M,36,9,F4GOU
19:36:53,14041.9,K1TR,38,11,IT9GSF
19:36:53,14043.4,KG5U,29,9,KM3T-3
19:36:53,14045.8,W4SPR,31,13,IT9GSF
19:36:53,14052.5,W4LOO,24,17,WB6BEE
19:36:54,14032.7,N4BP,31,22,WC2L
19:36:55,14025.3,TK4TZ,39,7,EI4HQ
19:36:55,14032.7,N4BP,32,21,ND7K
19:36:55,14045.0,AI5IN,37,7,W2MV
19:36:55,14052.5,W4LOO,25,31,ND7K
19:36:56,14043.4,KG5U,30,17,AA4PA
19:36:56,14044.6,WT9U,39,30,AA4PA
19:36:57,14029.3,W2RQ,40,13,K5EM
19:36:57,14032.2,N3RD,43,8,ZL4YL
19:36:57,14032.7,N4BP,30,30,TI7W
19:36:57,14036.2,W5TM,38,9,ZL4YL
19:36:57,14037.7,W6SX,37,19,K5EM
19:36:57,14043.4,KG5U,29,9,KM3T-5
19:36:57,14043.5,KG5U,30,6,K5EM
19:36:58,14035.0,EA5M,37,15,S53A
19:36:58,14039.3,K7RL,38,22,N2EPE
19:37:00,14025.8,WS7L,35,22,VE4DRK
19:37:00,14033.7,KX2P,28,9,K9LC
19:37:01,14026.0,WS7L,34,20,N4HAC
19:37:01,14031.7,N4IQ,36,13,K3PA-1
19:37:01,14033.7,KX2P,27,9,K3PA-1
19:37:01,14033.7,KX2P,28,13,WX7V/5
19:37:01,14034.7,N5TOO,37,32,K3PA-1
19:37:01,14037.6,W6SX,37,36,K3PA-1
19:37:01,14037.7,W6SX,36,13,KC4YVA
19:37:01,14045.0,AI5IN,37,39,K3PA-1
19:37:02,14023.5,F6HKA,32,23,WE9V
19:37:02,14024.9,W8FJ,44,32,K7CO
19:37:02,14026.0,WS7L,34,23,KM3T-2
19:37:02,14032.8,N4BP,33,23,KD7EFG
19:37:02,14033.7,KX2P,28,13,K9IMM
19:37:02,14033.7,KX2P,28,4,W6YX
19:37:02,14033.8,KX2P,27,11,N2YCH
19:37:02,14034.7,N5TOO,37,11,K7CO
19:37:02,14036.2,W5TM,36,8,N6TV
19:37:02,14036.2,W5TM,37,10,KM3T-2
19:37:02,14037.6,W6SX,37,35,K9IMM
19:37:02,14037.6,W6SX,35,51,KD7EFG
19:37:02,14037.6,W6SX,37,25,WE9V
19:37:02,14037.7,W6SX,37,7,N2YCH
19:37:02,14045.8,W4SPR,32,8,KM3T-2
19:37:02,14051.0,F5MZN/1,22,16,N9CO
19:37:02,14058.0,W7BTR,21,5,K7CO
19:37:03,14023.5,F6HKA,32,8,EA4RKC
19:37:03,14026.0,WS7L,34,23,KM3T-3
19:37:03,14026.6,W1WEF,36,25,IT9GSF
19:37:03,14032.7,N4BP,31,12,SE5E
19:37:03,14033.7,KX2P,27,20,K5TR
19:37:03,14033.7,KX2P,28,15,WA7LNW
19:37:03,14036.2,W5TM,38,12,KM3T-3
19:37:03,14037.6,W6SX,37,23,K1RA-4
19:37:03,14037.6,W6SX,37,32,K5TR
19:37:03,14037.6,W6SX,37,13,VE6AO
19:37:03,14037.6,W6SX,37,13,KM3T-3
19:37:03,14038.1,W9ILY,29,28,K5TR
19:37:03,14041.9,K1TR,39,7,NU4F
19:37:03,14045.4,N5MI,31,5,W2NAF
19:37:03,14045.4,N5MI,32,18,WA7LNW
19:37:03,14052.5,W4LOO,25,16,K1RA-4
19:37:04,14005.4,OK1IP,24,8,RU9CZD
19:37:04,14005.4,OK1IP,24,6,RK3TD-2
19:37:04,14036.2,W5TM,38,15,VE6WZ
19:37:04,14040.0,K0RX,32,21,WC2L
19:37:04,14051.0,F5MZN/1,22,12,RK3TD-2
19:37:05,14033.7,KX2P,28,18,W1NT-6
19:37:05,14033.7,KX2P,28,7,W8WWV
19:37:05,14037.6,W6SX,34,21,W8WWV
19:37:05,14049.0,ND9M,29,18,W1NT-6
19:37:05,14049.1,ND9M,28,19,W2NNN
19:37:05,14052.5,W4LOO,25,8,W1NT-6
19:37:05,14061.6,YO4BEX,30,8,G0KTN
19:37:06,14033.7,KX2P,27,6,ND7K
19:37:06,14034.7,N5TOO,36,19,ND7K
19:37:06,14038.5,K1SM,32,17,DR4W
19:37:06,14038.5,K1SM,32,26,AA4PA
19:37:06,14045.4,N5MI,32,18,AA4PA
19:37:06,14061.6,YO4BEX,30,18,MM9PSY
19:37:06,14061.6,YO4BEX,30,18,MM9PSY
19:37:07,14027.4,N8KH,37,28,KM3T-5
19:37:07,14027.4,N8KH,37,28,W3RGA
19:37:07,14027.4,N8KH,37,37,W1NT-2
19:37:07,14033.7,KX2P,28,21,W1NT-2
19:37:07,14037.6,W6SX,37,24,N7VVX
19:37:07,14043.6,KG5U,29,8,W3RGA
19:37:07,14052.5,W4LOO,24,11,W1NT-2
19:37:08,14024.9,WO4EJ,39,31,K4PP
19:37:08,14026.6,W1WEF,35,9,PE5TT
19:37:08,14031.7,N4IQ,37,11,K5EM
19:37:08,14033.7,KX2P,28,14,AC0C-1
19:37:08,14034.1,VE5UO,33,37,AC0C-1
19:37:08,14038.5,K1SM,32,8,DO4DXA
19:37:08,14038.5,K1SM,32,25,AC0C-1
19:37:08,14038.5,K1SM,32,14,K4PP
19:37:08,14038.5,K1SM,32,17,DK0KK
19:37:08,14038.6,K1SM,32,34,TI7W
19:37:08,14038.6,K1SM,32,18,DL8LAS-3
19:37:08,14045.4,N5MI,33,14,K5EM
19:37:09,14027.4,N8KH,37,16,N2EPE
19:37:09,14037.6,N0KO,34,10,N2EPE
19:37:09,14052.5,W4LOO,25,3,W8WTS
19:37:10,14038.5,K1SM,31,6,MM0ZBH
19:37:10,14038.5,K1SM,32,15,PI4CC
19:37:10,14038.6,K1SM,32,16,IK4VET
19:37:10,14061.6,YO4BEX,30,16,MM0ZBH
19:37:11,14036.1,W5TM,37,30,VE4DRK
19:37:11,14038.5,K1SM,33,17,PA5KT-4
19:37:11,14038.5,K1SM,32,11,K9LC
19:37:11,14045.3,N5MI,29,18,VE4DRK
19:37:12,14017.7,OE6JTD,21,2,SZ1A
19:37:12,14026.3,WG3J,42,14,N6TV
19:37:12,14027.2,G4PFZ,32,12,SZ1A
19:37:12,14027.2,G4PFZ,31,14,BD8CS
19:37:12,14033.7,KX2P,28,4,K7CO
19:37:12,14033.7,KX2P,28,18,KM3T-2
19:37:12,14034.1,VE5UO,33,31,N9CO
19:37:12,14034.9,N7NR,35,40,W6YX
19:37:12,14038.5,K1SM,33,26,K9IMM
19:37:12,14038.5,K1SM,31,9,DK0TE
19:37:12,14038.5,K1SM,32,31,N9CO
19:37:12,14038.5,K1SM,32,20,KD7EFG
19:37:12,14039.3,K7RL,40,32,N9CO
19:37:12,14040.5,NE5A,33,17,W6YX
19:37:12,14040.5,NE5A,32,35,K9IMM
19:37:12,14040.5,NE5A,33,27,N9CO
19:37:12,14044.6,WT9U,38,23,W6YX
19:37:12,14045.4,N5MI,31,7,W6YX
19:37:12,14048.0,WC1D,23,17,N9CO
19:37:13,14014.0,EI3LH,19,30,IT9GSF
19:37:13,14014.0,EI3LH,19,28,ES2RR
19:37:13,14027.2,G4PFZ,31,14,K1RA-4
19:37:13,14033.7,KX2P,28,6,WE9V
19:37:13,14034.0,VE5UO,33,19,K5TR
19:37:13,14038.5,K1SM,32,22,WE9V
19:37:13,14038.5,K1SM,31,27,K5TR
19:37:13,14038.5,K1SM,32,35,IT9GSF
19:37:13,14038.5,K1SM,31,34,ZF9CW
19:37:13,14040.5,NE5A,33,26,ZF9CW
19:37:13,14044.6,WT9U,36,19,ZF9CW
19:37:13,14045.4,N5MI,31,8,IT9GSF
19:37:14,14027.2,G4PFZ,31,22,RK3TD-2
19:37:14,14033.0,WJ9B,34,22,VE6WZ
19:37:14,14033.0,WJ9B,34,22,VE6WZ-3
19:37:14,14033.7,KX2P,28,20,KM3T-3
19:37:14,14033.7,KX2P,27,7,WB6BEE
19:37:14,14033.7,OZ3SM,33,16,RU9CZD
19:37:14,14038.5,K1SM,32,18,VE6WZ
19:37:14,14038.5,K1SM,32,18,VE6WZ-3
19:37:14,14038.6,K1SM,32,18,DL8LAS
19:37:14,14040.5,NE5A,32,19,WB6BEE
19:37:14,14040.5,NE5A,31,22,WA7LNW
19:37:14,14043.2,K5UV,39,14,VE6WZ
19:37:14,14046.3,WU6P,38,5,NU4F
19:37:14,14051.0,F5MZN/1,22,19,WB6BEE
19:37:15,14027.2,G4PFZ,32,11,W2NNN
19:37:15,14033.3,KR2Q,34,8,KH6LC
19:37:15,14038.5,K1SM,31,15,DK9IP-1
19:37:15,14038.5,K1SM,32,13,DK9IP
19:37:15,14038.5,K1SM,32,11,EI4HQ
19:37:15,14039.3,K7RL,40,26,WC2L
19:37:16,14032.1,N3RD,43,8,DR4W
19:37:16,14034.0,VE5UO,33,28,W8WWV
19:37:16,14040.5,NE5A,32,22,W8WWV
19:37:17,14025.3,TK4TZ,38,28,AA4PA
19:37:17,14032.7,N4BP,31,32,AA4PA
19:37:17,14033.7,KX2P,27,21,KM3T-5
19:37:17,14034.3,DL6KVA,31,7,MM9PSY
19:37:17,14042.5,W7JET,39,15,KM3T-5
19:37:17,14045.0,AI5IN,38,13,N7VVX
19:37:17,14046.6,K3MD,35,23,AA4PA
19:37:18,14025.3,TK4EZ,36,32,AC0C-1
19:37:18,14028.9,N8UM,37,6,DO4DXA
19:37:18,14032.7,N4BP,30,8,DL1HWS-4
19:37:18,14032.7,N4BP,30,15,K4PP
19:37:18,14034.1,VE5UO,33,25,W1NT-2
19:37:18,14037.7,W6SX,36,16,W3RGA
19:37:18,14037.7,W6SX,36,16,ZL4YL
19:37:18,14039.3,K7RL,37,38,AC0C-1
19:37:18,14039.3,K7RL,37,20,AK6RI-1
19:37:18,14040.0,K0RX,33,11,W1NT-2
19:37:19,14027.2,G4PFZ,31,30,LZ3CB
19:37:19,14032.7,N4BP,31,14,DL1HWS
19:37:19,14033.8,OZ3SM,34,18,EA5WU
19:37:20,14032.2,N3RD,42,7,IK4VET
19:37:20,14032.7,N4BP,31,6,S53WW
19:37:20,14034.3,DL6KVA,32,11,MM0ZBH
19:37:21,14029.2,K5SJC,32,21,K3PA-1
19:37:21,14032.7,N4BP,31,5,KD2OGR
19:37:21,14033.0,WJ9B,35,4,K6FOD
19:37:21,14035.0,EA5M,37,5,PI4CC
19:37:21,14040.4,NE5A,32,8,VE4DRK
19:37:22,14032.7,N4BP,30,29,N4HAC
19:37:22,14035.2,VE3JM,38,8,KD2M
19:37:23,14029.1,K5SJC,33,7,K9IMM
19:37:23,14029.1,K5SJC,32,7,WE9V
19:37:23,14032.7,N4BP,30,24,N9CO
19:37:23,14033.8,OZ3SM,34,28,EA4RKC
19:37:23,14035.2,VE3JM,37,12,EA4RKC
19:37:23,14040.0,K0RX,34,9,K1RA-4
19:37:23,14042.5,W7JET,38,34,K5TR
19:37:23,14042.6,W7JET,40,42,KD7EFG
19:37:23,14045.8,W4SPR,32,17,KD7EFG
19:37:24,14029.1,K5SJC,32,9,VE6WZ
19:37:24,14029.2,K5SJC,32,10,VE6WZ
19:37:24,14032.7,N4BP,31,11,NU4F
19:37:24,14032.7,N4BP,30,11,NG7M
19:37:24,14033.0,WJ9B,35,10,VE6WZ
19:37:24,14034.1,VE5UO,33,7,NU4F
19:37:24,14037.6,W6SX,36,23,WB6BEE
19:37:24,14037.6,W6SX,37,21,NG7M
19:37:24,14040.0,K0RX,33,10,KM3T-3
19:37:24,14040.0,K0RX,34,13,WA7LNW
19:37:25,14027.2,G4PFZ,31,9,RU9CZD
19:37:25,14027.4,N8KH,38,19,WC2L
19:37:25,14029.1,K5SJC,32,9,VE6WZ-3
19:37:25,14033.8,OZ3SM,34,8,W2NNN
19:37:25,14035.0,EA5M,33,6,G4KCM
19:37:25,14038.5,K1SM,32,7,G0KTN
19:37:25,14042.6,W7JET,39,10,W1NT-6
19:37:25,14045.8,W4SPR,31,6,EI4HQ
19:37:27,14042.6,W7JET,37,26,AA4PA
19:37:28,14043.8,K0PC,32,32,W1NT-2
19:37:29,14005.4,OK1IP,24,8,R4NCU
19:37:29,14033.7,OZ3SM,34,14,R4NCU
19:37:29,14044.6,WT9M,38,5,AK6RI-1
19:37:31,14024.5,N3OC,38,25,K3PA-1
19:37:31,14038.5,K1SM,31,27,WX7V/5
19:37:31,14043.8,K0PC,32,28,KC4YVA
19:37:31,14045.8,W4SPR,31,18,K3PA-1
19:37:32,14029.1,K5SJC,33,6,K9LC
19:37:32,14031.4,KA5M,31,8,N4HAC
19:37:32,14031.7,N4IQ,38,3,AA0O
19:37:32,14033.8,OZ3SM,34,14,N4HAC
19:37:32,14037.6,W6SX,37,26,K9LC
19:37:32,14043.8,K0PC,31,22,N4HAC
19:37:33,14031.4,KA5M,30,13,K7CO
19:37:33,14031.4,KA5M,31,20,W6YX
19:37:33,14031.4,KA5M,31,9,K9IMM
19:37:33,14031.4,KA5M,31,19,N9CO
19:37:33,14031.4,KA5M,31,12,VE6AO
19:37:33,14031.4,KA5M,31,10,WE9V
19:37:33,14032.1,N3RD,43,10,VE6AO
19:37:33,14033.8,OZ3SM,33,12,BD8CS
19:37:33,14040.5,NE5A,30,22,K1RA-4
19:37:33,14043.8,K0PC,32,23,KM3T-2
19:37:33,14043.8,K0PC,32,13,N2YCH
19:37:33,14043.8,K0PC,31,11,N6TV
19:37:34,14008.5,YO8XMD,29,8,IT9GSF
19:37:34,14024.5,N3OC,37,34,IT9GSF
19:37:34,14024.5,N3OC,42,12,WS3W
19:37:34,14027.2,G4PFZ,33,44,IT9GSF
19:37:34,14027.4,N8KH,35,27,IT9GSF
19:37:34,14029.1,N8UM,38,9,DL5RCN
19:37:34,14031.4,KA5M,31,17,ZF9CW
19:37:34,14035.2,MM2T,30,26,RK3TD
19:37:34,14035.5,K1DW,33,14,WB6BEE
19:37:34,14043.8,K0PC,32,29,ZF9CW
19:37:34,14043.8,K0PC,31,24,KM3T-3
19:37:35,14008.5,YO8XMD,29,31,RU9CZD
19:37:35,14023.5,F6HKA,32,4,RK3TD-2
19:37:35,14024.5,N3OC,37,32,VE6WZ
19:37:35,14024.5,N3OC,37,32,VE6WZ-3
19:37:35,14031.4,KA5M,30,31,WA7LNW
19:37:35,14031.4,KA5M,31,31,NG7M
19:37:35,14031.4,KA5M,30,21,VE6WZ
19:37:35,14031.4,KA5M,31,18,VE6WZ
19:37:35,14031.4,KA5M,30,21,VE6WZ-3
19:37:35,14035.1,MM2T,30,21,UY2RA
19:37:35,14035.1,MM2T,30,34,RU9CZD
19:37:35,14035.2,MM2T,31,20,RK3TD-2
19:37:35,14035.2,MM2T,30,25,LZ4UX
19:37:35,14037.6,W6SX,35,25,VE6WZ
19:37:35,14037.6,W6SX,35,25,VE6WZ-3
19:37:35,14038.5,K1SM,31,11,NU4F
19:37:35,14043.7,K0PC,31,21,VE6WZ
19:37:35,14043.7,K0PC,31,21,VE6WZ-3
19:37:35,14043.8,K0PC,32,28,WA7LNW
19:37:35,14045.8,W4SPR,31,7,NG7M
19:37:36,14008.5,YO8XMD,30,18,JN1ILK
19:37:36,14008.5,YO8XMD,31,23,EI4HQ
19:37:36,14027.2,G4PFZ,33,6,W1NT-6
19:37:36,14029.2,K5SJC,33,16,W2NNN
19:37:36,14035.2,MM2T,31,18,W1NT-6
19:37:36,14038.5,K1SM,31,15,OE9GHV
19:37:36,14043.7,K0PC,31,39,W8WWV
19:37:36,14043.8,K0PC,32,25,W1NT-6
19:37:36,14043.8,K0PC,32,24,W2NNN
19:37:37,14008.5,YO8XMD,29,31,MM9PSY
19:37:37,14024.5,N3OC,38,25,ND7K
19:37:37,14031.4,KA5M,31,31,ND7K
19:37:37,14038.5,K1SM,31,15,ND7K
19:37:37,14040.5,NE5A,29,25,ND7K
19:37:37,14043.8,K0PC,32,27,ND7K
19:37:38,14024.5,N3OC,38,23,S53A
19:37:38,14029.1,K5SJC,33,8,N7VVX
19:37:38,14029.1,K5SJC,33,9,KM3T-5
19:37:38,14030.1,K0INN,28,22,AA4PA
19:37:38,14030.1,K0INN,29,12,KM3T-5
19:37:38,14031.4,KA5M,30,21,AA4PA
19:37:38,14035.2,MM2T,30,34,LZ5DI
19:37:38,14036.2,W5TM,37,12,KM3T-5
19:37:39,14024.5,N3OC,38,27,AC0C-1
19:37:39,14024.5,N3OC,38,23,TI7W
19:37:39,14027.2,G4PFZ,31,11,TI7W
19:37:39,14027.4,N8KH,36,27,AC0C-1
19:37:39,14030.1,K0INN,29,34,AC0C-1
19:37:39,14031.4,KA5M,30,32,AC0C-1
19:37:39,14031.4,KA5M,30,12,TI7W
19:37:39,14031.4,KA5M,31,11,K4PP
19:37:39,14034.4,KG9X,38,9,AK6RI-1
19:37:39,14035.2,MM2T,31,20,W1NT-2
19:37:39,14040.5,NE5A,30,18,W1NT-2
19:37:39,14043.8,K0PC,31,21,N2EPE
19:37:40,14008.5,YO8XMD,29,25,MM0ZBH
19:37:40,14035.1,MM2T,30,23,LZ3CB
19:37:40,14035.1,MM2T,30,25,R4NCU
19:37:41,14024.5,N3OC,41,13,PI4CC
19:37:41,14029.1,K5SJC,32,4,K6FOD
19:37:41,14031.4,KA5M,31,20,K6FOD
19:37:41,14035.2,MM2T,30,24,BG7IEJ
19:37:42,14026.0,WS7L,36,41,K3PA-1
19:37:42,14030.1,K0INN,28,12,KC4YVA
19:37:42,14031.4,KA5M,30,36,K3PA-1
19:37:42,14035.2,MM2T,31,14,SZ1A
19:37:42,14035.2,MM2T,31,32,LZ7AA
19:37:42,14043.0,K2WAG,25,7,K9LC
19:37:42,14055.0,KO4TQF,21,3,K3PA-1
19:37:43,14029.1,K5SJC,33,17,N4HAC
19:37:43,14029.2,K5SJC,33,11,W6YX
19:37:43,14030.1,K0INN,28,15,N4HAC
19:37:43,14030.1,K0INN,28,7,KM3T-2
19:37:43,14030.1,K0INN,29,29,K9IMM
19:37:43,14031.0,K3WW,41,17,G4ZFE
19:37:43,14034.4,MM2T,30,6,SE5E
19:37:43,14035.2,MM2T,27,62,N9CO
19:37:43,14038.5,K1SM,32,10,KD2M
19:37:43,14038.5,K1SM,32,28,EA4RKC
19:37:43,14043.0,K2WAG,25,8,G4ZFE
19:37:43,14043.0,K2WAG,25,17,K9IMM
19:37:43,14043.0,K2WAG,25,23,N9CO
19:37:43,14045.8,W4SPR,31,6,W6YX
19:37:44,14008.5,YO8XMD,29,24,GI4DOH
19:37:44,14024.5,N3OC,38,23,K5TR
19:37:44,14026.0,WS7L,35,9,N2YCH
19:37:44,14026.6,FW1WEF,38,5,DL8LAS
19:37:44,14027.4,N8KH,37,13,N2YCH
19:37:44,14029.2,K5SJC,33,27,KD7EFG
19:37:44,14030.1,K0INN,29,22,K1RA-4
19:37:44,14030.1,K0INN,29,20,K5TR
19:37:44,14030.1,K0INN,29,30,ZF9CW
19:37:44,14031.4,KA5M,30,6,N6TV
19:37:44,14031.4,KA5M,30,34,KD7EFG
19:37:44,14035.1,MM2T,30,33,BD8CS
19:37:44,14035.2,MM2T,31,8,K1RA-4
19:37:44,14039.3,K7RL,38,31,K5TR
19:37:44,14040.6,NE5A,30,15,N2YCH
19:37:44,14043.0,K2WAG,25,18,WE9V
19:37:44,14043.0,K2WAG,26,14,ZF9CW
19:37:44,14051.0,F5MZN,22,12,BD8CS
19:37:45,14030.1,K0INN,28,20,WA7LNW
19:37:45,14031.0,K3WW,38,25,DK9IP-1
19:37:45,14031.4,KA5M,30,4,WB6BEE
19:37:45,14034.4,MM2T,29,22,UY2RA
19:37:45,14036.2,W5TM,36,17,VE6WZ
19:37:45,14040.5,NE5A,30,15,KM3T-3
19:37:45,14043.0,K2WAG,25,24,VE6WZ
19:37:45,14043.0,K2WAG,25,5,VE6WZ
19:37:46,14027.4,N8KH,37,38,W1NT-6
19:37:46,14029.2,K5SJC,33,5,WC2L
19:37:46,14030.1,K0INN,29,6,W1NT-6
19:37:46,14035.5,K1DW,33,9,W1NT-6
19:37:46,14036.2,W5TM,36,17,VE6WZ-3
19:37:46,14038.5,K1SM,33,5,F4GOU
19:37:46,14043.0,K2WAG,25,24,VE6WZ-3
19:37:47,14035.5,K1DW,33,21,W8WWV
19:37:48,14031.4,KA5M,30,5,N7VVX
19:37:48,14034.4,MM2T,29,27,LZ4AE
19:37:48,14034.4,MM2T,30,33,LZ5DI
19:37:48,14034.4,MM2T,29,25,LZ5DI
19:37:48,14043.0,K2WAG,25,4,ND7K
19:37:48,14043.8,K0PC,32,23,AA4PA
19:37:48,14043.8,K0PC,32,25,KM3T-5
19:37:49,14024.5,N3OC,37,19,DK0KK
19:37:49,14029.1,K5SJC,33,16,AC0C-1
19:37:49,14029.2,K5SJC,33,13,K5EM
19:37:49,14031.0,K3WW,39,11,M1GEO
19:37:49,14031.4,KA5M,31,3,W3RGA
19:37:49,14031.5,KA5M,31,12,K5EM
19:37:49,14035.5,K1DW,34,22,W1NT-2
19:37:49,14038.6,K1SM,32,8,PE5TT
19:37:49,14043.0,K2WAG,25,16,TI7W
19:37:49,14043.8,K0PC,32,21,TI7W
19:37:50,14034.1,VE5UO,33,11,N2EPE
19:37:50,14034.1,VE5UO,34,9,W8WTS
19:37:50,14034.4,MM2T,29,21,LZ3CB
19:37:50,14036.2,W5TM,37,17,N2EPE
19:37:50,14038.5,K1EEM,32,16,DL8LAS-1
19:37:50,14038.6,K1SM,31,6,S53WW
19:37:50,14043.8,K0PC,32,15,W8WTS
19:37:51,14027.2,G4PFZ,31,10,R4NCU
19:37:51,14034.4,MM2T,29,22,R4NCU
19:37:52,14024.5,N3OC,40,20,DP5G
19:37:52,14024.5,N3OC,41,12,K9LC
19:37:52,14031.0,K3WW,37,17,DP5G
19:37:52,14034.0,VE5UO,33,22,K9LC
19:37:52,14034.1,VE5UO,32,32,K3PA-1
19:37:52,14039.3,K7RL,39,19,KC4YVA
19:37:53,14034.4,MM2T,29,29,LZ7AA
19:37:53,14034.4,MM2T,30,13,SZ1A
19:37:54,14024.5,N3OC,37,25,K7CO
19:37:54,14024.5,N3OC,37,30,N9CO
19:37:54,14024.5,N3OC,38,23,W6YX
19:37:54,14024.5,N3OC,39,23,WE9V
19:37:54,14031.0,K3WW,34,29,IT9GSF
19:37:54,14034.1,VE5UO,33,12,KM3T-2
19:37:54,14034.4,MM2T,27,11,RK3TD
19:37:54,14035.5,K1DW,33,11,K1RA-4
19:37:54,14038.5,K1SM,32,17,VE6AO
19:37:54,14038.5,K1SM,32,15,W6YX
19:37:54,14039.3,K7RL,41,31,K1RA-4
19:37:54,14043.8,K0PC,32,24,W6YX
19:37:54,14043.8,K0PC,32,30,K1RA-4
19:37:54,14045.8,W4SPR,32,27,K9IMM
19:37:54,14045.8,W4SPR,31,30,N9CO
19:37:54,14046.6,K3MD,33,41,K9IMM
19:37:54,14052.5,W4LOO,25,7,KM3T-2
19:37:54,14052.5,W4LOO,25,7,K9IMM
19:37:55,14024.5,N3OC,35,37,KD7EFG
19:37:55,14024.5,N3OC,39,30,ZF9CW
19:37:55,14026.3,WG3J,38,5,DK9IP-1
19:37:55,14034.1,VE5UO,33,31,ZF9CW
19:37:55,14038.5,K1EEM,32,16,DL8LAS
19:37:55,14043.8,K0PC,32,21,K5TR
19:37:56,14034.4,MM2T,28,21,LZ4UX
19:37:56,14039.3,K7RL,37,34,W1NT-6
19:37:56,14039.3,K7RL,40,26,W2NNN
19:37:56,14041.6,AE1T,35,10,WT8P
19:37:56,14041.9,K1TR,34,4,DK9IP
19:37:56,14043.8,K0PC,32,25,WC2L
19:37:56,14046.6,K3MD,33,37,VE6WZ
19:37:57,14014.0,EI3LH,19,9,ES5PC
19:37:57,14026.3,WG3J,36,16,W8WWV
19:37:57,14027.2,G4PFZ,32,7,IK7YTT
19:37:57,14031.4,KA5M,30,6,W8WWV
19:37:57,14034.4,MM2T,30,11,IK7YTT
19:37:57,14046.6,K3MD,33,37,VE6WZ-3
19:37:58,14024.5,N3OC,40,12,DL8LAS-3
19:37:58,14034.4,MM2T,27,27,LZ4AE
19:37:58,14035.0,EA5M,37,23,LZ4AE
19:37:59,14034.1,VE5UO,33,13,KM3T-5
19:37:59,14039.3,K7RL,40,24,N7VVX
19:37:59,14041.6,AE1T,37,18,AC0C-1
19:37:59,14041.7,AE1T,36,21,K5EM
19:38:00,14030.1,K0INN,29,14,K4PP
19:38:00,14030.1,K0INN,28,10,N2EPE
19:38:00,14031.0,K3WW,38,19,DL8LAS-1
19:38:00,14035.0,EA5M,36,18,TI7W
19:38:00,14041.6,AE1T,36,26,K4PP
19:38:01,14024.6,N3OC,39,7,IK4VET
19:38:01,14035.2,VE3JM,38,16,IK4VET
19:38:02,14008.6,YO8XMD,30,15,BG7IEJ
19:38:02,14041.4,AE1T,33,10,VE4DRK
19:38:02,14045.8,W4SPR,32,4,K6FOD
19:38:02,14052.5,W4LOO,24,13,WX7V/5
19:38:03,14033.8,OZ3SM,34,8,SZ1A
19:38:03,14040.5,NE5A,31,34,K3PA-1
19:38:03,14040.5,NE5A,33,16,K9LC
19:38:03,14041.6,AE1T,37,20,K3PA-1
19:38:03,14041.6,AE1T,37,27,K9LC
19:38:04,14024.5,N3OC,35,17,VE6AO
19:38:04,14031.4,KA5M,30,3,K1RA-4
19:38:04,14040.5,NE5A,33,14,KM3T-2
19:38:04,14041.3,N5RZ,39,5,W2NAF
19:38:04,14041.6,AE1T,35,27,K7CO
19:38:04,14041.6,AE1T,37,19,IT9GSF
19:38:04,14041.6,AE1T,37,40,K9IMM
19:38:04,14041.6,AE1T,37,18,W6YX
19:38:04,14041.9,K1TR,36,4,OK1HRA
19:38:04,14042.6,W7JET,37,24,K1RA-4
19:38:04,14045.9,W4SPR,31,5,N2YCH
19:38:05,14027.6,K5OHY,29,7,NU4F
19:38:05,14030.1,K0INN,29,21,WE9V
19:38:05,14030.1,K0INN,29,11,KM3T-3
19:38:05,14031.0,K3WW,38,19,DL8LAS
19:38:05,14032.7,N4BP,31,28,WE9V
19:38:05,14040.5,NE5A,32,31,WE9V
19:38:05,14041.6,AE1T,36,39,WE9V
19:38:05,14041.6,AE1T,34,28,K5TR
19:38:05,14041.6,AE1T,37,34,ZF9CW
19:38:05,14041.6,AE1T,36,7,DK9IP-1
19:38:05,14041.6,AE1T,37,8,NU4F
19:38:05,14042.6,W7JET,38,13,N6TV
19:38:05,14042.6,W7JET,39,31,ZF9CW
19:38:05,14045.8,W4SPR,31,27,WB6BEE
19:38:05,14046.6,K3MD,33,45,KD7EFG
19:38:06,14031.0,K3WW,38,15,NG7M
19:38:06,14034.4,MM2T,30,4,EI4HQ
19:38:06,14041.6,AE1T,35,15,NG7M
19:38:06,14041.6,AE1T,37,27,WA7LNW
19:38:06,14041.6,AE1T,37,18,VE6WZ
19:38:06,14042.6,W7JET,38,9,VE6WZ
19:38:06,14043.0,K2WAG,25,8,W2MV
19:38:07,14041.6,AE1T,37,18,VE6WZ-3
19:38:07,14042.6,W7JET,37,14,W2NNN
19:38:07,14052.5,W4LOO,24,21,W8WWV
19:38:07,14069.0,YO4GOU,30,11,MM9PSY
19:38:07,14069.0,YO4GOU,30,11,MM9PSY
19:38:08,14023.5,F6HKA,32,5,VU2TUM
19:38:08,14032.7,N4BP,30,8,DM6EE
19:38:08,14041.6,AE1T,37,26,ND7K
19:38:09,14031.0,K3WW,39,9,PE5TT
19:38:09,14033.1,WJ9B,35,10,W3RGA
19:38:09,14033.3,KR2Q,36,11,DK0KK
19:38:09,14035.0,EA5M,37,23,LZ4AE
19:38:09,14035.0,EA5M,38,16,LZ5DI
19:38:09,14036.8,K0II,37,19,W1NT-2
19:38:09,14039.3,K7RL,40,23,W3RGA
19:38:09,14040.5,NE5A,31,27,AA4PA
19:38:09,14040.5,NE5A,31,15,KM3T-5
19:38:09,14040.5,NE5A,31,12,W3RGA
19:38:09,14041.3,N5RZ,39,3,N7VVX
19:38:09,14041.6,AE1T,34,17,S53A
19:38:09,14041.6,AE1T,37,9,DK0KK
19:38:09,14041.9,K1TR,39,20,KM3T-5
19:38:10,14041.6,AE1T,37,7,AK6RI-1
19:38:10,14045.8,W4SPR,33,41,TI7W
19:38:10,14052.5,W4LOO,25,4,TI7W
19:38:10,14052.5,W4LOO,25,11,N2EPE
19:38:11,14024.5,N3OC,37,7,PA5KT-4
19:38:11,14069.0,YO4GOU,29,23,MM0ZBH
19:38:12,14024.5,N3OC,40,11,K6FOD
19:38:12,14041.6,AE1T,35,7,DP5G
19:38:13,14023.5,F6HKA,31,12,SZ1A
19:38:14,14028.9,N8UM,38,19,K7CO
19:38:14,14039.3,K7RL,40,20,N2YCH
19:38:14,14052.5,W4LOO,25,8,IT9GSF
19:38:15,14017.7,OE6JTD,21,25,RK3TD
19:38:15,14017.7,OE6JTD,21,23,RK3TD-2
19:38:15,14032.7,N4BP,31,24,K9IMM
19:38:15,14032.7,N4BP,31,6,VE6AO
19:38:15,14035.9,N6CHU,28,31,N6TV
19:38:15,14039.3,K7RL,38,8,VE7CC
19:38:15,14039.3,K7RL,38,8,VE7CC
19:38:15,14052.4,W4LOO,25,10,WE9V
19:38:16,14024.5,N3OC,40,11,DK9IP-1
19:38:16,14029.1,K5SJC,33,8,KM3T-3
19:38:16,14029.2,K5SJC,32,38,WA7LNW
19:38:16,14035.2,VE3JM,38,9,NU4F
19:38:16,14036.1,HA7I,35,19,ZF9CW
19:38:16,14040.0,K0RX,33,18,ZF9CW
19:38:16,14052.5,W4LOO,25,11,ZF9CW
19:38:17,14024.5,N3OC,36,9,DR4W
19:38:17,14025.4,TK4TZ,38,15,W2NNN
19:38:17,14029.2,K5SJC,33,8,W1NT-6
19:38:17,14030.2,K0INN,29,10,W2NNN
19:38:17,14035.5,K3ATO,35,6,DR4W
19:38:17,14036.0,N6CHU,28,14,W1NT-6
19:38:17,14040.0,K0RX,33,11,W1NT-6
19:38:17,14052.5,W4LOO,25,20,VE6WZ
19:38:17,14052.5,W4LOO,24,9,WC2L
19:38:18,14036.1,HA7I,33,6,VU2TUM
19:38:18,14039.2,K7RL,40,37,W8WWV
19:38:18,14040.0,K0RX,35,5,VE6WZ-3
19:38:18,14052.5,W4LOO,25,20,VE6WZ-3
19:38:18,14069.0,YO4GOU,31,5,IK7YTT
19:38:19,14035.0,EA5M,37,6,DK0KK
19:38:19,14035.9,N6CHU,28,26,N7VVX
19:38:19,14036.1,HA7I,33,11,S53A
19:38:19,14038.1,W9ILY,29,29,AA4PA
19:38:19,14040.0,K0RX,33,10,S53A
19:38:19,14052.5,W4LOO,24,8,KM3T-5
19:38:20,14036.0,HA7I,34,17,EA5WU
19:38:20,14043.8,K0PC,32,16,W3RGA
19:38:20,14043.8,K0PC,32,9,K4PP
19:38:20,14052.5,W4LOO,24,15,AC0C-1
19:38:21,14008.6,YO8XMD,30,5,IK4VET
19:38:21,14035.9,N6CHU,28,11,AK6RI-1
19:38:21,14036.0,HA7I,33,19,R4NCU
19:38:21,14036.1,HA7I,33,15,TI7W
19:38:22,14033.9,OZ3SM,34,9,BG7IEJ
19:38:22,14036.1,HA7I,33,15,BG7IEJ
19:38:23,14022.8,KI7Y,30,20,K3PA-1
19:38:23,14035.9,N6CHU,27,17,K6FOD
19:38:23,14037.1,K0SN,38,5,KD2M
19:38:23,14043.8,K0PC,32,17,WX7V/5
19:38:24,14022.8,KI7Y,30,21,N9CO
19:38:24,14029.2,K5SJC,32,7,KM3T-2
19:38:24,14029.2,K5SJC,33,14,N9CO
19:38:24,14034.1,VE5UO,34,16,N4HAC
19:38:24,14036.0,HA7I,35,24,EA4RKC
19:38:24,14045.8,M4SP,30,3,SE5E
19:38:24,14045.8,W4SPR,31,6,OK1HRA
19:38:25,14008.5,YO8XMD,29,13,BD8CS
19:38:25,14022.8,KI7Y,30,21,K7CO
19:38:25,14022.8,KI7Y,30,22,W6YX
19:38:25,14022.8,KI7Y,30,19,VE6AO
19:38:25,14022.8,KI7Y,30,5,WE9V
19:38:25,14036.0,HA7I,33,13,BD8CS
19:38:25,14036.0,HA7I,33,16,IT9GSF
19:38:25,14036.0,HA7I,33,7,HA2NA
19:38:25,14038.1,W9ILY,29,11,K1RA-4
19:38:25,14043.8,K0PC,31,6,W2NAF
19:38:25,14052.0,WV3H,20,2,K1RA-4
19:38:26,14022.8,KI7Y,30,23,N6TV
19:38:26,14022.8,KI7Y,30,6,K5TR
19:38:26,14028.0,K9UIY,31,25,WB6BEE
19:38:26,14028.0,K9UIY,30,13,K5TR
19:38:26,14034.1,VE5UO,33,13,KM3T-3
19:38:26,14035.5,K3ATO,33,16,NG7M
19:38:26,14035.9,N6CHU,28,12,NG7M
19:38:26,14036.0,HA7I,33,17,EI4HQ
19:38:26,14036.0,HA7I,33,13,RU9CZD
19:38:26,14038.1,W9ILY,29,15,WB6BEE
19:38:26,14039.3,K7RL,40,11,WT8P
19:38:27,14022.7,KI7Y,30,5,VE6WZ
19:38:27,14022.8,KI7Y,30,13,WA7LNW
19:38:27,14036.0,HA7I,33,27,OH6BG
19:38:27,14036.0,HA7I,34,9,F4GOU
19:38:27,14040.0,K0RX,35,5,VE6WZ
19:38:27,14065.0,WA7PGE,16,21,WA7LNW
19:38:28,14022.7,KI7Y,30,7,W8WWV
19:38:28,14022.7,KI7Y,30,5,VE6WZ-3
19:38:29,14022.8,KI7Y,30,9,ND7K
19:38:29,14028.0,K9UIY,31,24,AA4PA
19:38:29,14034.1,VE5UO,33,26,AA4PA
19:38:29,14045.8,W4SPR,31,11,S53A
19:38:30,14022.8,KI7Y,30,27,ZL4YL
19:38:30,14028.0,K9UIY,31,30,W1NT-2
19:38:31,14022.8,KI7Y,31,16,AC0C-1
19:38:31,14022.8,KI7Y,31,1,AK6RI-1
19:38:31,14028.0,K9UIY,31,29,AC0C-1
19:38:31,14036.1,HA7I,33,5,IK4VET
19:38:31,14040.5,NE5A,32,13,K4PP
19:38:31,14040.5,NE5A,33,5,N2EPE
19:38:33,14028.0,K9UIY,32,20,KC4YVA
19:38:33,14032.7,N4BP,30,23,K3PA-1
19:38:33,14037.8,DL1VDL,32,13,DM5GG
19:38:33,14040.0,K0RX,33,37,WX7V/5
19:38:33,14041.6,AE1T,37,33,WX7V/5
19:38:33,14041.6,AE1T,37,9,K6FOD
19:38:34,14022.8,KI7Y,31,6,N4HAC
19:38:34,14026.6,W1WEF,38,11,EA4RKC
19:38:34,14035.5,K1DW,33,8,N4HAC
19:38:34,14036.0,HA7I,34,10,ES2RR
19:38:34,14037.8,DL1VDL,31,36,EA4RKC
19:38:34,14041.6,AE1T,38,2,KD2M
19:38:34,14041.6,AE1T,37,5,EA4RKC
19:38:34,14045.0,AI5IN,36,11,KD2M
19:38:35,14028.0,K9UIY,31,27,K1RA-4
19:38:35,14032.7,N4BP,31,17,IT9GSF
19:38:35,14032.7,N4BP,31,8,WS3W
19:38:35,14035.0,EA5M,38,23,RK3TD
19:38:35,14035.9,N6CHU,28,35,W6YX
19:38:35,14035.9,N6CHU,28,25,K9IMM
19:38:35,14036.0,N6CHU,28,30,K7CO
19:38:35,14037.1,K0SN,37,5,N2YCH
19:38:36,14024.5,N3OC,37,9,EI4HQ
19:38:36,14032.7,N4BP,30,5,DK9IP
19:38:36,14035.9,N6CHU,28,28,WE9V
19:38:36,14035.9,N6CHU,28,20,K5TR
19:38:36,14037.8,DL1VDL,32,23,RK3TD-2
19:38:36,14043.0,K2WAG,25,10,KD7EFG
19:38:36,14065.0,WA7PGE,15,4,N6TV
19:38:37,14028.0,K9UIY,31,7,WT8P
19:38:37,14028.0,K9UIY,31,14,VE6WZ
19:38:37,14031.0,K3WW,40,3,HB9BXE
19:38:37,14032.2,N3RD,43,8,VE6WZ
19:38:37,14032.7,N4BP,31,27,WA7LNW
19:38:37,14033.8,OZ3SM,33,8,ZF9CW
19:38:37,14034.1,VE5UO,33,20,WA7LNW
19:38:37,14034.4,KG9X,39,16,VE6WZ
19:38:37,14034.7,N5TOO,37,25,ZF9CW
19:38:37,14037.8,DL1VDL,33,25,RU9CZD
19:38:37,14039.3,K7RL,40,8,JN1ILK
19:38:37,14041.6,AE1T,36,10,OE9GHV
19:38:38,14024.5,N3OC,41,10,IK7YTT
19:38:38,14027.5,N8KH,37,20,W2NNN
19:38:38,14033.8,OZ3SM,34,9,W1NT-6
19:38:38,14040.1,KC9IL,34,21,W2NNN
19:38:39,14026.6,W1WEF,38,14,DL8LAS-3
19:38:39,14028.0,K9UIY,31,14,VE6WZ-3
19:38:39,14031.9,NE2V,39,17,S53A
19:38:39,14034.4,KG9X,39,16,VE6WZ-3
19:38:39,14035.9,N6CHU,28,30,ND7K
19:38:39,14036.0,HA7I,34,17,5Z4GO
19:38:40,14022.8,KI7Y,31,4,N7VVX
19:38:40,14022.8,KI7Y,31,6,W1NT-2
19:38:40,14024.5,N3OC,37,37,AA4PA
19:38:40,14028.0,K9UIY,31,15,W3RGA
19:38:40,14030.1,K0INN,28,14,W1NT-2
19:38:40,14031.9,NE2V,40,16,AA4PA
19:38:40,14032.7,TN4BP,30,11,DL8LAS-1
19:38:40,14037.8,DL1VDL,33,25,KM3T-5
19:38:40,14037.8,DL1VDL,32,15,W3RGA
19:38:40,14040.0,K0RX,36,13,W3RGA
19:38:41,14022.8,KI7Y,30,0,N2EPE
19:38:41,14027.4,N8KH,37,19,K4PP
19:38:41,14032.7,N4BP,31,29,AC0C-1
19:38:41,14032.8,N4BP,30,6,IK4VET
19:38:41,14037.9,DL1VDL,31,6,IK4VET
19:38:41,14040.0,KC9IL,30,25,AC0C-1
19:38:41,14040.0,KC9IL,30,13,K4PP
19:38:41,14044.6,WT9U,28,17,TI7W
19:38:42,14036.0,HA7I,34,9,MM0ZBH
19:38:42,14037.8,DL1VDL,32,24,R4NCU
19:38:43,14022.6,KI7Y,30,5,VE4DRK
19:38:43,14033.6,N7US,37,12,VE4DRK
19:38:43,14033.8,N7US,37,21,WX7V/5
19:38:43,14037.9,DL1VDL,32,21,BG7IEJ
19:38:44,14029.6,KH7X,37,10,K6FOD
19:38:44,14030.1,K0INN,28,35,K3PA-1
19:38:44,14032.7,N4BP,30,7,DL1HWS-3
19:38:44,14033.8,N7US,37,21,K3PA-1
19:38:44,14033.8,N7US,37,16,K6FOD
19:38:44,14036.8,K0VBU,37,19,K9LC
19:38:45,14022.8,KI7Y,30,10,K1RA-4
19:38:45,14027.3,N8KH,36,8,OK1HRA
19:38:45,14027.4,N8KH,38,30,K1RA-4
19:38:45,14027.8,VE9KK,36,21,N9CO
19:38:45,14032.8,N4BP,31,12,W2NAF
19:38:45,14033.8,N7US,38,30,N2YCH
19:38:45,14037.8,DL1VDL,31,23,KM3T-2
19:38:45,14037.8,DL1VDL,33,22,BD8CS
19:38:45,14040.0,K0RO,33,2,W2NAF
19:38:45,14040.5,NE5A,31,12,N4HAC
19:38:46,14022.8,KI7Y,31,29,KD7EFG
19:38:46,14026.6,W1WEF,38,14,DL8LAS
19:38:46,14029.3,W2RQ,41,10,DK9IP
19:38:46,14032.7,TN4BP,30,11,DL8LAS
19:38:46,14032.7,N4BP,31,8,DK9IP-1
19:38:46,14032.7,N4BP,30,4,G0KTN
19:38:46,14033.3,KR2Q,37,26,DK9IP-1
19:38:46,14033.8,N7US,38,22,K7CO
19:38:46,14033.8,N7US,37,20,W6YX
19:38:46,14033.8,N7US,37,22,KD7EFG
19:38:46,14039.3,K7RL,37,43,W6YX
19:38:46,14041.6,AE1T,32,37,KD7EFG
19:38:46,14045.4,N5MI,31,36,K9IMM
19:38:46,14051.0,F5MZN,22,5,UY2RA
19:38:46,14052.5,W4LOO,24,3,VE7CC
19:38:46,14052.5,W4LOO,24,3,VE7CC
19:38:46,14055.0,KO4TQF,20,7,KD7EFG
19:38:47,14024.5,N3OC,39,10,N6TV
19:38:47,14031.4,KA5M,30,5,NU4F
19:38:47,14032.7,N4BP,30,9,EI4HQ
19:38:47,14033.8,N7US,37,7,N6TV
19:38:47,14033.8,N7US,37,12,NG7M
19:38:47,14033.8,N7US,37,22,WT8P
19:38:47,14037.8,DL1VDL,30,25,KM3T-3
19:38:47,14038.6,K1SM,32,5,ON6ZQ
19:38:47,14040.0,KC9IL,33,13,K5TR
19:38:47,14045.0,AI5IN,37,21,K5TR
19:38:48,14033.7,N7US,37,21,VE6WZ
19:38:48,14033.8,N7US,38,30,WA7LNW
19:38:48,14033.8,N7US,37,35,WC2L
19:38:48,14033.8,N7US,37,6,VE6WZ
19:38:48,14036.0,N6CHU,28,26,WA7LNW
19:38:48,14040.5,NE5A,32,16,W1NT-6
19:38:48,14045.4,N5MI,31,27,VE6WZ
19:38:48,14051.5,WY7WL,18,5,VE6WZ
19:38:49,14033.7,N7US,37,21,VE6WZ-3
19:38:49,14035.0,EA5M,37,21,YO2KAR
19:38:49,14037.8,DL1VDL,31,8,VU2TUM
19:38:49,14045.4,N5MI,31,27,VE6WZ-3
19:38:50,14024.6,N3OC,37,13,K5EM
19:38:50,14028.0,K9UIY,31,18,ND7K
19:38:50,14029.1,K5SJC,32,21,W3RGA
19:38:50,14033.8,N7US,37,35,ND7K
19:38:50,14033.8,N7US,37,22,K5EM
19:38:50,14033.8,N7US,38,39,AA4PA
19:38:50,14033.8,N7US,37,12,W3RGA
19:38:50,14034.5,KG9X,39,15,K5EM
19:38:50,14035.2,VE3JM,35,12,5Z4GO
19:38:50,14045.4,N5MI,31,19,KM3T-5
19:38:51,14029.3,W2RQ,39,26,AC0C-1
19:38:51,14031.9,NE2V,38,8,AC0C-1
19:38:51,14033.8,N7US,37,19,AC0C-1
19:38:51,14033.8,N7US,37,12,K4PP
19:38:51,14040.5,NE5A,30,19,AC0C-1
19:38:51,14041.9,K1TR,39,21,AC0C-1
19:38:51,14047.2,K6NR,25,32,AC0C-1
19:38:52,14029.1,K5SJC,32,12,N2EPE
19:38:52,14031.0,K3WW,39,17,PI4CC
19:38:52,14033.8,N7US,37,13,N2EPE
19:38:52,14035.1,EA5M,37,18,SQ5J
19:38:52,14041.7,AE1T,38,6,IK4VET
19:38:52,14052.0,WV3H,20,16,TI7W
19:38:54,14028.0,K9UIY,31,25,K3PA-1
19:38:54,14038.5,K1SM,32,10,DK3WW
19:38:54,14044.3,W8CAR,35,5,K6FOD
19:38:54,14047.2,K6NR,25,31,WX7V/5
19:38:54,14051.5,WY7WL,18,5,K6FOD
19:38:55,14022.8,KI7Y,31,12,ZL3X
19:38:55,14028.0,K9UIY,30,17,N4HAC
19:38:55,14032.7,N4BP,30,16,OK1HRA
19:38:55,14033.8,N7US,39,26,N9CO
19:38:55,14038.5,K1SM,32,11,SE5E
19:38:55,14038.5,K1SM,32,14,OK1HRA
19:38:55,14041.9,K1TR,39,40,N9CO
19:38:56,14027.4,N8KH,37,21,WE9V
19:38:56,14027.6,K5OHY,28,14,K1RA-4
19:38:56,14029.1,K5SJC,33,24,K1RA-4
19:38:56,14032.2,N3RD,42,24,IT9GSF
19:38:56,14032.2,N3RD,25,20,W6YX
19:38:56,14036.2,KX2P,28,13,N2YCH
19:38:56,14047.2,K6NR,25,23,K1RA-4
19:38:56,14047.2,K6NR,25,15,VE6AO
19:38:56,14051.5,WY7WL,18,8,K1RA-4
19:38:57,14025.3,TK4TZ,18,8,KM3T-3
19:38:57,14027.4,N8KH,37,15,KM3T-3
19:38:57,14029.1,K5SJC,32,23,K5TR
19:38:57,14029.3,W2RQ,38,25,ZF9CW
19:38:57,14029.3,W2RQ,39,6,NG7M
19:38:57,14032.7,N4BP,31,9,DR4W
19:38:57,14033.0,WJ9B,35,16,WB6BEE
19:38:57,14033.8,N7US,38,8,NU4F
19:38:57,14033.8,N7US,37,11,K5TR
19:38:57,14036.2,KX2P,28,9,NU4F
19:38:57,14036.2,KX2P,28,22,K5TR
19:38:57,14043.0,K2WAG,25,2,K5TR
19:38:57,14043.2,K5UV,37,8,N6TV
19:38:57,14047.2,K6NR,25,45,KD7EFG
19:38:57,14047.2,K6NR,25,24,K5TR
19:38:57,14047.2,K6NR,25,25,NG7M
19:38:58,14022.0,EA2CAR,22,7,W2NNN
19:38:58,14036.2,W5TM,38,14,WC2L
19:38:58,14044.6,WT9U,39,7,W1NT-6
19:38:58,14045.4,N5MI,29,20,VE6WZ
19:38:58,14047.2,K6NR,25,23,WA7LNW
19:38:59,14022.0,EA2CAR,22,25,ES5PC
19:38:59,14024.5,N3OC,40,6,PE5TT
19:38:59,14029.3,W2RQ,40,5,DL1HWS-4
19:38:59,14032.1,N3RD,43,17,IK7YTT
19:38:59,14047.2,K6NR,25,23,W8WWV
19:39:00,14047.2,K6NR,25,23,N7VVX
19:39:01,14047.2,K6NR,25,25,W1NT-2
19:39:01,14047.3,K6NR,25,13,K5EM
19:39:02,14029.3,W2RQ,41,10,PI4CC
19:39:02,14032.2,N3RD,43,5,AK6RI-1
19:39:02,14032.2,N3RD,42,12,PI4CC
19:39:02,14033.8,N7US,37,5,AK6RI-1
19:39:02,14045.4,N5MI,31,7,K4PP
19:39:02,14047.2,K6NR,25,17,N2EPE
19:39:03,14029.3,W2RQ,41,20,DP5G
19:39:04,14034.1,VE5UO,33,20,KC4YVA
19:39:04,14042.0,K1TR,34,19,K3PA-1
19:39:04,14047.2,K6NR,25,34,K3PA-1
19:39:05,14022.0,EA2CAR,22,37,SE5E
19:39:05,14022.0,EA2CAR,22,23,ES2RR
19:39:05,14022.0,EA2CAR,22,38,EA2RCF-4
19:39:05,14035.4,K3ATO,30,7,OK1HRA
19:39:05,14043.8,K0PC,31,9,K6FOD
19:39:05,14047.2,K6NR,26,21,N4HAC
19:39:06,14022.0,EA2CAR,22,28,YO5LD
19:39:06,14029.4,W2RQ,40,7,N2YCH
19:39:06,14034.1,VE5UO,33,22,K7CO
19:39:06,14034.1,VE5UO,33,24,K1RA-4
19:39:06,14039.3,K7RL,39,12,W2NAF
19:39:06,14042.0,K1TR,38,19,KM3T-2
19:39:06,14047.3,K6NR,25,35,K7CO
19:39:06,14052.0,WV3H,20,6,IT9GSF
19:39:06,14059.0,N2ETH,19,9,N9CO
19:39:07,14026.6,W1WEF,38,10,DR4W
19:39:07,14031.0,K3WW,38,17,DR4W
19:39:07,14033.8,N7US,37,7,K9IMM
19:39:07,14034.0,VE5UO,33,25,K9IMM
19:39:07,14034.1,VE5UO,33,29,WE9V
19:39:07,14043.8,K0PC,32,5,W2MV
19:39:08,14027.4,N8KH,36,25,K5TR
19:39:08,14034.1,VE5UO,33,14,WC2L
19:39:08,14034.3,MM2T,30,26,RU9CZD
19:39:08,14044.6,WT9U,39,18,NG7M
19:39:08,14047.2,K6NR,25,22,ZF9CW
19:39:08,14051.5,WY7WL,18,11,ZF9CW
19:39:09,14026.6,W1WEF,38,6,DM6EE
19:39:09,14033.8,N7US,38,2,N7TUG
19:39:09,14034.1,VE5UO,33,14,W2NNN
19:39:09,14034.1,VE5UO,33,16,W1NT-6
19:39:09,14035.9,N6CHU,28,24,W8WWV
19:39:09,14043.2,K5UV,37,12,W1NT-6
19:39:09,14047.2,K6NR,25,11,VE6WZ
19:39:09,14047.2,K6NR,25,7,W1NT-6
19:39:11,14037.6,W6SX,36,28,ND7K
19:39:11,14039.3,K7RL,39,23,AA4PA
19:39:12,14026.6,W1WEF,37,7,PA5KT-4
19:39:12,14034.4,MM2T,30,27,AC0C-1
19:39:12,14037.6,W6SX,37,12,N2EPE
19:39:13,14039.3,K7RL,40,19,TI7W
19:39:13,14044.3,W8CAR,37,11,TI7W
19:39:14,14033.1,KR2Q,36,10,VE4DRK
19:39:14,14034.4,MM2T,30,15,KC4YVA
19:39:14,14037.5,W6SX,37,16,VE4DRK
19:39:14,14042.1,N1DC,31,14,WX7V/5
19:39:14,14049.0,ND9M,28,29,WX7V/5
19:39:15,14025.9,WS7L,32,24,K9LC
19:39:15,14026.0,WS7L,34,12,K6FOD
19:39:15,14026.3,WG3J,42,13,K6FOD
19:39:15,14030.9,K3WW,40,17,OK1HRA
19:39:15,14033.2,KR2Q,36,7,OK1HRA
19:39:15,14033.9,N7US,37,6,PY2KNK
19:39:15,14035.2,VE3JM,38,34,K3PA-1
19:39:15,14040.0,KC9IL,29,32,K3PA-1
19:39:15,14045.4,N5MI,32,4,K6FOD
19:39:15,14047.2,K6NR,26,23,K9LC
19:39:16,14024.5,N3OC,38,14,K1RA-4
19:39:16,14026.0,WS7L,33,38,N9CO
19:39:16,14026.0,WS7L,35,27,K1RA-4
19:39:16,14028.0,K9UIY,31,22,KM3T-2
19:39:16,14034.4,MM2T,31,35,IT9GSF
19:39:16,14034.4,MM2T,30,14,K1RA-4
19:39:16,14037.6,W6SX,37,20,N4HAC
19:39:16,14037.8,DL1VDL,32,18,K1RA-4
19:39:16,14040.0,K0RX,36,2,W2NAF
19:39:16,14042.1,N1DC,32,18,N9CO
19:39:17,14026.0,WS7L,33,34,VE6AO
19:39:17,14026.0,WS7L,35,3,W2MV
19:39:17,14033.3,KR2Q,37,12,G0KTN
19:39:17,14033.8,N7US,37,11,WE9V
19:39:17,14034.0,VE5UO,33,23,WB6BEE
19:39:17,14034.4,MM2T,30,30,K9IMM
19:39:17,14034.4,MM2T,30,12,W2MV
19:39:17,14039.2,K7RL,39,26,WB6BEE
19:39:17,14039.3,K7RL,37,36,K9IMM
19:39:17,14042.1,N1DC,32,22,WE9V
19:39:17,14042.1,N1DC,32,25,K9IMM
19:39:18,14024.5,N3OC,40,13,NG7M
19:39:18,14025.9,WS7L,35,33,K5TR
19:39:18,14026.0,WS7L,36,16,N6TV
19:39:18,14026.0,WS7L,34,24,NG7M
19:39:18,14029.6,KH7X,39,8,WT8P
19:39:18,14034.0,VE5UO,33,13,NG7M
19:39:18,14042.1,N1DC,32,12,K5TR
19:39:18,14042.1,N1DC,32,20,ZF9CW
19:39:18,14045.4,N5MI,31,30,ZF9CW
19:39:19,14022.8,KI7Y,31,26,VE6WZ
19:39:19,14026.0,WS7L,35,20,WC2L
19:39:19,14026.0,WS7L,34,28,VE6WZ
19:39:19,14028.0,K9UIY,32,24,W1NT-6
19:39:19,14028.1,K9UIY,31,14,W2NNN
19:39:19,14028.1,K9UIY,31,26,WA7LNW
19:39:19,14037.6,W6SX,37,19,WC2L
19:39:19,14038.5,K1SM,32,20,WA7LNW
19:39:19,14038.5,K1SM,33,8,IK7YTT
19:39:19,14042.1,N1DC,31,4,VE6WZ
19:39:19,14042.1,N1DC,31,22,VE6WZ
19:39:20,14034.7,N5TOO,36,20,S53A
19:39:20,14040.5,NE5A,29,12,S53A
19:39:20,14042.1,N1DC,31,22,VE6WZ-3
19:39:21,14008.5,YO8XMD,30,7,RN4WA
19:39:21,14026.0,WS7L,35,26,KM3T-5
19:39:21,14026.0,WS7L,35,28,N7VVX
19:39:21,14026.0,WS7L,35,22,W3RGA
19:39:21,14026.0,WS7L,35,30,W1NT-2
19:39:21,14028.0,K9UIY,31,11,K5EM
19:39:21,14031.0,K3WW,39,10,DL1HWS
19:39:21,14033.8,N7US,37,22,KM3T-5
19:39:21,14033.8,OZ3SM,33,9,RN4WA
19:39:21,14034.1,VE5UO,32,14,W3RGA
19:39:21,14035.0,EA5M,38,17,RN4WA
19:39:21,14035.2,MM2T,30,13,RN4WA
19:39:21,14037.7,OK5M,30,25,RN4WA
19:39:21,14037.8,DL1VDL,32,15,RN4WA
19:39:21,14071.1,SQ9TTA,25,7,RN4WA
19:39:22,14023.5,F6HKA,32,11,S53WW
19:39:22,14026.0,WS7L,32,38,AC0C-1
19:39:22,14026.0,WS7L,35,11,K4PP
19:39:22,14034.1,VE5UO,33,23,K4PP
19:39:22,14034.7,N5TOO,36,25,K4PP
19:39:22,14035.2,VE3JM,38,15,K4PP
19:39:22,14039.3,K7RL,38,39,AC0C-1
19:39:22,14042.1,N1DC,32,7,AC0C-1
19:39:23,14026.0,WS7L,35,17,N2EPE
19:39:23,14034.1,VE5UO,32,13,TI7W
19:39:23,14042.1,N1DC,32,15,TI7W
19:39:23,14047.3,K6NR,26,13,TI7W
19:39:25,14005.0,CN2DX,27,21,EA2RCF-4
19:39:25,14023.5,F6HKA,32,19,EA4RKC
19:39:25,14027.7,TK5OHY,28,22,K3PA-1
19:39:25,14035.1,VE3JM,37,16,OK1HRA
19:39:25,14037.7,W6SX,34,32,WX7V/5
19:39:26,14023.5,F6HKA,32,12,N2YCH
19:39:26,14027.4,N8KH,36,27,N4HAC
19:39:27,14029.4,W2RQ,41,23,K7CO
19:39:27,14034.4,MM2T,29,29,N9CO
19:39:27,14045.4,N5MI,32,19,VE6AO
19:39:28,14017.7,M6OTD,21,5,DR4W
19:39:28,14029.4,W2RQ,40,10,WT8P
19:39:28,14042.1,N1DC,32,14,KD7EFG
19:39:29,14005.0,CN2DX,27,20,DM6EE
19:39:29,14005.0,CN2DX,28,19,ES5PC
19:39:29,14022.8,KI7Y,30,4,KH6LC
19:39:29,14037.8,DL1VDL,33,21,W1NT-6
19:39:29,14038.1,W9ILY,29,16,W1NT-6
19:39:29,14038.6,K1SM,32,4,DL1HWS-4
19:39:30,14005.0,CN2DX,28,16,YO2KAR
19:39:30,14005.0,CN2DX,28,42,PE5TT
19:39:30,14005.0,CN2DX,28,25,DL8LAS-3
19:39:30,14005.0,CN2DX,28,27,S53A
19:39:30,14005.0,CN2DX,27,24,LZ4AE
19:39:30,14005.0,CN2DX,28,23,LZ4AE
19:39:30,14005.0,CN2DX,28,11,LZ5DI
19:39:30,14005.0,CN2DX,28,29,M1GEO
19:39:30,14005.0,CN2DX,28,36,DK0KK
19:39:30,14005.0,CN2DX,28,8,OZ1AAB
19:39:30,14005.1,CN2DX,28,8,LZ5DI
19:39:30,14029.4,W2RQ,38,29,S53A
19:39:30,14030.1,K0INN,29,7,VE6WZ
19:39:30,14035.1,VE3JM,38,22,VE6WZ
19:39:31,14005.0,CN2DX,28,37,EA5WU
19:39:31,14005.0,CN2DX,28,28,DL1HWS
19:39:31,14005.0,CN2DX,28,31,DL8LAS-1
19:39:31,14030.1,K0INN,29,7,VE6WZ-3
19:39:31,14035.1,VE3JM,38,22,VE6WZ-3
19:39:31,14038.6,K1SM,32,9,DL1HWS
19:39:32,14004.9,CN2DX,28,9,YO2CK
19:39:32,14005.0,CN2DX,28,24,IK3STG
19:39:32,14005.0,CN2DX,28,34,S53WW
19:39:32,14005.1,CN2DX,28,14,SQ5J
19:39:32,14034.1,VE5UO,33,8,K5EM
19:39:32,14037.8,DL1VDL,32,19,W1NT-2
19:39:32,14040.0,K0RX,34,7,W8WTS
19:39:32,14042.2,N1DC,31,9,K5EM
19:39:33,14005.0,CN2DX,28,35,PI4CC
19:39:33,14005.0,CN2DX,28,30,PA5KT-4
19:39:33,14005.0,CN2DX,29,29,MM0ZBH
19:39:33,14005.0,CN2DX,28,19,IZ2CPS
19:39:33,14029.4,W2RQ,39,11,K4PP
19:39:33,14033.3,KR2Q,36,12,DP5G
19:39:33,14035.9,N6CHU,28,28,AC0C-1
19:39:33,14035.9,N6CHU,28,14,N2EPE
19:39:33,14038.5,K1SM,32,16,DP5G
19:39:34,14005.0,CN2DX,28,24,DM5GG
19:39:34,14005.0,CN2DX,28,22,DC8YZ
19:39:34,14005.0,CN2DX,28,32,DK0TE
19:39:34,14005.0,CN2DX,28,29,G4ZFE
19:39:34,14041.6,AE1T,37,4,DK0TE
19:39:35,14005.0,CN2DX,28,31,S50U
19:39:35,14005.0,CN2DX,28,33,DL1HWS-3
19:39:35,14005.0,CN2DX,28,32,SE5E
19:39:35,14005.0,CN2DX,28,13,ES2RR
19:39:35,14033.8,N7US,38,4,KD2M
19:39:35,14037.8,DL1VDL,32,8,ES2RR
19:39:36,14004.9,CN2DX,29,26,OK1HRA
19:39:36,14005.0,CN2DX,28,12,DL0LA
19:39:36,14005.0,CN2DX,28,25,GI4DOH
19:39:36,14005.0,CN2DX,28,26,DF7GB
19:39:36,14005.0,CN2DX,28,38,HA2NA
19:39:36,14005.0,CN2DX,28,21,YO5LD
19:39:36,14005.2,CN2DX,28,18,DL5RCN
19:39:36,14022.8,KI7Y,30,5,K6FOD
19:39:36,14026.6,W1WEF,38,21,K9LC
19:39:36,14031.4,KA5M,30,16,K9LC
19:39:36,14035.1,VE3JM,38,34,K9LC
19:39:36,14039.2,K7RL,38,29,K9LC
19:39:36,14046.3,WU6P,38,19,K9LC
19:39:37,14005.0,CN2DX,28,31,DL8LAS
19:39:37,14005.0,CN2DX,28,18,SM7IUN
19:39:37,14005.0,CN2DX,28,25,RK3TD-2
19:39:37,14005.0,CN2DX,28,34,DK9IP-1
19:39:37,14005.0,CN2DX,28,4,G0TMX
19:39:37,14005.0,CN2DX,28,33,OK1FCJ
19:39:37,14005.0,CN2DX,28,15,G0KTN
19:39:37,14005.0,CN2DX,28,24,DK9IP
19:39:37,14005.0,CN2DX,28,23,G4KCM
19:39:37,14005.0,CN2DX,28,26,EI4HQ
19:39:37,14005.0,CN2DX,28,16,HB9BXE
19:39:37,14005.0,CN2DX,29,27,BD8CS
19:39:37,14027.6,TK5OHY,28,37,N9CO
19:39:37,14035.2,VE3JM,38,21,W6YX
19:39:37,14037.8,DL1VDL,33,4,N4HAC
19:39:37,14037.8,DL1VDL,31,9,OK1FCJ
19:39:37,14038.5,K1SM,32,4,HB9BXE
19:39:37,14039.3,K7RL,40,24,N4HAC
19:39:37,14041.6,AE1T,35,4,EI4HQ
19:39:37,14046.3,WU6P,37,12,KM3T-2
19:39:37,14046.3,WU6P,38,19,N4HAC
19:39:38,14005.0,CN2DX,28,38,DR4W
19:39:38,14005.0,CN2DX,28,21,ON6ZQ
19:39:38,14005.0,CN2DX,28,29,HA8TKS
19:39:38,14005.0,CN2DX,28,18,RU9CZD
19:39:38,14005.0,CN2DX,28,41,OE9GHV
19:39:38,14005.0,CN2DX,28,28,OH6BG
19:39:38,14005.1,CN2DX,28,20,HG8A
19:39:38,14027.6,K5OHY,29,23,K9IMM
19:39:38,14028.0,K9UIY,31,26,KD7EFG
19:39:38,14033.8,N7US,36,3,VE6AO
19:39:38,14037.8,DL1VDL,31,11,DR4W
19:39:38,14043.8,K0PC,31,19,WB6BEE
19:39:38,14045.4,N5MI,32,41,KD7EFG
19:39:39,14005.0,CN2DX,28,11,F4GOU
19:39:39,14005.0,CN2DX,28,29,MM9PSY
19:39:39,14005.0,CN2DX,28,30,DO4DXA
19:39:39,14005.0,CN2DX,28,23,DL1HWS-4
19:39:39,14035.2,VE3JM,37,16,NG7M
19:39:39,14039.3,K7RL,39,36,N6TV
19:39:39,14043.8,K0PC,31,8,NG7M
19:39:40,14026.6,W1WEF,38,36,VE6WZ
19:39:40,14042.0,K1TR,39,21,W1NT-6
19:39:40,14046.3,WU6P,38,13,W1NT-6
19:39:41,14026.6,W1WEF,38,36,VE6WZ-3
19:39:41,14035.2,VE3JM,37,13,ZL4YL
19:39:41,14039.3,K7RL,40,33,ND7K
19:39:42,14037.6,KC4WQ,31,13,AA4PA
19:39:42,14042.1,N1DC,32,16,AA4PA
19:39:42,14046.3,WU6P,38,16,W3RGA
19:39:42,14046.3,WU6P,38,28,K5EM
19:39:42,14046.3,WU6P,37,19,W1NT-2
19:39:43,14005.0,CN2DX,28,26,R4NCU
19:39:43,14005.0,CN2DX,28,37,DP5G
19:39:43,14026.6,W1WEF,38,25,AC0C-1
19:39:43,14026.6,W1WEF,38,5,AK6RI-1
19:39:43,14029.0,WA3AAN,31,9,AC0C-1
19:39:43,14033.3,KR2Q,37,5,PI4CC
19:39:43,14034.4,MM2T,30,7,K4PP
19:39:43,14035.2,VE3JM,38,33,AC0C-1
19:39:43,14043.2,K5UV,36,50,AC0C-1
19:39:44,14005.0,CN2DX,29,7,LZ7AA
19:39:45,14029.4,W2RQ,40,9,EA4RKC
19:39:45,14039.3,K7RL,38,6,KD2M
19:39:45,14046.3,WU6P,37,31,WX7V/5
19:39:45,14049.0,ND9M,28,16,KD2M
19:39:46,14034.4,MM2T,29,20,K3PA-1
19:39:46,14036.0,HA7I,33,10,OK1HRA
19:39:47,14005.0,CN2DX,28,50,IT9GSF
19:39:47,14027.4,N8KH,37,26,N9CO
19:39:47,14033.3,KR2Q,34,4,EI4HQ
19:39:47,14040.5,NE5A,30,7,K6FOD
19:39:47,14041.3,N5RZ,40,8,EI4HQ
19:39:47,14043.8,K0PC,31,18,IT9GSF
19:39:47,14047.2,K6NR,26,28,N9CO
19:39:47,14047.2,K6NR,25,25,W6YX
19:39:48,14022.8,KI7Y,31,13,K9IMM
19:39:48,14023.5,F6HKA,32,20,W2MV
19:39:48,14029.0,WA3AAN,32,25,KD7EFG
19:39:48,14034.4,MM2T,29,10,WE9V
19:39:48,14041.6,AE1T,31,5,VE6AO
19:39:49,14005.0,CN2DX,28,8,ZF9CW
19:39:49,14010.0,KI6DS/B,22,11,OH6BG
19:39:49,14029.6,KH7X,43,15,KM3T-3
19:39:49,14032.2,N3RD,42,9,WT8P
19:39:49,14035.9,N6CHU,28,17,WB6BEE
19:39:49,14036.0,HA7I,33,7,MM9PSY
19:39:49,14044.6,WT9U,38,5,WT8P
19:39:50,14029.0,WA3AAN,32,15,WA7LNW
19:39:50,14036.0,RA7I,33,9,IK7YTT
19:39:50,14047.2,K6NR,25,10,N6TV
19:39:50,14049.0,ND9M,28,22,WC2L
19:39:51,14005.0,CN2DX,28,7,VU2TUM
19:39:51,14034.4,MM2T,31,8,5Z4GO
19:39:52,14026.3,WG3J,42,10,N7VVX
19:39:52,14027.4,N8KH,36,11,K5EM
19:39:52,14028.9,N8UM,30,12,LZ3CB
19:39:52,14029.0,WA3AAN,31,15,AA4PA
19:39:52,14047.2,K6NR,25,18,W3RGA
19:39:52,14052.6,W4LOO,24,13,K5EM
19:39:54,14027.4,N8KH,37,35,TI7W
19:39:54,14029.0,WA3AAN,32,28,TI7W
19:39:54,14037.7,W6SX,31,19,TI7W
19:39:56,14034.4,MM2T,30,26,WX7V/5
19:39:56,14035.2,VE3JM,38,29,WX7V/5
19:39:56,14042.0,N1DC,31,4,OK1HRA
19:39:57,14025.3,TK4TZ,38,10,IT9GSF
19:39:58,14030.1,K0INN,29,10,W6YX
19:39:58,14035.9,N6CHU,28,21,K1RA-4
19:39:58,14037.7,W6SX,35,39,K7CO
19:39:58,14046.3,WU6P,38,26,K1RA-4
19:39:58,14052.0,WV3H,20,3,NU4F
19:39:59,14027.8,VE9KK,35,11,WB6BEE
19:39:59,14034.4,MM2T,30,15,WB6BEE
19:39:59,14035.2,VE3JM,36,37,KD7EFG
19:39:59,14046.3,WU6P,36,49,KD7EFG
19:40:00,14034.3,MM2T,26,19,K5TR
19:40:00,14037.7,W6SX,37,16,W2NNN
19:40:00,14041.9,K1TR,36,23,K5TR
19:40:00,14046.3,WU6P,37,10,KH6LC
19:40:01,14025.3,K4TZ,39,13,WA7LNW
19:40:01,14027.8,VE9KK,29,14,S53A
19:40:01,14029.1,K5SJC,33,24,W8WWV
19:40:01,14037.7,W6SX,37,32,WA7LNW
19:40:01,14042.0,K1TR,39,25,WA7LNW
19:40:02,14026.0,WS7L,33,34,ND7K
19:40:02,14029.1,K5SJC,33,18,ND7K
19:40:02,14041.9,K1TR,38,14,ND7K
19:40:02,14051.0,F5MZN,22,11,EA5WU
19:40:03,14029.2,K5SJC,33,14,W1NT-2
19:40:03,14041.3,N5RZ,40,6,W8WTS
19:40:04,14023.5,F6HKA,32,23,AC0C-1
19:40:04,14025.3,TK4TZ,38,22,AC0C-1
19:40:04,14027.4,N8KH,37,19,AC0C-1
19:40:05,14026.4,WG3J,42,10,G4ZFE
19:40:06,14028.9,N8UM,38,5,KD2M
19:40:06,14035.9,N6CHU,28,28,K3PA-1
19:40:07,14023.5,F6HKA,32,5,YO5LD
19:40:07,14025.7,W2RQ,37,31,K9LC
19:40:07,14025.8,W2RQ,40,7,N2YCH
19:40:07,14026.0,WS7L,33,21,N4HAC
19:40:07,14028.9,WA3AAN,30,7,K9LC
19:40:07,14038.9,KX2P,28,13,K9LC
19:40:07,14038.9,KX2P,27,10,N2YCH
19:40:07,14045.4,N5MI,31,3,K9LC
19:40:08,14025.7,W2RQ,41,11,G4KCM
19:40:08,14025.7,W2RQ,36,17,EI4HQ
19:40:08,14026.0,WS7L,34,24,W6YX
19:40:08,14027.8,VE9KK,35,9,K1RA-4
19:40:08,14037.2,HA7I,33,16,IT9GSF
19:40:08,14038.9,KX2P,27,12,K1RA-4
19:40:08,14038.9,KX2P,27,17,N9CO
19:40:08,14042.1,N1DC,32,6,K7CO
19:40:09,14023.6,F6HKA,32,7,HG8A
19:40:09,14025.7,W2RQ,38,21,VE6AO
19:40:09,14025.7,W2RQ,37,28,WE9V
19:40:09,14025.7,W2RQ,39,11,OE9GHV
19:40:09,14025.7,W2RQ,38,12,MM9PSY
19:40:09,14025.7,W2RQ,37,9,WT8P
19:40:09,14026.0,WS7L,34,31,K9IMM
19:40:09,14026.0,WS7L,29,48,KD7EFG
19:40:09,14029.1,K5SJC,33,6,VE6AO
19:40:09,14038.9,KX2P,28,4,WE9V
19:40:09,14038.9,KX2P,28,13,K9IMM
19:40:09,14042.1,N1DC,32,3,VE6AO
19:40:09,14051.5,WY7WL,18,8,KD7EFG
19:40:09,14066.1,K7GT,20,6,K9IMM
19:40:10,14022.0,EA2CAR,20,33,IK7YTT
19:40:10,14025.7,W2RQ,37,26,ZF9CW
19:40:10,14025.7,W2RQ,39,12,PE5TT
19:40:10,14029.1,K5SJC,33,7,NG7M
19:40:10,14029.2,K5SJC,33,34,ZF9CW
19:40:10,14031.4,KA5M,30,13,WC2L
19:40:10,14037.2,HA7I,33,15,ZF9CW
19:40:10,14038.9,KX2P,27,15,K5TR
19:40:10,14038.9,KX2P,27,8,NG7M
19:40:11,14005.1,CN2DX,28,5,HB9EMP
19:40:11,14022.0,EA2CAR,20,10,YO2KAR
19:40:11,14022.0,EA2CAR,20,23,LZ4AE
19:40:11,14022.0,EA2CAR,20,23,LZ4AE
19:40:11,14022.0,EA2CAR,20,14,W1NT-6
19:40:11,14025.7,W2RQ,38,13,VE6WZ
19:40:11,14025.7,W2RQ,36,33,VE6WZ
19:40:11,14025.7,W2RQ,37,22,S53A
19:40:11,14025.7,W2RQ,40,13,DK0KK
19:40:11,14025.7,W2RQ,38,27,WA7LNW
19:40:11,14026.0,WS7L,34,27,W1NT-6
19:40:11,14029.6,KH7X,35,36,WA7LNW
19:40:11,14031.5,KA5M,30,13,W2NNN
19:40:11,14032.7,N4BP,31,9,VE6WZ
19:40:11,14037.2,HA7I,34,16,S53A
19:40:11,14037.2,HA7I,33,9,VU2TUM
19:40:11,14037.8,DL1VDL,31,7,W2NNN
19:40:11,14038.9,KX2P,27,16,W2NNN
19:40:11,14038.9,KX2P,27,15,W1NT-6
19:40:11,14038.9,KX2P,27,11,WA7LNW
19:40:11,14046.6,K3MD,34,6,S53A
19:40:11,14047.2,K6NR,28,24,VE6WZ
19:40:11,14047.3,K6NR,26,24,W2NNN
19:40:11,14066.1,K7GT,20,5,WA7LNW
19:40:12,14025.7,W2RQ,36,33,VE6WZ-3
19:40:12,14037.2,HA7I,33,19,EA5WU
19:40:12,14047.2,K6NR,28,24,VE6WZ-3
19:40:13,14021.9,EA2CAR,20,17,YO2CK
19:40:13,14022.0,EA2CAR,20,14,W1NT-2
19:40:13,14025.7,W2RQ,37,25,ND7K
19:40:13,14025.7,W2RQ,36,25,AA4PA
19:40:13,14025.7,W2RQ,37,10,PI4CC
19:40:13,14025.7,W2RQ,37,12,PA5KT-4
19:40:13,14025.8,W2RQ,40,14,IK4VET
19:40:13,14025.8,W2RQ,38,17,K5EM
19:40:13,14027.4,N8KH,37,21,AA4PA
19:40:13,14031.4,KA5M,30,10,W1NT-2
19:40:13,14034.0,VE5UO,33,12,ND7K
19:40:13,14035.2,VE3JM,37,28,AA4PA
19:40:13,14037.2,HA7I,34,24,R4NCU
19:40:13,14037.7,W6SX,36,23,W1NT-2
19:40:13,14038.9,KX2P,27,15,W3RGA
19:40:13,14038.9,KX2P,28,17,W1NT-2
19:40:13,14041.3,N5RZ,40,20,W3RGA
19:40:13,14041.3,N5RZ,40,27,W1NT-2
19:40:13,14041.3,N5RZ,40,25,K5EM
19:40:13,14047.2,K6NR,27,31,AA4PA
19:40:13,14047.3,K6NR,25,7,W8WTS
19:40:13,14049.0,ND9M,28,15,ND7K
19:40:13,14066.1,K7GT,20,7,ND7K
19:40:14,14025.7,W2RQ,37,19,K4PP
19:40:14,14025.7,W2RQ,40,17,AC0C-1
19:40:14,14035.9,N6CHU,28,14,K4PP
19:40:14,14038.9,KX2P,28,13,AC0C-1
19:40:14,14041.3,N5RZ,39,13,K4PP
19:40:14,14041.3,N5RZ,40,31,AC0C-1
19:40:14,14066.1,K7GT,20,12,AC0C-1
19:40:15,14022.0,EA2CAR,20,15,TI7W
19:40:15,14025.7,W2RQ,39,10,G4ZFE
19:40:15,14025.7,W2RQ,37,25,TI7W
19:40:15,14031.4,KA5M,31,17,KC4YVA
19:40:15,14035.0,EA5M,36,12,DK0TE
19:40:15,14037.2,HA7I,33,20,TI7W
19:40:15,14041.3,N5RZ,40,24,TI7W
19:40:16,14005.1,CN2DX,28,28,BG7IEJ
19:40:16,14025.6,W2RQ,38,15,OK1HRA
19:40:16,14025.7,W2RQ,38,8,EA4RKC
19:40:16,14037.2,HA7I,33,30,EA4RKC
19:40:16,14038.9,KX2P,27,18,WX7V/5
19:40:17,14025.7,W2RQ,42,10,G0KTN
19:40:17,14031.4,KA5M,30,7,KM3T-2
19:40:17,14038.9,KX2P,28,23,K3PA-1
19:40:17,14042.1,N1DC,30,7,DL8LAS
19:40:18,14022.0,EA2CAR,20,28,IT9GSF
19:40:18,14022.0,EA2CAR,20,19,BD8CS
19:40:18,14025.7,W2RQ,37,27,IT9GSF
19:40:18,14035.9,N6CHU,28,13,N4HAC
19:40:18,14037.8,DL1VDL,31,10,W2MV
19:40:18,14041.3,N5RZ,38,22,K1RA-4
19:40:18,14046.6,K3MD,34,14,IT9GSF
19:40:19,14025.7,W2RQ,38,10,NU4F
19:40:19,14025.7,W2RQ,37,19,W6YX
19:40:19,14026.0,WS7L,34,48,K7CO
19:40:19,14026.0,WS7L,35,38,WE9V
19:40:19,14029.6,KH7X,38,26,WB6BEE
19:40:19,14036.8,K0VBU,38,23,WB6BEE
19:40:19,14038.9,KX2P,28,5,W6YX
19:40:19,14039.2,K7RL,40,35,WE9V
19:40:19,14041.3,N5RZ,40,22,NU4F
19:40:19,14041.3,N5RZ,40,12,VE6AO
19:40:19,14041.3,N5RZ,38,26,WB6BEE
19:40:20,14017.7,OE6JTD,21,6,IK7YTT
19:40:20,14025.7,W2RQ,36,27,K5TR
19:40:20,14035.2,VE3JM,35,34,K5TR
19:40:20,14036.8,K0VBU,38,30,K5TR
19:40:20,14037.1,K0SN,37,8,JJ2VLY
19:40:20,14038.5,K1SM,31,12,DM6EE
19:40:20,14038.9,KX2P,28,11,ZF9CW
19:40:20,14038.9,KX2P,28,4,KM3T-3
19:40:20,14040.5,NE5A,33,11,NG7M
19:40:20,14041.3,N5RZ,40,18,K5TR
19:40:20,14041.3,N5RZ,41,18,NG7M
19:40:20,14046.3,WU6P,38,14,KM3T-3
19:40:21,14025.7,W2RQ,39,11,N6TV
19:40:21,14025.9,WS7L,33,30,VE6WZ
19:40:21,14025.9,WS7L,33,34,W8WWV
19:40:21,14031.0,K3WW,38,28,VE6WZ
19:40:21,14036.8,K0VBU,38,19,WC2L
19:40:21,14036.8,K0VBU,36,16,W2NNN
19:40:21,14037.1,K0SN,38,8,VE6WZ
19:40:21,14037.7,W6SX,37,17,VE6WZ
19:40:21,14040.5,NE5A,33,3,VE6WZ
19:40:21,14041.2,N5RZ,40,21,W8WWV
19:40:21,14041.3,N5RZ,39,16,W2NNN
19:40:21,14041.3,N5RZ,39,27,N6TV
19:40:21,14042.1,N1DC,30,7,DL8LAS-3
19:40:22,14025.7,W2RQ,41,7,DL1HWS
19:40:22,14026.0,WS7L,33,35,WA7LNW
19:40:22,14036.8,K0VBU,38,25,WA7LNW
19:40:22,14038.9,KX2P,28,5,KM3T-5
19:40:22,14041.3,N5RZ,40,28,WA7LNW
19:40:22,14041.3,N5RZ,39,14,ZL4YL
19:40:22,14046.3,WU6P,37,24,N7VVX
19:40:23,14022.0,EA2CAR,21,7,LZ3CB
19:40:23,14025.9,WS7L,33,30,VE6WZ-3
19:40:23,14029.0,N8UM,38,15,IK4VET
19:40:23,14031.0,K3WW,38,28,VE6WZ-3
19:40:23,14038.9,KX2P,28,9,ND7K
19:40:23,14040.5,NE5A,33,3,VE6WZ-3
19:40:23,14042.1,N1DC,32,4,W1NT-2
19:40:23,14043.8,K4HR,31,29,AA4PA
19:40:23,14047.7,K7WP,37,12,W1NT-2
19:40:23,14047.7,K7WP,37,9,K5EM
19:40:24,14031.0,K3WW,36,28,K4PP
19:40:24,14036.8,K0VBU,38,23,AC0C-1
19:40:24,14037.2,HA7I,33,10,MM0ZBH
19:40:24,14041.3,N5RZ,40,15,N2EPE
19:40:24,14045.8,M4SPR,31,3,W8WTS
19:40:24,14047.7,K7WP,37,13,AC0C-1
19:40:24,14069.8,YO4BEX,32,14,MM0ZBH
19:40:25,14029.0,WA3AAN,31,8,G4ZFE
19:40:25,14036.8,K0VBU,38,21,KC4YVA
19:40:25,14047.5,K7WP,36,12,VE4DRK
19:40:26,14026.0,WS7L,35,21,TI7W
19:40:26,14028.9,N8UM,37,11,DF7GB
19:40:26,14031.0,K3WW,38,28,TI7W
19:40:26,14037.3,HA7I,33,20,BG7IEJ
19:40:26,14037.8,DL1VDL,31,8,LU8XW
19:40:26,14038.1,W9ILY,29,20,TI7W
19:40:26,14038.9,KX2P,28,6,TI7W
19:40:26,14047.7,K7WP,36,13,TI7W
19:40:27,14036.8,K0VBU,38,32,WX7V/5
19:40:27,14047.7,K7WP,37,27,WX7V/5
19:40:27,14047.7,K7WP,36,14,K3PA-1
19:40:27,14047.7,K7WP,36,10,K6FOD
19:40:28,14028.0,K9UIY,31,11,N2YCH
19:40:28,14028.9,N8UM,38,19,DK9IP-1
19:40:28,14028.9,N8UM,38,17,EI4HQ
19:40:28,14031.0,K3WW,40,17,G0KTN
19:40:28,14034.7,N5TOO,37,23,IT9GSF
19:40:28,14036.8,K0VBU,38,15,KM3T-2
19:40:28,14036.8,K0VBU,37,24,K9LC
19:40:28,14036.8,K0VBU,37,30,N4HAC
19:40:28,14037.2,HA7I,34,17,EI4HQ
19:40:28,14038.9,KX2P,28,8,KM3T-2
19:40:28,14038.9,KX2P,28,6,N4HAC
19:40:28,14045.0,AI5IN,37,5,G0KTN
19:40:28,14063.3,G0BPU,19,4,IT9GSF
19:40:29,14025.6,W2RQ,38,11,DR4W
19:40:29,14028.9,N8UM,37,34,N9CO
19:40:29,14029.0,WA3AAN,31,29,N9CO
19:40:29,14031.0,K3WW,37,21,K7CO
19:40:29,14038.9,KX2P,28,10,NU4F
19:40:29,14041.6,AE1T,34,51,N9CO
19:40:29,14043.2,K5UV,37,20,K1RA-4
19:40:29,14043.2,K5UV,35,21,W6YX
19:40:29,14047.7,K7WP,36,10,N9CO
19:40:29,14047.7,K7WP,37,21,K7CO
19:40:29,14047.7,K7WP,36,12,W6YX
19:40:30,14028.9,N8UM,38,28,K9IMM
19:40:30,14028.9,N8UM,38,29,ZF9CW
19:40:30,14030.1,K0INN,29,17,WB6BEE
19:40:30,14032.7,N4BP,29,37,WB6BEE
19:40:30,14037.2,HA7I,33,8,MM9PSY
19:40:30,14037.8,DL1VDL,31,9,IK7YTT
19:40:30,14043.2,K5UV,37,19,WE9V
19:40:30,14043.2,K5UV,37,27,K9IMM
19:40:30,14043.8,K0PC,32,36,K9IMM
19:40:30,14047.6,K7WP,37,19,WE9V
19:40:30,14047.7,K7WP,37,22,WB6BEE
19:40:30,14047.7,K7WP,37,20,K9IMM
19:40:31,14028.9,N8UM,38,29,S53A
19:40:31,14028.9,N8UM,37,15,WC2L
19:40:31,14031.4,KA5M,30,8,KM3T-3
19:40:31,14032.2,N3RD,40,11,NG7M
19:40:31,14033.0,WJ9B,34,6,WC2L
19:40:31,14040.0,K0RX,34,10,K5TR
19:40:31,14047.7,K7WP,37,7,KM3T-3
19:40:31,14047.7,K7WP,36,14,NG7M
19:40:31,14047.7,K7WP,37,17,K5TR
19:40:32,14028.9,N8UM,36,10,WA7LNW
19:40:32,14031.4,KA5M,30,9,KM3T-5
19:40:32,14034.7,N5TOO,36,22,WA7LNW
19:40:32,14037.7,W6SX,37,17,W1NT-6
19:40:32,14038.9,KX2P,28,9,W8WWV
19:40:32,14040.0,K0RX,33,15,KM3T-5
19:40:32,14045.0,AI5IN,35,9,5Z4GO
19:40:32,14047.6,K7WP,37,6,W8WWV
19:40:32,14047.7,K7WP,36,4,W1NT-6
19:40:32,14047.7,K7WP,37,8,N7VVX
19:40:33,14047.7,K7WP,37,11,ZL4YL
19:40:33,14047.7,K7WP,34,7,W3RGA
19:40:34,14029.0,WA3AAN,33,7,PI4CC
19:40:34,14030.1,K0INN,29,16,ND7K
19:40:34,14031.4,KA5M,30,13,W8WTS
19:40:34,14046.3,WU6P,37,37,ND7K
19:40:34,14046.3,WU6P,38,23,AA4PA
19:40:34,14056.0,N1BS,23,8,AA4PA
19:40:35,14022.0,EA2CAR,20,22,LZ7AA
19:40:35,14032.7,N4BP,30,3,AA0O
19:40:35,14046.1,WU6P,39,9,VE4DRK
19:40:35,14046.3,WU6P,37,36,AC0C-1
19:40:35,14047.1,K6NR,25,19,VE4DRK
19:40:36,14027.8,VE9KK,35,6,KC4YVA
19:40:36,14041.6,AE1T,32,32,TI7W
19:40:36,14046.6,K3MD,33,4,OK1HRA
19:40:37,14022.1,EA2CAR,20,17,BG7IEJ
19:40:37,14026.6,W1WEF,38,27,K3PA-1
19:40:37,14037.1,K0SN,36,23,WX7V/5
19:40:37,14041.3,N5RZ,40,27,K3PA-1
19:40:37,14045.8,W4SPR,31,5,HA2NA
19:40:38,14022.7,KI7Y,31,21,K9LC
19:40:38,14027.7,VE9KK,34,9,N4HAC
19:40:38,14029.0,WA3AAN,33,15,G0KTN
19:40:38,14035.0,EA5M,37,8,HB9BXE
19:40:38,14037.1,K0SN,32,22,K6FOD
19:40:38,14040.5,NE5A,30,15,IT9GSF
19:40:38,14041.3,N5RZ,40,24,K6FOD
19:40:38,14042.1,N1DC,31,15,K9LC
19:40:38,14047.6,K7WP,37,9,K9LC
19:40:39,14022.1,EA2CAR,20,2,HG8A
19:40:39,14039.3,K7RL,36,6,W2MV
19:40:39,14041.3,N5RZ,40,18,N4HAC
19:40:39,14041.3,N5RZ,36,28,K7CO
19:40:39,14046.3,WU6P,38,21,N9CO
19:40:39,14046.3,WU6P,38,31,K7CO
19:40:40,14026.6,W1WEF,38,24,W6YX
19:40:40,14026.6,W1WEF,38,4,MM9PSY
19:40:40,14026.6,W1WEF,38,39,K9IMM
19:40:40,14029.0,WA3AAN,30,13,NU4F
19:40:40,14029.0,WA3AAN,31,19,WE9V
19:40:40,14030.1,K0INN,29,32,KD7EFG
19:40:40,14034.9,N7NR,36,45,KD7EFG
19:40:40,14037.1,K0SN,35,26,WB6BEE
19:40:40,14037.2,HA7I,34,6,F4GOU
19:40:40,14041.3,N5RZ,39,35,W6YX
19:40:40,14041.3,N5RZ,39,18,WE9V
19:40:40,14044.3,W8CAR,35,5,VE6AO
19:40:40,14046.3,WU6P,38,26,K9IMM
19:40:40,14047.2,K6NR,24,28,WE9V
19:40:40,14066.1,K7GT,20,5,W6YX
19:40:40,14069.8,YO4BEX,31,6,MM9PSY
19:40:40,14069.8,YO4BEX,31,7,MM9PSY
19:40:41,14026.6,W1WEF,38,11,NG7M
19:40:41,14026.6,W1WEF,38,14,S53A
19:40:41,14032.7,N4BP,30,39,ZF9CW
19:40:41,14037.1,K0SN,37,18,WC2L
19:40:41,14037.1,K0SN,35,18,W2NNN
19:40:41,14037.2,HA7I,33,11,IK7YTT
19:40:41,14040.6,NE5A,30,13,W2NNN
19:40:41,14046.3,WU6P,38,33,ZF9CW
19:40:41,14046.3,WU6P,37,28,NG7M
19:40:41,14046.3,WU6P,37,33,K5TR
19:40:41,14047.2,K6NR,25,17,KM3T-3
19:40:42,14026.4,WG3J,35,21,VE6WZ
19:40:42,14026.6,W1WEF,38,11,DL8LAS-1
19:40:42,14035.2,VE3JM,37,36,WA7LNW
19:40:42,14037.0,K0SN,38,18,VE6WZ
19:40:42,14037.1,K0SN,36,21,N6TV
19:40:42,14046.3,WU6P,38,19,WA7LNW
19:40:43,14022.0,EA2CAR,20,11,KM3T-5
19:40:43,14028.9,N8UM,37,10,S53WW
19:40:43,14037.0,K0SN,38,18,VE6WZ-3
19:40:43,14037.1,K0SN,33,18,W3RGA
19:40:43,14047.7,K7WP,37,9,KM3T-5
19:40:44,14026.6,W1WEF,38,20,PI4CC
19:40:44,14026.6,W1WEF,38,25,ND7K
19:40:44,14034.4,MM2T,29,28,W1NT-2
19:40:44,14037.1,K0SN,33,26,W1NT-2
19:40:44,14037.1,K0SN,35,19,AA4PA
19:40:44,14040.6,NE5A,31,14,K5EM
19:40:44,14041.3,N5RZ,40,33,ND7K
19:40:45,14028.0,K9UIY,32,1,N2EPE
19:40:45,14028.9,N8UM,37,15,K4PP
19:40:45,14028.9,N8UM,38,10,G4ZFE
19:40:45,14037.1,K0SN,35,13,K4PP
19:40:45,14046.3,WU6P,38,11,N2EPE
19:40:46,14027.8,K9UIY,31,10,VE4DRK
19:40:46,14038.9,KX2P,28,9,KC4YVA
19:40:46,14040.0,K0RX,33,23,KC4YVA
19:40:46,14049.0,SO9PC,21,11,EA4RKC
19:40:47,14028.8,N8UM,38,18,OK1HRA
19:40:48,14028.9,N8UM,37,12,K3PA-1
19:40:48,14034.9,N7NR,36,40,WX7V/5
19:40:48,14066.1,K7GT,20,10,K3PA-1
19:40:49,14028.9,N8UM,38,7,HB9BXE
19:40:49,14037.2,HA7I,33,13,BD8CS
19:40:49,14049.0,SO9PC,21,12,BD8CS
19:40:50,14027.8,VE9KK,33,6,WE9V
19:40:50,14028.9,N8UM,38,26,OE9GHV
19:40:50,14028.9,N8UM,38,9,NU4F
19:40:50,14033.3,KR2Q,37,21,N9CO
19:40:50,14035.5,K3ATO,37,17,NU4F
19:40:50,14037.8,DL1VDL,31,10,WB6BEE
19:40:50,14041.3,N5RZ,40,20,N9CO
19:40:50,14049.0,SO9PC,21,17,RU9CZD
19:40:51,14034.4,MM2T,30,24,KM3T-3
19:40:51,14035.5,K3ATO,38,32,K9IMM
19:40:51,14035.5,K3ATO,38,41,ZF9CW
19:40:51,14035.5,K3ATO,36,11,DK0KK
19:40:52,14019.8,W2KS,25,7,W1NT-6
19:40:52,14026.6,W1WEF,38,11,N6TV
19:40:52,14027.4,N8KH,37,10,VE6WZ
19:40:52,14027.4,N8KH,37,30,W8WWV
19:40:52,14028.9,WA3AAN,28,19,K5TR
19:40:52,14028.9,N8UM,37,12,DL1HWS
19:40:54,14027.4,N8KH,37,10,VE6WZ-3
19:40:54,14028.9,N8UM,37,5,PA5KT-4
19:40:54,14036.8,K0VBU,38,22,W3RGA
19:40:54,14036.8,K0VBU,37,21,W1NT-2
19:40:54,14041.3,N5RZ,41,23,AK6RI-1
19:40:54,14046.3,WU6P,37,15,ZL4YL
19:40:54,14046.6,K3MD,34,5,AK6RI-1
19:40:54,14049.0,SO9PC,21,32,R4NCU
19:40:55,14023.5,F6HKA,32,7,W8WTS
19:40:55,14033.0,WJ9B,36,25,AC0C-1
19:40:55,14034.4,MM2T,30,16,AA4PA
19:40:55,14034.4,MM2T,30,5,MM0ZBH
19:40:55,14035.5,K3ATO,38,15,K4PP
19:40:55,14036.2,W5TM,38,44,AC0C-1
19:40:55,14037.1,K0SN,36,16,N2EPE
19:40:56,14028.9,N8UM,38,20,EA4RKC
19:40:57,14028.9,N8UM,38,23,K7EK
19:40:57,14035.5,K3ATO,37,26,TI7W
19:40:57,14040.5,NE5A,30,13,TI7W
19:40:57,14041.3,N5RZ,40,18,KC4YVA
19:40:57,14052.0,VA2RKV,14,3,K7EK
19:40:58,14028.9,N8UM,38,11,DL8LAS
19:40:58,14034.4,MM2T,28,15,KM3T-2
19:40:59,14036.2,W5TM,37,12,N4HAC
19:40:59,14037.1,K0SN,36,22,N4HAC
19:41:00,14017.7,OE6JTD,20,16,BD8CS
19:41:00,14017.7,OE6JTD,21,22,RU9CZD
19:41:00,14026.3,WG3J,39,12,WT8P
19:41:00,14028.9,N8UM,37,14,VE6AO
19:41:00,14028.9,N8UM,38,20,KD7EFG
19:41:00,14037.1,K0SN,38,28,K1RA-4
19:41:00,14037.1,K0SN,36,48,KD7EFG
19:41:00,14040.0,K0RX,33,27,KD7EFG
19:41:00,14041.3,N5RZ,39,39,KD7EFG
19:41:00,14046.3,WU6P,37,7,VE6AO
19:41:00,14056.0,N1BS,24,19,N9CO
19:41:01,14026.3,WG3J,37,41,K9IMM
19:41:01,14028.9,N8UM,37,8,IK7YTT
19:41:01,14028.9,N8UM,38,11,DL8LAS-3
19:41:01,14056.0,N1BS,24,11,WE9V
19:41:02,14026.6,W1WEF,38,28,K5TR
19:41:02,14027.7,VE9KK,33,11,K5TR
19:41:02,14034.4,MM2T,29,10,W2NNN
19:41:02,14035.5,K3ATO,38,25,VE6WZ
19:41:02,14036.3,W5TM,38,8,S53A
19:41:02,14037.0,K0SN,38,31,W8WWV
19:41:02,14043.2,K5UV,37,17,W8WWV
19:41:02,14046.3,WU6P,36,11,W2NNN
19:41:02,14047.2,K6NR,25,21,WC2L
19:41:03,14027.8,VE9KK,36,18,WA7LNW
19:41:03,14034.4,MM2T,30,27,W1NT-6
19:41:03,14034.4,MM2T,30,20,KM3T-5
19:41:04,14035.5,K3ATO,38,25,VE6WZ-3
19:41:04,14043.2,K5UV,37,15,W1NT-2
19:41:04,14056.0,N1BS,24,3,PI4CC
19:41:06,14026.6,W1WEF,38,21,K4PP
19:41:06,14036.9,K0SN,33,20,VE4DRK
19:41:06,14054.2,WA2VJL,15,5,AC0C-1
19:41:07,14017.7,OE6JTD,21,19,EA4RKC
19:41:07,14023.5,R6HKA,31,15,SE5E
19:41:07,14027.8,VE9KK,35,6,K7EK
19:41:07,14031.0,K3WW,40,23,K7EK
19:41:07,14037.1,K0SN,36,21,KC4YVA
19:41:07,14045.6,AB5SE,33,9,TI7W
19:41:08,14038.6,K1SM,33,23,K3PA-1
19:41:08,14054.2,WA2VJL,15,11,K3PA-1
19:41:08,14055.0,KO4TQF,20,5,WX7V/5
19:41:09,14026.3,WG3J,38,9,EI4HQ
19:41:09,14028.0,EA5JXH,28,21,IT9GSF
19:41:09,14028.9,N8UM,37,17,DR4W
19:41:09,14042.5,W7JET,39,24,K9LC
19:41:09,14042.6,W7JET,39,15,KM3T-2
19:41:09,14045.6,AB5SE,33,14,N4HAC
19:41:09,14045.6,AB5SE,33,14,K9LC
19:41:10,14022.0,EA2CAR,20,22,OH6BG
19:41:10,14026.3,WG3J,40,12,VE6AO
19:41:10,14029.2,K5SJC,32,23,K7CO
19:41:10,14030.6,N4HAI,30,15,NU4F
19:41:10,14042.5,W7JET,40,17,VE6AO
19:41:10,14043.2,K5UV,37,29,N9CO
19:41:10,14043.2,K5UV,36,9,VE6AO
19:41:10,14044.6,WT9U,37,7,VE6AO
19:41:10,14045.6,AB5SE,33,5,K1RA-4
19:41:10,14045.6,AB5SE,33,11,W6YX
19:41:10,14045.6,AB5SE,34,26,N9CO
19:41:10,14054.2,WA2VJL,15,15,K7CO
19:41:10,14054.2,WA2VJL,15,8,NU4F
19:41:11,14034.6,K1AI,25,27,WE9V
19:41:11,14042.5,W7JET,39,29,WE9V
19:41:11,14045.6,AB5SE,32,13,WB6BEE
19:41:11,14045.6,AB5SE,34,18,WE9V
19:41:12,14034.4,MM2T,29,23,WC2L
19:41:12,14045.6,AB5SE,33,23,K9IMM
19:41:12,14045.6,AB5SE,34,12,KD7EFG
19:41:12,14045.6,AB5SE,33,8,S53A
19:41:12,14045.6,AB5SE,33,16,ZF9CW
19:41:12,14054.2,WA2VJL,15,22,ZF9CW
19:41:12,14056.0,N1BS,24,8,ZF9CW
19:41:13,14028.9,N8UM,38,12,VE6WZ
19:41:13,14028.9,N8UM,37,11,W1NT-6
19:41:13,14041.6,AE1T,36,11,N6TV
19:41:13,14041.6,AE1T,37,24,W8WWV
19:41:13,14041.6,AE1T,37,12,EA5WU
19:41:13,14045.6,AB5SE,33,31,W8WWV
19:41:14,14045.6,AB5SE,33,23,WA7LNW
19:41:14,14045.6,AB5SE,34,14,W3RGA
19:41:14,14054.2,WA2VJL,15,17,WA7LNW
19:41:15,14022.0,EA2CAR,20,16,ZL4YL
19:41:15,14027.8,WW9R,35,7,K5EM
19:41:15,14028.9,N8UM,38,12,VE6WZ-3
19:41:15,14028.9,N8UM,37,13,DK3WW
19:41:15,14028.9,N8UM,38,20,DK0TE
19:41:15,14029.1,K5SJC,33,2,AK6RI-1
19:41:15,14029.1,K5SJC,32,15,AA4PA
19:41:15,14031.4,KA5M,31,10,N2EPE
19:41:15,14041.6,AE1T,37,5,W8WTS
19:41:15,14043.2,K5UV,37,15,ND7K
19:41:15,14043.3,K5UV,37,17,K5EM
19:41:15,14045.6,AB5SE,32,8,W1NT-2
19:41:15,14045.6,AB5SE,33,9,ND7K
19:41:15,14045.6,AB5SE,33,5,W8WTS
19:41:16,14045.6,AB5SE,33,8,AC0C-1
19:41:17,14026.6,W1WEF,38,30,K7EK
19:41:17,14028.9,N8UM,38,10,GI4DOH
19:41:17,14029.0,K5SJC,32,8,VE4DRK
19:41:17,14031.4,KA5M,29,35,K7EK
19:41:17,14038.6,K1SM,31,5,GI4DOH
19:41:17,14038.6,K1SM,32,27,K7EK
19:41:17,14041.7,AE1T,36,35,K7EK
19:41:17,14043.3,K5UV,37,14,K7EK
19:41:17,14045.7,AB5SE,32,28,K7EK
19:41:18,14043.2,K5UV,37,13,TI7W
19:41:19,14028.9,N8UM,37,17,DK9IP
19:41:19,14028.9,WA3AAN,32,14,IT9GSF
19:41:19,14031.0,K3WW,40,15,DK9IP
19:41:19,14031.5,KA5M,31,5,N2YCH
19:41:19,14039.3,K7RL,39,24,WX7V/5
19:41:19,14041.6,AE1T,33,6,G0KTN
19:41:21,14033.7,W2RQ,40,23,K7CO
19:41:21,14033.7,W2RQ,39,18,PE5TT
19:41:21,14035.5,K3ATO,38,15,W6YX
19:41:22,14028.9,WA3AAN,31,18,K9IMM
19:41:22,14029.0,WA3AAN,34,27,ZF9CW
19:41:22,14032.7,N4BP,30,8,DK0KK
19:41:22,14035.5,K3ATO,37,16,WE9V
19:41:22,14046.6,K3MD,34,3,DK0KK
19:41:22,14056.0,N1BS,24,8,K9IMM
19:41:23,14022.8,KI7Y,31,4,WC2L
19:41:23,14034.4,MM2T,29,28,ZF9CW
19:41:23,14043.2,K5UV,37,22,ZF9CW
19:41:23,14043.2,K5UV,37,14,NG7M
19:41:24,14033.6,W2RQ,39,29,WA7LNW
19:41:24,14033.6,W2RQ,40,14,PA5KT-4
19:41:25,14038.6,K1SM,32,10,K5EM
19:41:25,14041.6,AE1T,36,8,ZL4YL
19:41:26,14028.9,N8UM,36,9,ND7K
19:41:26,14029.6,KH7X,39,14,N2EPE
19:41:26,14033.3,KR2Q,37,10,DK3WW
19:41:26,14033.6,W2RQ,38,25,ND7K
19:41:26,14033.6,W2RQ,40,12,DK3WW
19:41:26,14033.6,W2RQ,39,27,VE6WZ-3
19:41:26,14033.6,W2RQ,38,28,AC0C-1
19:41:26,14041.2,N5RZ,39,29,AA4PA
19:41:26,14041.6,AE1T,33,31,AA4PA
19:41:26,14045.6,AB5SE,33,14,AA4PA
19:41:26,14046.6,K3MD,34,6,DK3WW
19:41:27,14033.6,W2RQ,39,7,KD2M
19:41:27,14033.9,VE5UO,33,9,VE4DRK
19:41:27,14037.2,HA7I,33,12,SE5E
19:41:27,14041.5,AE1T,34,7,OK1HRA
19:41:28,14017.8,OE6JTD,21,23,BG7IEJ
19:41:28,14032.8,N4BP,29,9,K7EK
19:41:28,14033.7,W2RQ,39,13,K7EK
19:41:28,14045.1,AI5IN,33,28,K7EK
19:41:29,14027.4,N8KH,38,14,KM3T-2
19:41:29,14033.0,WJ9B,35,3,WX7V/5
19:41:29,14033.6,W2RQ,40,13,G4KCM
19:41:29,14033.6,W2RQ,38,25,K3PA-1
19:41:29,14033.6,W2RQ,38,16,EI4HQ
19:41:29,14034.1,VE5UO,33,7,K6FOD
19:41:29,14035.0,EA5M,35,35,DL8LAS
19:41:29,14035.5,K3ATO,38,18,WX7V/5
19:41:29,14052.5,W4LOO,24,9,K6FOD
19:41:30,14033.6,W2RQ,37,27,K9LC
19:41:30,14052.5,W4LOO,25,3,K9LC
19:41:31,14027.4,N8KH,36,28,WB6BEE
19:41:31,14028.9,N8UM,38,7,F4GOU
19:41:31,14033.6,W2RQ,39,14,NU4F
19:41:31,14033.6,W2RQ,39,11,WT8P
19:41:31,14033.6,W2RQ,38,19,W6YX
19:41:31,14035.0,EA5M,33,12,OE9GHV
19:41:31,14037.1,K0SN,37,27,N9CO
19:41:31,14037.1,K0SN,36,28,W6YX
19:41:32,14028.9,N8UM,38,19,WE9V
19:41:32,14033.6,W2RQ,38,14,DK0KK
19:41:32,14033.6,W2RQ,39,36,WE9V
19:41:32,14033.6,W2RQ,39,20,S53A
19:41:32,14051.5,WY7WL,18,8,WE9V
19:41:33,14023.5,F6HKA,32,21,KM3T-3
19:41:33,14023.5,F6HKA,32,22,ZF9CW
19:41:33,14032.7,N4BW,30,8,VE6WZ
19:41:33,14033.6,W2RQ,40,29,ZF9CW
19:41:33,14033.6,W2RQ,38,21,K5TR
19:41:33,14033.6,W2RQ,39,27,VE6WZ
19:41:33,14033.7,W2RQ,38,9,VE6WZ
19:41:33,14035.0,EA5M,35,35,DL8LAS-1
19:41:33,14041.6,AE1T,37,20,N7VVX
19:41:33,14046.3,WU6P,37,12,VE6WZ
19:41:33,14052.5,W4LOO,25,8,KM3T-3
19:41:33,14052.5,W4LOO,24,16,K5TR
19:41:34,14023.5,F6HKA,32,21,KM3T-5
19:41:34,14033.6,W2RQ,40,8,N6TV
19:41:34,14033.7,W2RQ,39,15,IK4VET
19:41:34,14037.1,K0SN,37,19,W1NT-6
19:41:34,14037.1,K0SN,37,14,KM3T-5
19:41:34,14037.3,HA7I,33,7,IK4VET
19:41:35,14023.5,F6HKA,32,19,W3RGA
19:41:35,14023.5,F6HKA,32,33,W1NT-2
19:41:35,14027.4,N8KH,39,21,WA7LNW
19:41:35,14028.9,N8UM,37,25,DP5G
19:41:35,14033.6,W2RQ,39,16,DP5G
19:41:36,14019.7,K3SRO,26,17,VE6WZ-3
19:41:36,14019.8,K3SRO,26,3,AA4PA
19:41:36,14023.5,F6HKA,32,11,N2EPE
19:41:36,14032.7,N4BP,29,6,ZL4YL
19:41:36,14033.6,W2RQ,39,13,AA4PA
19:41:36,14037.6,W6SX,37,12,AA4PA
19:41:36,14042.6,W7JET,38,14,ZL4YL
19:41:36,14043.8,K0PC,32,23,K5EM
19:41:37,14023.5,F6HKA,32,22,ES2RR
19:41:37,14033.6,W2RQ,39,11,EA4RKC
19:41:37,14033.6,W2RQ,37,17,OK1HRA
19:41:38,14023.5,F6HKA,33,26,TI7W
19:41:38,14027.4,N8KH,33,9,KD2M
19:41:38,14028.0,K9UI,31,6,TI7W
19:41:38,14032.5,N4BP,31,18,VE4DRK
19:41:38,14033.7,W2RQ,40,8,GI4DOH
19:41:38,14033.7,W2RQ,38,28,TI7W
19:41:38,14037.2,HA7I,33,5,SZ1A
19:41:38,14037.7,W6SX,36,15,K7EK
19:41:39,14031.0,K3WW,35,11,G4KCM
19:41:39,14031.1,K3WW,40,22,DL8LAS
19:41:39,14033.6,W2RQ,39,14,G0KTN
19:41:39,14033.6,W2RQ,37,6,N2YCH
19:41:39,14036.0,N6CHU,27,20,WX7V/5
19:41:39,14042.6,W7JET,39,8,K6FOD
19:41:39,14060.0,K7OOG,20,7,K3PA-1
19:41:40,14019.7,K3SRO,25,6,K9LC
19:41:40,14032.7,N4BP,31,15,IT9GSF
19:41:40,14032.7,N4BP,31,10,W2MV
19:41:40,14045.0,AI5IN,35,17,W2MV
19:41:40,14045.0,AI5IN,35,19,K9LC
19:41:41,14019.8,K3SRO,26,19,N9CO
19:41:41,14019.8,K3SRO,26,5,K7CO
19:41:41,14023.5,F6HKA,32,23,N9CO
19:41:41,14029.6,KH7X,39,6,NU4F
19:41:41,14030.3,N6TTV,26,10,K7CO
19:41:41,14035.9,N6CHU,27,23,N9CO
19:41:42,14023.5,F6HKA,32,29,ES5PC
19:41:42,14028.0,K9UIY,30,8,W6YX
19:41:42,14030.3,N6TTV,25,4,W6YX
19:41:42,14031.1,K3WW,40,22,DL8LAS-3
19:41:42,14032.7,N4BP,31,10,IK7YTT
19:41:42,14032.7,N4BP,31,21,S53A
19:41:42,14043.2,K5UV,35,29,KD7EFG
19:41:42,14060.0,KK7OOG,20,18,W6YX
19:41:43,14019.8,K3SRO,25,17,K9IMM
19:41:43,14019.8,K3SRO,26,41,ZF9CW
19:41:43,14028.0,K9UIY,32,9,KM3T-3
19:41:43,14028.0,K9UIY,31,16,WC2L
19:41:43,14029.6,KH7X,37,28,ZF9CW
19:41:43,14033.6,W2RQ,39,9,NG7M
19:41:43,14033.7,W2RQ,40,7,DL1HWS
19:41:43,14045.0,AI5IN,37,30,K9IMM
19:41:44,14019.7,K3SRO,26,17,VE6WZ
19:41:44,14019.8,K3SRO,25,5,K5TR
19:41:44,14029.6,KH7X,35,20,N7VVX
19:41:44,14030.2,N6TTV,26,5,VE6WZ
19:41:44,14031.0,K3WW,39,6,EA5WU
19:41:44,14033.6,M2RQ,39,7,N6TV
19:41:44,14034.3,MM2T,31,11,W8WWV
19:41:44,14035.5,K3ATO,37,10,VE6WZ
19:41:44,14045.0,AI5IN,36,33,W8WWV
19:41:44,14045.1,AI5IN,35,8,IK4VET
19:41:45,14029.6,KH7X,36,24,W3RGA
19:41:45,14030.3,N6TTV,26,26,WA7LNW
19:41:45,14033.6,W2RQ,39,11,PI4CC
19:41:45,14034.4,MM2T,32,12,WA7LNW
19:41:45,14042.6,W7JET,37,21,W3RGA
19:41:46,14019.8,K3SRO,24,2,K5EM
19:41:46,14031.1,K3WW,41,17,K5EM
19:41:46,14036.0,N6CHU,29,26,W1NT-2
19:41:46,14036.0,N6CHU,28,6,K5EM
19:41:46,14038.6,K1SM,32,7,G4ZFE
19:41:46,14042.5,W7JET,33,23,W1NT-2
19:41:46,14042.6,W7JET,39,20,K5EM
19:41:46,14045.0,AI5IN,34,12,W8WTS
19:41:46,14045.0,AI5IN,35,15,N2EPE
19:41:47,14030.1,K0INN,31,37,AC0C-1
19:41:47,14030.2,N6TTV,26,5,VE6WZ-3
19:41:47,14037.1,HA7I,33,7,OK1HRA
19:41:47,14045.0,AI5IN,35,18,ZL4YL
19:41:49,14010.0,KI6DS/B,22,3,DL8LAS
19:41:49,14028.0,K9UIY,31,6,TI7W
19:41:49,14028.9,N8UM,38,5,G4KCM
19:41:49,14033.0,WJ9B,35,15,K7EK
19:41:50,14033.2,KR2Q,36,9,DR4W
19:41:50,14035.5,K3ATO,36,22,IT9GSF
19:41:50,14035.9,N6CHU,28,13,KM3T-2
19:41:50,14054.2,WA2VJL,15,15,WX7V/5
19:41:51,14023.5,F6HKA,32,26,OH6BG
19:41:51,14033.3,KR2Q,37,11,DM6EE
19:41:51,14035.0,EA5M,35,17,DO4DXA
19:41:51,14037.2,HA7I,33,8,RU9CZD
19:41:52,14026.6,W1WEF,38,25,K7CO
19:41:52,14031.0,K3WW,39,16,IK7YTT
19:41:52,14033.3,KR2Q,36,10,PE5TT
19:41:52,14033.3,KR2Q,37,17,M1GEO
19:41:53,14010.0,KI6DS/B,22,11,S53A
19:41:53,14030.3,N6TTV,25,12,WE9V
19:41:53,14030.3,N6TTV,25,6,K9IMM
19:41:53,14033.0,WJ9B,35,32,K9IMM
19:41:53,14037.2,HA7I,34,21,5Z4GO
19:41:53,14048.0,WC1D,23,6,K9IMM
19:41:54,14010.0,KI6DS/B,22,3,DL8LAS-1
19:41:54,14025.3,TK4TZ,37,8,KM3T-5
19:41:54,14030.3,N6TTV,22,5,NG7M
19:41:54,14035.2,VE3JM,37,31,ZF9CW
19:41:54,14054.2,WA2VJL,15,11,W8WWV
19:41:55,14030.1,K0INN,28,4,N6TV
19:41:55,14031.0,K3WW,40,9,N6TV
19:41:55,14040.5,NE5A,30,24,KD7EFG
19:41:55,14043.2,K5UV,37,21,WA7LNW
19:41:56,14028.9,WA3AAN,31,10,ND7K
19:41:56,14030.3,N6TTV,26,7,ND7K
19:41:56,14031.0,K3WW,39,4,AK6RI-1
19:41:56,14056.0,N1BS,24,4,WA7LNW
19:41:57,14033.3,KR2Q,36,14,EA4RKC
19:41:57,14035.1,EA5M,37,9,OH8KA
19:41:57,14043.2,K5UV,37,21,AA4PA
19:41:58,14028.0,EA5JXH,29,11,SE5E
19:41:58,14028.4,W0UO,33,12,VE4DRK
19:41:58,14028.9,N8UM,38,8,AC0C-1
19:41:58,14028.9,N8UM,37,8,SE5E
19:41:58,14042.5,KU9S,32,28,AC0C-1
19:41:58,14056.0,N1BS,24,8,AC0C-1
19:41:59,14028.9,N8UM,38,15,G0KTN
19:41:59,14028.9,N8UM,37,19,N2YCH
19:41:59,14034.4,MM2T,29,6,K7EK
19:41:59,14037.1,K0SN,36,15,TI7W
19:41:59,14039.3,K7RL,40,9,K7EK
19:41:59,14048.1,WC1D,23,1,K7EK
19:42:00,14019.8,K3SRO,25,10,IT9GSF
19:42:00,14033.6,W2RQ,40,19,DR4W
19:42:00,14047.2,K6NR,25,15,KM3T-2
19:42:01,14028.9,N8UM,38,3,K9LC
19:42:01,14034.4,MM2T,30,10,N4HAC
19:42:02,14033.0,WJ9B,36,6,VE6AO
19:42:02,14034.4,MM2T,30,6,NU4F
19:42:04,14020.0,M7HOI,16,7,LZ3CB
19:42:04,14028.9,N8UM,37,17,5Z4GO
19:42:04,14031.0,K3WW,38,30,K5TR
19:42:04,14045.6,AB5SE,34,17,VE6WZ
19:42:04,14046.6,K3MN,34,5,KH6LC
19:42:05,14032.7,N4BP,31,5,PI4CC
19:42:05,14047.2,K6NR,25,16,KM3T-5
19:42:06,14019.8,K3SRO,26,24,KD7EFG
19:42:06,14038.5,K1SM,32,16,W3RGA
19:42:07,14029.6,KH7X,36,34,VE6WZ-3
19:42:07,14029.7,KH7X,41,19,K5EM
19:42:07,14030.3,N6TTV,26,13,K5EM
19:42:07,14031.0,K3WW,38,26,ND7K
19:42:07,14033.0,WJ9B,33,21,K4PP
19:42:07,14038.5,K1SM,32,3,DL1HWS-3
19:42:07,14045.0,AI5IN,36,31,AA4PA
19:42:07,14045.6,AB5SE,34,17,VE6WZ-3
19:42:08,14045.0,AI5IN,36,36,AC0C-1
19:42:08,14047.5,KJ9C,28,8,AC0C-1
19:42:08,14051.0,F5MZN,26,14,RK3TD
19:42:09,14020.0,M7HOI,16,10,RK3TD-2
19:42:09,14051.0,F5MZN,26,17,RK3TD-2
19:42:10,14028.9,WA3AAN,32,5,EI4HQ
19:42:10,14030.2,N6TTV,23,7,K6FOD
19:42:10,14031.0,K3WW,36,13,K6FOD
19:42:10,14033.0,WJ9B,36,27,K3PA-1
19:42:10,14033.3,KR2Q,36,10,TI7W
19:42:10,14047.5,KJ9C,30,19,K3PA-1
19:42:10,14055.0,G0XDA,10,9,LZ4UX
19:42:11,14023.5,F6HKA,32,28,IT9GSF
19:42:11,14023.5,F6HKA,32,15,BD8CS
19:42:11,14033.3,KR2Q,35,6,OE9GHV
19:42:11,14038.5,K1SM,32,6,DO4DXA
19:42:11,14038.6,K1SM,32,5,DL1HWS-4
19:42:11,14045.0,AI5IN,35,21,N4HAC
19:42:11,14047.5,KJ9C,31,10,N4HAC
19:42:11,14051.0,F5MZN,26,14,IT9GSF
19:42:11,14055.0,G0XDA,10,33,IT9GSF
19:42:12,14022.0,EA2CAR,20,13,RU9CZD
19:42:12,14030.0,IU3UJX,26,26,OH6BG
19:42:12,14030.3,N6TTV,29,32,N9CO
19:42:12,14031.0,K3WW,31,27,K9LC
19:42:12,14045.0,AI5IN,37,30,K1RA-4
19:42:12,14045.0,AI5IN,36,23,WB6BEE
19:42:12,14047.5,KJ9C,30,15,K1RA-4
19:42:12,14051.0,F5MZN,27,48,OH6BG
19:42:13,14029.6,KH7X,36,32,K7CO
19:42:13,14029.6,KH7X,38,18,VE6AO
19:42:13,14035.2,VE3JM,38,23,K7CO
19:42:13,14035.2,VE3JM,38,24,WE9V
19:42:13,14035.5,K3ATO,37,17,K7CO
19:42:13,14035.5,K3ATO,38,14,S53A
19:42:13,14047.5,KJ9C,30,5,WE9V
19:42:13,14048.0,WC1D,23,7,WE9V
19:42:13,14051.0,F5MZN,27,34,ES5PC
19:42:14,14023.5,F6HKA,33,7,K5TR
19:42:14,14023.6,F6HKA,32,15,W2NNN
19:42:14,14027.4,N8KH,37,25,K9IMM
19:42:14,14033.3,KR2Q,37,7,EA5WU
19:42:14,14035.5,K3ATO,36,17,K5TR
19:42:14,14035.9,N6CHU,28,14,KM3T-3
19:42:14,14038.1,W9ILY,29,24,ZF9CW
19:42:14,14048.0,WC1D,24,15,K5TR
19:42:15,14023.5,F6HKA,32,30,W8WWV
19:42:15,14023.5,F6HKA,32,35,W1NT-6
19:42:15,14029.6,KH7X,36,34,VE6WZ
19:42:15,14029.6,KH7X,38,12,N6TV
19:42:15,14033.2,KR2Q,37,29,VE6WZ
19:42:15,14035.1,VE3JM,37,20,W8WWV
19:42:15,14040.5,NE5A,30,9,VE6WZ
19:42:15,14047.5,KJ9C,31,9,W8WWV
19:42:15,14051.0,F5MZN,26,8,W1NT-6
19:42:16,14029.6,KH7X,37,49,KD7EFG
19:42:16,14035.5,K3ATO,38,20,W1NT-2
19:42:16,14035.9,N6CHU,28,14,W3RGA
19:42:16,14047.5,KJ9C,30,7,W1NT-2
19:42:16,14047.5,KJ9C,30,19,WA7LNW
19:42:17,14035.2,VE3JM,38,17,ND7K
19:42:17,14036.8,K0VBU,37,15,ND7K
19:42:17,14047.6,KJ9C,30,14,K5EM
19:42:18,14031.0,K3WW,34,32,AC0C-1
19:42:18,14032.7,N4BP,30,7,GI4DOH
19:42:18,14033.2,KR2Q,37,29,VE6WZ-3
19:42:18,14038.7,K1SM,32,4,DL5RCN
19:42:18,14049.9,KN8N,23,12,AC0C-1
19:42:18,14051.0,F5MZN,26,41,ES2RR
19:42:19,14023.5,F6HKA,32,8,KC4YVA
19:42:19,14023.6,F6HKA,32,13,BG7IEJ
19:42:19,14035.3,K3ATO,37,12,VE4DRK
19:42:19,14047.4,KJ9C,30,7,VE4DRK
19:42:20,14038.5,K1SM,32,14,DL8LAS
19:42:20,14042.6,W7JET,36,15,K7EK
19:42:20,14047.5,KJ9C,33,20,WX7V/5
19:42:21,14035.0,EA5M,38,7,PT2FHC
19:42:21,14045.0,AI5IN,35,16,K6FOD
19:42:22,14022.0,EA2CAR,21,4,K1RA-4
19:42:22,14023.5,F6HKA,32,21,K1RA-4
19:42:22,14033.0,WJ9B,36,9,K9LC
19:42:22,14035.0,EA5M,38,20,IK7YTT
19:42:22,14035.2,VE3JM,35,8,OE9GHV
19:42:22,14042.5,W7JET,37,6,WT8P
19:42:22,14045.0,AI5IN,34,25,W6YX
19:42:22,14046.3,WU6P,36,15,W6YX
19:42:22,14047.5,KJ9C,33,9,WT8P
19:42:23,14023.5,F6HKA,32,23,WB6BEE
19:42:23,14023.5,F6HKA,32,7,S53A
19:42:23,14028.0,EA5JXH,33,10,LZ4AE
19:42:23,14028.0,EA5JXH,35,10,LZ4AE
19:42:23,14041.6,AE1T,36,15,WB6BEE
19:42:23,14045.0,AI5IN,37,31,K7CO
19:42:23,14047.5,KJ9C,33,16,WB6BEE
19:42:24,14035.0,EA5T,37,13,5Z4GO
19:42:24,14038.5,K1SM,32,14,DL8LAS-1
19:42:25,14022.8,KI7Y,31,6,W2NNN
19:42:25,14033.0,WJ9B,35,21,K5TR
19:42:25,14033.0,WJ9B,36,17,W8WWV
19:42:25,14035.5,K3ATO,38,10,DP5G
19:42:25,14035.5,K3ATO,38,6,PA5KT-4
19:42:25,14041.1,N5RZ,40,25,WC2L
19:42:25,14047.5,KJ9C,33,6,K9IMM
19:42:25,14047.5,KJ9C,31,19,K5TR
19:42:26,14017.7,OE6JTD,21,22,R4NCU
19:42:26,14030.1,K0INN,29,13,W3RGA
19:42:26,14041.1,N5RZ,39,30,W1NT-6
19:42:26,14045.0,AI5IN,34,26,W1NT-6
19:42:27,14029.6,KH7X,35,18,W1NT-2
19:42:27,14033.0,WJ9B,35,21,WA7LNW
19:42:27,14039.3,K7RL,40,38,W1NT-2
19:42:27,14039.3,K7RL,38,16,W8WTS
19:42:28,14033.3,KR2Q,37,13,EA2RCF-4
19:42:28,14037.2,HA7I,34,10,ES2RR
19:42:28,14045.0,AI5IN,35,25,ND7K
19:42:28,14045.0,AI5IN,35,19,K4PP
19:42:28,14047.5,KJ9C,33,9,ND7K
19:42:29,14032.7,N4BP,30,7,GI4DOH
19:42:29,14038.6,K1SM,31,5,GI4DOH
19:42:29,14045.0,AI5IN,34,5,KC4YVA
19:42:30,14026.4,WG3J,39,24,TI7W
19:42:30,14029.2,K5SJC,35,9,N2YCH
19:42:30,14031.0,K3WW,40,16,EI4HQ
19:42:30,14033.3,KR2Q,37,6,DL8LAS
19:42:30,14033.3,KR2Q,33,4,ON6ZQ
19:42:31,14026.4,WG3J,38,26,K3PA-1
19:42:31,14035.5,K3ATO,33,7,DR4W
19:42:31,14061.0,F4WFI/P,17,7,IT9GSF
19:42:33,14026.3,WG3J,37,6,DK0KK
19:42:33,14026.4,WG3J,40,6,DL8LAS-3
19:42:33,14026.4,WG3J,38,24,W6YX
19:42:33,14029.0,WA3AAN,30,11,S53A
19:42:33,14029.1,K5SJC,33,14,WB6BEE
19:42:33,14031.0,K3WW,39,17,NU4F
19:42:33,14033.3,KR2Q,37,6,DL8LAS-3
19:42:33,14033.3,KR2Q,36,40,S53A
19:42:33,14035.5,K3ATO,24,6,IK7YTT
19:42:33,14043.0,N2XDD,25,26,N9CO
19:42:33,14043.0,N2XDD,25,9,K7CO
19:42:33,14047.5,KJ9C,33,24,N9CO
19:42:34,14026.4,WG3J,39,6,DL8LAS-1
19:42:34,14043.0,N2XDD,25,19,WE9V
19:42:35,14026.3,WG3J,40,12,5Z4GO
19:42:35,14026.6,W1WEF,38,16,ZF9CW
19:42:35,14026.7,W1WEF,38,18,IK4VET
19:42:35,14042.5,W7JET,37,27,N7VVX
19:42:35,14043.0,N2XDD,25,13,VE6WZ
19:42:36,14028.0,EA5JXH,34,3,LZ7AA
19:42:36,14032.7,N4BP,31,10,DP5G
19:42:36,14043.2,K5UV,37,11,KM3T-5
19:42:37,14022.0,EA2K,21,7,W3RGA
19:42:37,14034.1,VE5UO,33,29,KD7EFG
19:42:37,14038.1,W9ILY,29,6,W3RGA
19:42:37,14049.9,KN8N,23,10,W1NT-2
19:42:38,14031.0,K3WW,36,11,KD2M
19:42:38,14043.2,K5UV,37,10,K4PP
19:42:39,14020.0,M7HOI,17,4,SZ1A
19:42:39,14026.0,WS7L,34,9,ZL4YL
19:42:39,14030.3,N6TTV,26,32,AC0C-1
19:42:39,14043.0,N2XDD,25,13,VE6WZ-3
19:42:39,14045.4,AB5SE,33,6,VE4DRK
19:42:40,14026.4,WG3J,39,6,DL8LAS
19:42:40,14026.6,W1WEF,38,6,EI4HQ
19:42:40,14041.2,N5RZ,38,6,N2YCH
19:42:41,14022.0,EA2CAR,21,7,LZ4UX
19:42:41,14033.7,W2RQ,39,22,WX7V/5
19:42:41,14043.0,N2XDD,25,19,TI7W
19:42:41,14043.0,N2XDD,25,12,IT9GSF
19:42:42,14026.6,W1WEF,37,6,DL1HWS-4
19:42:42,14032.7,N4BP,30,7,PE5TT
19:42:42,14033.6,W2RQ,39,7,MM9PSY
19:42:42,14035.5,K3ATO,37,13,K9LC
19:42:43,14029.6,KH7X,38,28,W6YX
19:42:44,14043.8,K0PC,32,14,VE6AO
19:42:45,14023.5,F6HKA,32,15,WC2L
19:42:45,14028.0,K9UTY,32,17,K9IMM
19:42:45,14033.6,W2RQ,39,40,K9IMM
19:42:45,14034.1,VE5UO,32,7,N7VVX
19:42:45,14035.2,VE3JM,36,9,EA5WU
19:42:45,14041.1,N5RZ,37,9,K9IMM
19:42:45,14045.0,AI5IN,37,26,NG7M
19:42:46,14021.1,K3SRO,25,34,ZF9CW
19:42:46,14039.2,K7RL,39,20,KM3T-5
19:42:46,14043.8,K0PC,32,16,VE6WZ
19:42:46,14049.9,KN8N,23,6,W1NT-6
19:42:48,14026.4,WG3J,37,34,WA7LNW
19:42:48,14026.6,W1WEF,37,26,WA7LNW
19:42:48,14030.3,N6TTV,24,29,KD7EFG
19:42:48,14031.0,K3WW,37,32,WA7LNW
19:42:48,14031.0,K3WW,37,38,KD7EFG
19:42:48,14035.2,VE3JM,37,8,MM0ZBH
19:42:49,14021.1,K3SRO,25,7,K4PP
19:42:49,14023.5,F6HKA,32,9,HA2NA
19:42:49,14026.3,WG3J,38,25,AA4PA
19:42:49,14026.3,WG3J,37,31,AC0C-1
19:42:49,14031.0,K3WW,35,34,AA4PA
19:42:49,14032.8,N4BP,31,5,PY2KNK
19:42:50,14026.6,W1WEF,38,14,DK9IP-1
19:42:51,14021.1,K3SRO,25,20,TI7W
19:42:51,14023.5,F6HKA,32,11,LZ4UX
19:42:51,14029.7,KH7X,38,16,N2YCH
19:42:51,14039.3,K7RL,41,19,KM3T-2
19:42:51,14043.0,N2XDD,25,7,W2MV
19:42:51,14045.0,AI5IN,36,24,KM3T-2
19:42:51,14045.0,AI5IN,36,22,TI7W
19:42:52,14047.2,K6NR,25,16,IT9GSF
19:42:53,14021.0,K3SRO,26,3,K9LC
19:42:53,14021.1,K3SRO,25,21,N9CO
19:42:53,14026.3,WG3J,39,35,K9LC
19:42:54,14022.8,KI7Y,31,5,WB6BEE
19:42:54,14023.5,F6HKA,31,9,NU4F
19:42:54,14032.7,N4BP,31,6,VE6AO
19:42:54,14043.8,K0PC,31,26,K7CO
19:42:56,14026.3,WG3J,38,15,NG7M
19:42:56,14030.0,IU3UJX,26,10,R4NCU
19:42:56,14030.3,N6TTV,25,24,K5TR
19:42:56,14033.0,WJ9B,36,19,ZF9CW
19:42:56,14041.1,N5RZ,37,49,ZF9CW
19:42:56,14045.0,AI5IN,36,23,ZF9CW
19:42:56,14045.1,AI5IN,37,29,W2NNN
19:42:56,14047.5,KJ9C,33,19,VE6WZ
19:42:57,14037.1,K0SN,33,7,AK6RI-1
19:42:57,14045.0,AI5IN,35,31,W3RGA
19:42:57,14045.0,AI5IN,36,15,AK6RI-1
19:42:58,14023.6,F6HKA,32,9,OH8KA
19:42:58,14032.8,N4BP,30,20,K5EM
19:42:58,14035.2,VE3JM,34,8,G4ZFE
19:42:58,14039.3,K7RL,40,54,KD7EFG
19:42:59,14035.5,K3ATO,34,14,KD2M
19:42:59,14043.0,N2XDD,25,5,AA4PA
19:43:00,14040.5,NE5A,30,12,KC4YVA
19:43:00,14042.6,W7JET,37,23,KC4YVA
19:43:00,14043.8,K0PC,32,36,AC0C-1
19:43:00,14047.5,KJ9C,33,19,VE6WZ-3
19:43:01,14023.5,F6HVA,32,8,K3PA-1
19:43:01,14027.4,N8KH,37,6,W2MV
19:43:01,14037.1,K0SN,34,15,KM3T-2
19:43:01,14038.1,W9ILY,29,6,W2MV
19:43:01,14044.7,WT9U,40,4,N2YCH
19:43:02,14021.1,K3SRO,25,9,IT9GSF
19:43:02,14023.5,F6HKA,31,5,PT2FHC
19:43:02,14038.8,N8UM,38,25,TI7W
19:43:02,14038.8,N8UM,37,12,DO4DXA
19:43:02,14038.8,N8UM,37,36,IT9GSF
19:43:02,14038.8,N8UM,37,12,DL1HWS-4
19:43:02,14055.0,G0XDA,10,12,BD8CS
19:43:03,14038.8,N8UM,38,23,OE9GHV
19:43:04,14021.1,K3SRO,25,6,NU4F
19:43:04,14033.0,WJ9B,35,22,N9CO
19:43:04,14038.8,N8UM,37,36,N9CO
19:43:04,14038.8,N8UM,37,37,S53A
19:43:04,14038.8,N8UM,38,23,DL1HWS
19:43:04,14045.0,AI5IN,37,11,S53A
19:43:05,14038.8,N8UM,37,17,EA5WU
19:43:05,14038.8,N8UM,38,10,WE9V
19:43:05,14038.9,N8UM,38,17,IK4VET
19:43:06,14021.1,K3SRO,25,17,K9IMM
19:43:06,14033.0,WJ9B,35,8,KM3T-3
19:43:06,14033.1,WJ9B,36,10,W2NNN
19:43:06,14037.1,K0SN,35,36,N7VVX
19:43:06,14038.8,N8UM,37,13,WC2L
19:43:06,14038.8,N8UM,38,16,K5TR
19:43:06,14038.8,N8UM,38,30,K9IMM
19:43:07,14021.0,K3SRO,23,6,VE6WZ
19:43:07,14033.0,WJ9B,35,6,W1NT-6
19:43:07,14033.0,WJ9B,36,11,W1NT-2
19:43:07,14038.8,N8UM,38,21,VE6WZ
19:43:07,14038.8,N8UM,37,31,ZF9CW
19:43:07,14038.8,N8UM,38,16,DK0TE
19:43:07,14055.0,G0XDA,10,7,LZ7AA
19:43:08,14033.3,KR2Q,37,12,G4ZFE
19:43:08,14033.7,W2RQ,39,18,G4ZFE
19:43:08,14038.8,N8UM,37,12,DL1HWS-3
19:43:08,14038.8,N8UM,35,8,MM0ZBH
19:43:08,14038.8,N8UM,38,13,EA4RKC
19:43:09,14022.0,EA2CAR,20,3,HA2NA
19:43:09,14023.5,F6HKA,31,5,UY2RA
19:43:09,14038.7,N8UM,37,21,OK1HRA
19:43:09,14038.8,N8UM,38,13,WA7LNW
19:43:09,14038.8,N8UM,37,4,K4PP
19:43:09,14038.8,N8UM,38,16,AA4PA
19:43:10,14021.0,K3SRO,23,6,VE6WZ-3
19:43:10,14026.3,WG3J,39,6,G0KTN
19:43:10,14028.9,WA3AAN,31,11,AC0C-1
19:43:10,14033.0,WJ9B,35,12,KC4YVA
19:43:10,14035.8,N6CHU,28,15,VE4DRK
19:43:10,14038.8,N8UM,38,11,AC0C-1
19:43:10,14038.8,N8UM,38,12,G0KTN
19:43:10,14038.8,N8UM,37,15,DK9IP-1
19:43:10,14038.8,N8UM,38,12,DK9IP
19:43:10,14038.8,N8UM,38,21,VE6WZ-3
19:43:10,14038.8,N8UM,37,5,G4KCM
19:43:10,14042.5,W7JET,36,34,AC0C-1
19:43:11,14033.7,W2RQ,39,37,DL8LAS
19:43:11,14034.8,EA5M,37,18,DR4W
19:43:11,14034.9,EA5M,37,15,HG8A
19:43:11,14038.8,N8UM,37,14,EI4HQ
19:43:11,14038.8,N8UM,37,15,HB9BXE
19:43:12,14020.0,M7HOI,17,4,IT9GSF
19:43:12,14029.2,K5SJC,32,13,TI7W
19:43:12,14038.8,N8UM,37,18,WX7V/5
19:43:12,14038.8,N8UM,37,11,K3PA-1
19:43:12,14054.5,WV0H,18,8,WX7V/5
19:43:13,14033.7,W2RQ,39,37,DL8LAS-3
19:43:13,14038.8,N8UM,38,9,DK0KK
19:43:14,14022.0,EA2CAR,20,6,LZ5DI
19:43:14,14034.8,EA5M,37,6,OZ1AAB
19:43:14,14037.1,K0SN,37,20,K9LC
19:43:14,14038.9,N8UM,37,5,HB9EMP
19:43:14,14054.5,WV0H,17,11,W6YX
19:43:15,14031.1,K3WW,39,15,IK4VET
19:43:15,14038.6,K1SM,32,14,DL1HWS
19:43:15,14055.0,G0XDA,10,6,LZ3CB
19:43:16,14026.3,WG3J,35,25,K5TR
19:43:17,14017.7,OE6JTD,21,10,W1NT-6
19:43:17,14026.4,WG3J,37,32,ZF9CW
19:43:17,14031.0,K3WW,38,31,ZF9CW
19:43:17,14035.9,N6CHU,28,15,KM3T-5
19:43:17,14047.2,K6NR,25,37,K9IMM
19:43:17,14047.5,KJ9C,32,26,ZF9CW
19:43:17,14052.5,W4LOO,24,12,VE6WZ
19:43:18,14017.7,OE6JTD,21,9,W1NT-2
19:43:18,14038.6,K1SM,33,18,W1NT-2
19:43:18,14052.5,W4LOO,24,12,N6TV
19:43:18,14054.5,WV0H,17,10,W1NT-2
19:43:19,14026.4,WG3J,38,22,ND7K
19:43:19,14026.7,W1WEF,40,32,K5EM
19:43:19,14035.9,N6CHU,28,45,KD7EFG
19:43:19,14038.1,W9ILY,31,49,KD7EFG
19:43:19,14038.1,W9ILY,29,16,K4PP
19:43:19,14038.8,N8UM,38,7,HA2NA
19:43:19,14043.0,N2XDD,26,7,WA7LNW
19:43:19,14043.8,K0PC,31,40,KD7EFG
19:43:19,14049.9,KN8N,24,18,KD7EFG
19:43:20,14026.6,W1WEF,38,10,DK9IP
19:43:20,14033.0,WJ9B,36,28,AC0C-1
19:43:20,14040.5,NE5A,30,44,AC0C-1
19:43:20,14043.2,K5UV,15,49,AC0C-1
19:43:20,14052.4,W4LOO,25,3,VE4DRK
19:43:20,14052.5,W4LOO,24,13,AC0C-1
19:43:21,14031.4,KA5M,30,9,EI4HQ
19:43:21,14038.1,W9ILY,29,10,VE7CC
19:43:21,14038.1,W9ILY,29,10,VE7CC
19:43:22,14026.0,WS7L,35,8,N2YCH
19:43:22,14036.2,W5TM,39,15,K6FOD
19:43:22,14052.5,W4LOO,24,19,K3PA-1
19:43:23,14026.6,W1WEF,38,16,WT8P
19:43:23,14033.6,W2RQ,41,24,IT9GSF
19:43:23,14040.5,NE5A,30,11,WT8P
19:43:23,14041.1,N5RZ,38,10,IT9GSF
19:43:23,14041.1,N5RZ,38,6,WT8P
19:43:23,14043.2,K5UV,37,6,WT8P
19:43:23,14047.3,WB3LJQ,25,16,TI7W
19:43:24,14026.6,W1WEF,37,15,DK0KK
19:43:24,14029.6,KH7X,38,24,K1RA-4
19:43:24,14030.1,K0INN,29,15,K9LC
19:43:24,14031.1,K3WW,36,21,S53A
19:43:24,14043.2,K5UV,37,13,K9LC
19:43:25,14034.1,VE5UO,33,12,W6YX
19:43:25,14056.0,N1BS,24,2,VE6AO
19:43:26,14029.6,KH7X,41,25,WE9V
19:43:26,14029.6,KH7X,41,13,WC2L
19:43:26,14043.0,N2XDD,25,5,PI4CC
19:43:27,14029.6,KH7X,38,33,K9IMM
19:43:28,14032.4,KA1EFO,27,19,W1NT-6
19:43:28,14045.6,AB5SE,31,5,VE6WZ
19:43:29,14045.0,AI5IN,38,37,KD7EFG
19:43:29,14045.6,AB5SE,35,2,N2EPE
19:43:30,14022.0,EA2CAR,20,5,SZ1A
19:43:30,14037.1,K0SN,35,15,ZL4YL
19:43:30,14049.0,ND9M,28,31,AA4PA
19:43:31,14049.0,ND9M,28,29,AC0C-1
19:43:32,14034.8,EA5M,37,22,LZ4UX
19:43:32,14045.6,AB5SE,32,6,N2YCH
19:43:32,14046.3,WU6P,36,14,N2YCH
19:43:32,14049.0,ND9M,28,6,N2YCH
19:43:33,14026.3,WG3J,39,27,IT9GSF
19:43:33,14030.3,N6TTV,25,3,WT8P
19:43:33,14031.4,KA5M,29,15,IT9GSF
19:43:33,14039.3,K7RL,37,28,K6FOD
19:43:33,14046.3,WU6P,37,30,K3PA-1
19:43:33,14046.3,WU6P,36,16,TI7W
19:43:33,14049.0,ND9M,28,22,TI7W
19:43:33,14051.0,F5MZN,26,13,N4HAC
19:43:34,14049.0,ND9M,28,31,K1RA-4
19:43:34,14049.0,ND9M,28,18,WB6BEE
19:43:34,14049.0,ND9M,28,22,N9CO
19:43:34,14051.0,F5MZN,26,13,K1RA-4
19:43:34,14051.0,F5MZN,26,21,N9CO
19:43:34,14051.0,F5MZN,26,9,RU9CZD
19:43:34,14052.5,W4LOO,24,10,N9CO
19:43:35,14049.0,ND9M,28,15,NU4F
19:43:36,14022.0,EA2CAR,20,13,5Z4GO
19:43:36,14046.3,WU6P,36,22,WE9V
19:43:37,14026.3,WG3J,37,5,PA5KT-4
19:43:37,14033.2,KR2Q,36,8,K5TR
19:43:37,14033.3,KR2Q,37,15,PA5KT-4
19:43:37,14035.9,N6CHU,28,12,WC2L
19:43:37,14036.0,N6CHU,27,11,W2NNN
19:43:37,14046.2,WU6P,36,23,W8WWV
19:43:37,14046.3,WU6P,36,16,KM3T-5
19:43:37,14048.9,ND9M,28,21,W8WWV
19:43:37,14051.0,F5MZN,26,9,WC2L
19:43:38,14026.0,WS7L,34,14,W8WTS
19:43:38,14026.0,WS7L,35,5,AK6RI-1
19:43:38,14030.3,N6TTV,25,7,W1NT-2
19:43:38,14033.3,KR2Q,36,13,ZF9CW
19:43:38,14036.8,K0VBU,37,21,W8WTS
19:43:38,14049.0,ND9M,28,16,K9IMM
19:43:38,14049.0,ND9M,28,19,W3RGA
19:43:38,14049.0,ND9M,28,31,ZF9CW
19:43:40,14018.8,WA2VJL,15,13,ND7K
19:43:40,14026.0,WS7L,34,10,W2NAF
19:43:40,14029.6,KH7X,38,17,AA4PA
19:43:40,14035.5,K3ATO,36,22,AA4PA
19:43:41,14018.8,WA2VJL,15,7,AC0C-1
19:43:41,14035.9,N6CHU,28,5,ZL4YL
19:43:41,14043.2,K5UV,37,7,ZL4YL
19:43:42,14036.2,W5TM,37,10,WX7V/5
19:43:42,14038.1,W9ILY,28,17,N2YCH
19:43:42,14051.0,F5MZN,26,5,LZ4UX
19:43:42,14051.1,F5MZN,27,11,N2YCH
19:43:43,14018.8,WA2VJL,15,15,K3PA-1
19:43:43,14029.0,WA3AAN,32,6,K3PA-1
19:43:43,14038.8,N8UM,38,10,F4GOU
19:43:44,14030.3,N6TTV,24,1,K1RA-4
19:43:44,14033.0,WJ9B,36,19,K1RA-4
19:43:45,14026.0,WS7L,34,25,WB6BEE
19:43:45,14033.0,WJ9B,35,38,W6YX
19:43:45,14038.8,N8UM,36,12,K9LC
19:43:46,14038.8,N8UM,38,12,S53WW
19:43:46,14042.9,K1JH,28,24,K7CO
19:43:47,14026.0,WS7L,35,24,W2NNN
19:43:47,14038.5,K1SM,32,7,DC8YZ
19:43:47,14038.8,N8UM,37,12,DP5G
19:43:47,14042.9,K1JH,28,10,K5TR
19:43:47,14051.0,F5MZN,26,7,W8WWV
19:43:47,14054.5,WV0H,17,5,K5TR
19:43:48,14036.2,W5TM,36,7,W8WTS
19:43:48,14038.6,K1NM,33,15,W1NT-6
19:43:48,14045.0,AI5IN,35,11,VE6WZ
19:43:48,14052.5,W4LOO,25,11,W3RGA
19:43:49,14033.0,WJ9B,36,11,AK6RI-1
19:43:49,14040.5,NE5A,31,4,N6TV
19:43:49,14042.9,K1JH,28,22,AK6RI-1
19:43:50,14029.0,WA3AAN,32,8,K4PP
19:43:50,14038.8,N8UM,37,20,ND7K
19:43:50,14042.9,K1JH,28,12,ND7K
19:43:50,14042.9,K1JH,28,23,WA7LNW
19:43:52,14029.6,KH7X,39,14,ZL4YL
19:43:52,14033.0,WJ9B,36,8,KM3T-2
19:43:52,14038.8,N8UM,35,9,DL8LAS
19:43:53,14029.6,KH7X,36,29,K3PA-1
19:43:53,14033.0,WJ9B,36,13,N4HAC
19:43:53,14034.1,VE5UO,33,4,N2YCH
19:43:53,14036.2,W5TM,38,16,IT9GSF
19:43:53,14037.2,HA7I,34,8,JN1ILK
19:43:53,14038.8,N8UM,37,10,DM6EE
19:43:53,14042.9,K1JH,28,7,K3PA-1
19:43:53,14045.6,AB5SE,34,6,K6FOD
19:43:53,14049.0,ND9M,28,20,N4HAC
19:43:54,14030.1,K0INN,28,13,TI7W
19:43:54,14038.8,N8UM,35,9,DL8LAS-3
19:43:55,14029.6,KH7X,38,24,K9LC
19:43:55,14036.8,TK0VBU,38,24,S53A
19:43:55,14038.6,K1SM,32,22,S53A
19:43:56,14030.1,IU3UJX,26,3,IK4VET
19:43:56,14031.0,K3WW,40,22,W6YX
19:43:56,14031.7,TK5OHY,29,8,W6YX
19:43:56,14039.8,WN7S,32,17,W6YX
19:43:56,14039.8,WN7S,32,12,K7CO
19:43:56,14042.9,K1JA,28,54,W6YX
19:43:56,14047.5,KJ9C,32,10,W6YX
19:43:57,14033.0,WJ9B,35,9,KM3T-5
19:43:57,14039.7,WN7S,32,6,PI4CC
19:43:57,14045.9,K1VUT,31,22,WE9V
19:43:58,14039.7,WN7S,32,9,K5TR
19:43:58,14039.7,WN7S,33,39,K9IMM
19:43:58,14042.9,K1JH,28,5,NG7M
19:43:58,14045.6,AB5SE,30,8,KM3T-3
19:43:58,14045.9,K1VUT,31,21,K9IMM
19:43:59,14028.0,K9UEY,30,6,VE6WZ
19:43:59,14029.6,KH7X,38,18,VE6WZ
19:43:59,14030.6,N4HAI,31,21,ZF9CW
19:43:59,14030.6,N4HAI,31,19,W1NT-2
19:43:59,14031.0,K3WW,38,6,DF7GB
19:43:59,14033.0,WJ9B,36,9,N6TV
19:43:59,14036.8,TK0VBU,36,7,MM0ZBH
19:43:59,14037.1,K0SN,34,10,W8WTS
19:43:59,14038.5,K1SM,32,10,DF7GB
19:43:59,14039.7,WN7S,32,22,VE6WZ
19:43:59,14039.8,WN7S,33,10,K5EM
19:43:59,14041.1,N5RZ,37,5,VE6WZ
19:43:59,14043.0,K1JH,28,16,K5EM
19:43:59,14045.6,AB5SE,32,12,W1NT-6
19:44:00,14033.0,WJ9B,35,7,N2EPE
19:44:00,14038.8,N8UM,36,9,GI4DOH
19:44:00,14045.0,AI5IN,38,8,W2NAF
19:44:00,14049.0,ND9M,28,8,N2EPE
19:44:01,14032.8,WJ9B,36,12,VE4DRK
19:44:01,14033.0,WJ9B,36,25,ND7K
19:44:01,14033.3,KR2Q,36,11,AA4PA
19:44:01,14039.7,WN7S,32,15,ND7K
19:44:01,14039.7,WN7S,32,22,VE6WZ-3
19:44:01,14039.8,WN7S,32,24,WA7LNW
19:44:01,14039.8,WN7S,31,20,AA4PA
19:44:01,14041.1,N5RZ,37,5,VE6WZ-3
19:44:01,14045.9,K1VUT,31,13,WA7LNW
19:44:01,14045.9,K1VUT,31,19,AA4PA
19:44:02,14030.6,N4HAI,31,26,AC0C-1
19:44:02,14030.6,N4HAI,31,19,KM3T-2
19:44:02,14039.7,WN7S,32,11,DR4W
19:44:02,14039.7,WN7S,32,25,AC0C-1
19:44:02,14041.1,N5RZ,37,22,KM3T-2
19:44:02,14042.9,K1JH,28,9,AC0C-1
19:44:03,14034.1,VE5UO,34,14,WX7V/5
19:44:03,14038.8,N8UM,38,10,MM9PSY
19:44:03,14039.8,WN7S,32,20,WX7V/5
19:44:04,14009.7,ON4KLV,18,12,IT9GSF
19:44:04,14030.6,N4HAI,31,18,K3PA-1
19:44:04,14031.0,K3WW,38,30,K3PA-1
19:44:04,14035.2,VE3JM,38,25,IT9GSF
19:44:04,14036.0,N6CHU,27,10,TI7W
19:44:04,14036.2,W5TM,38,37,K3PA-1
19:44:04,14038.1,W9ILY,29,19,K6FOD
19:44:04,14039.7,WN7S,32,5,K6FOD
19:44:04,14039.7,WN7S,33,21,IT9GSF
19:44:04,14039.8,WN7S,32,16,K3PA-1
19:44:04,14039.8,WN7S,33,17,TI7W
19:44:04,14042.9,K1JH,28,4,WT8P
19:44:05,14039.7,WN7S,33,10,K1RA-4
19:44:05,14045.8,K1VUT,31,10,K9LC
19:44:05,14045.9,K1VUT,31,34,N9CO
19:44:06,14026.4,WG3J,39,27,K7CO
19:44:06,14030.6,N4HAI,31,17,K7CO
19:44:06,14031.0,K3WW,40,7,N7VVX
19:44:06,14036.2,W5TM,37,12,VE6AO
19:44:06,14038.1,W9ILY,28,24,W6YX
19:44:06,14045.9,K1VUT,32,6,NU4F
19:44:07,14030.1,K0INN,26,16,W8WWV
19:44:07,14031.0,K3WW,39,12,5Z4GO
19:44:07,14031.0,K3WW,39,19,PA5KT-4
19:44:07,14045.9,K1VUT,31,7,PI4CC
19:44:08,14030.6,N4HAI,32,21,KM3T-5
19:44:08,14030.6,N4HAI,31,20,KM3T-3
19:44:08,14038.1,W9ILY,29,25,NG7M
19:44:08,14045.0,AI5IN,38,19,WC2L
19:44:08,14045.9,K1VUT,31,18,K5TR
19:44:09,14038.1,W9ILY,29,11,VE6WZ
19:44:10,14031.0,K3WW,39,32,SE5E
19:44:10,14031.2,K3WW,40,19,DL5RCN
19:44:10,14038.1,W9ILY,28,11,AK6RI-1
19:44:10,14038.1,W9ILY,29,13,N6TV
19:44:10,14039.7,WN7S,32,4,KD2M
19:44:10,14039.8,WN7S,33,9,N6TV
19:44:10,14045.6,AB5SE,36,6,N6TV
19:44:11,14028.0,K9MTY,26,2,W2NAF
19:44:11,14029.6,KK9TT,31,36,WA7LNW
19:44:11,14038.1,W9ILY,29,37,ND7K
19:44:11,14045.9,K1VUT,31,6,ND7K
19:44:11,14049.1,SO9PC,21,12,BG7IEJ
19:44:12,14026.6,W1WEF,22,4,DL8LAS
19:44:12,14037.9,W9ILY,29,19,VE4DRK
19:44:12,14043.0,N2XDD,25,5,DR4W
19:44:12,14047.2,K6NR,25,2,VE7CC
19:44:12,14047.2,K6NR,25,2,VE7CC
19:44:13,14030.6,N4HAI,32,16,N2YCH
19:44:13,14031.0,K3WW,36,11,ZL4YL
19:44:13,14031.0,K3WW,39,15,MM9PSY
19:44:13,14038.1,W9ILY,29,36,WX7V/5
19:44:13,14045.9,K1VUT,31,17,WX7V/5
19:44:14,14025.3,TK4TZ,38,25,K3PA-1
19:44:14,14030.6,N4HAI,31,13,IT9GSF
19:44:14,14038.1,W9ILY,28,20,WT8P
19:44:14,14042.6,W7JET,39,22,K3PA-1
19:44:15,14038.1,W9ILY,29,29,N9CO
19:44:15,14039.7,WN7S,32,8,N9CO
19:44:15,14039.8,WN7S,33,10,S53A
19:44:15,14041.6,AE1T,32,5,DL1HWS
19:44:15,14045.9,K1VUT,32,37,TI7W
19:44:17,14039.7,WN7S,32,11,VE6AO
19:44:18,14042.5,W7JET,38,18,KM3T-3
19:44:19,14022.0,EA2CAR,20,12,ZF9CW
19:44:19,14025.9,WS7L,41,27,ZF9CW
19:44:19,14028.9,WA3AAN,32,13,VE6WZ
19:44:19,14030.6,N4HAI,31,14,K5TR
19:44:19,14039.8,WN7S,33,25,ZF9CW
19:44:19,14039.8,WN7S,33,4,VE6WZ
19:44:19,14045.9,K1VUT,31,23,ZF9CW
19:44:19,14046.2,WU6P,35,15,VE6WZ
19:44:20,14025.3,TK4TZ,39,7,W1NT-6
19:44:20,14026.3,WG3J,36,39,KD7EFG
19:44:20,14033.7,W2RQ,41,9,EA2RCF-4
19:44:20,14039.7,WN7S,33,30,KD7EFG
19:44:21,14033.6,W2RQ,41,12,DK9IP-1
19:44:21,14033.6,W2RQ,41,8,DK9IP
19:44:21,14042.6,W7JET,37,14,K4PP
19:44:22,14028.9,WA3AAN,32,13,VE6WZ-3
19:44:22,14039.6,WN7S,33,4,VE4DRK
19:44:22,14043.5,W4XO,29,11,ND7K
19:44:22,14046.2,WU6P,35,15,VE6WZ-3
19:44:23,14025.3,TK4TZ,41,10,KM3T-2
19:44:23,14043.5,W4XO,29,27,AC0C-1
19:44:23,14043.5,W4XO,28,6,N2YCH
19:44:23,14045.9,K1VUT,32,6,AC0C-1
19:44:24,14038.8,N8UM,38,6,IK7YTT
19:44:24,14039.7,WN7S,34,3,IK7YTT
19:44:24,14042.6,W7JET,37,38,WX7V/5
19:44:24,14043.5,W4XO,29,24,WX7V/5
19:44:24,14043.5,W4XO,29,13,IT9GSF
19:44:25,14005.0,CN2DX,28,13,RN4WA
19:44:25,14017.8,OE6JTD,21,11,RN4WA
19:44:25,14018.8,WA2VJL,15,11,WB6BEE
19:44:25,14030.6,N4HAI,31,15,TI7W
19:44:25,14035.2,VE3JM,37,24,S53A
19:44:25,14037.2,HA7I,34,3,RN4WA
19:44:25,14043.5,W4XO,28,25,TI7W
19:44:25,14045.9,K1VUT,31,16,S53A
19:44:25,14049.0,SO9PC,21,13,RN4WA
19:44:26,14042.6,W7JET,38,12,NU4F
19:44:26,14043.5,W4XO,29,27,N9CO
19:44:26,14043.5,W4XO,28,20,NU4F
19:44:26,14047.2,K6NR,26,15,NU4F
19:44:27,14018.8,WA2VJL,15,12,K7CO
19:44:27,14035.2,VE3JM,37,6,DP5G
19:44:27,14042.6,W7JET,34,40,K7CO
19:44:28,14042.5,W7JET,40,28,WE9V
19:44:28,14042.6,W7JET,36,29,W2NNN
19:44:28,14042.6,W7JET,40,16,WC2L
19:44:28,14043.5,W4XO,29,25,WE9V
19:44:28,14043.5,W4XO,28,15,W8WWV
19:44:28,14043.5,W4XO,28,6,KM3T-5
19:44:28,14049.0,ND9M,28,21,WE9V
19:44:29,14043.5,W4XO,28,5,KM3T-3
19:44:29,14043.5,W4XO,28,17,W1NT-2
19:44:29,14049.0,ND9M,28,19,K5TR
19:44:30,14018.8,WA2VJL,15,13,ZF9CW
19:44:30,14037.1,K0SN,38,29,ZF9CW
19:44:30,14039.7,WN7S,34,4,OK1HRA
19:44:30,14042.5,W7JET,37,19,VE6WZ
19:44:30,14042.5,W7JET,36,18,AK6RI-1
19:44:30,14042.9,K1JH,28,6,N6TV
19:44:30,14043.5,W4XO,29,30,K9IMM
19:44:30,14043.5,W4XO,28,11,N2EPE
19:44:31,14026.3,WG3J,44,6,G0KTN
19:44:31,14035.2,VE3JM,37,8,G0KTN
19:44:31,14035.2,VE3JM,36,5,DK9IP-1
19:44:31,14036.0,N6CHU,28,11,KC4YVA
19:44:31,14043.5,W4XO,28,15,KD2M
19:44:31,14043.5,W4XO,29,22,K4PP
19:44:31,14045.9,K1VUT,31,9,DK9IP-1
19:44:31,14049.0,ND9M,30,31,KD7EFG
19:44:32,14018.8,WA2VJL,15,13,WA7LNW
19:44:32,14026.3,WG3J,41,18,DR4W
19:44:32,14030.6,N4HAI,31,16,WA7LNW
19:44:32,14043.5,W4XO,29,22,WA7LNW
19:44:32,14044.6,WT9U,39,23,ND7K
19:44:33,14029.6,KH7X,36,34,AC0C-1
19:44:33,14035.5,K3ATO,37,30,AC0C-1
19:44:33,14042.5,W7JET,37,19,VE6WZ-3
19:44:34,14029.6,KH7X,40,19,N4HAC
19:44:34,14033.6,W2RQ,39,24,DM6EE
19:44:34,14042.6,W7JET,36,13,N2YCH
19:44:34,14042.9,K1JH,28,10,WX7V/5
19:44:35,14031.4,KA5M,30,11,S53A
19:44:35,14031.7,K5OHY,28,22,K3PA-1
19:44:35,14035.5,K3ATO,38,13,K6FOD
19:44:35,14043.2,K5UV,35,6,K6FOD
19:44:35,14049.0,ND9M,29,22,K3PA-1
19:44:36,14029.6,KH7X,41,23,TI7W
19:44:36,14042.5,W7JET,39,34,WB6BEE
19:44:36,14042.5,W7JET,35,22,K9LC
19:44:37,14011.0,WA0RSX,15,8,VE6AO
19:44:37,14030.6,N4HAI,31,11,W6YX
19:44:37,14035.5,K3ATO,34,6,PI4CC
19:44:37,14043.0,N2XDD,25,4,NU4F
19:44:37,14045.0,AI5IN,37,8,VE6AO
19:44:38,14018.7,WA2VJL,15,13,W8WWV
19:44:38,14030.6,N4HAI,31,18,WC2L
19:44:39,14037.1,K0SN,37,13,KM3T-3
19:44:39,14044.4,KC4WQ,31,5,KM3T-3
19:44:39,14045.0,AI5IN,34,34,KM3T-5
19:44:39,14045.0,AI5IN,39,33,KM3T-3
19:44:39,14045.6,AB5SE,32,9,KM3T-5
19:44:40,14035.2,VE3JM,21,15,VE6WZ
19:44:40,14044.4,KC4WQ,32,18,K5TR
19:44:40,14044.4,KC4WQ,31,14,W1NT-2
19:44:40,14044.4,KC4WQ,31,29,ZF9CW
19:44:42,14029.6,KH7X,38,13,K4PP
19:44:42,14030.6,N4HAI,31,22,KD7EFG
19:44:42,14031.7,K5OHY,29,11,KC4YVA
19:44:42,14032.7,N4BP,31,9,EI4HQ
19:44:42,14035.2,VE3JM,37,15,EI4HQ
19:44:42,14035.5,K3ATO,37,38,KD7EFG
19:44:42,14044.4,KC4WQ,31,17,AA4PA
19:44:43,14030.6,N4HAI,32,15,ND7K
19:44:43,14031.6,K5OHY,29,28,AC0C-1
19:44:43,14032.8,N4BP,31,13,DL8LAS
19:44:43,14035.5,K3ATO,38,7,DL8LAS
19:44:43,14043.5,W4XO,26,4,KM3T-2
19:44:43,14044.4,KC4WQ,31,12,ND7K
19:44:43,14044.4,KC4WQ,33,25,AC0C-1
19:44:44,14033.3,KR2Q,31,3,F4GOU
19:44:44,14047.2,K6NR,25,6,ZL4YL
19:44:45,14032.8,N4BP,31,13,DL8LAS-3
19:44:45,14033.3,KR2Q,37,24,IT9GSF
19:44:45,14039.7,WN7I,32,3,IK7YTT
19:44:45,14042.0,WB7BWZ,29,10,K6FOD
19:44:45,14043.5,W4XO,27,29,K3PA-1
19:44:45,14044.4,KC4WQ,31,29,WX7V/5
19:44:45,14044.4,KC4WQ,31,8,K3PA-1
19:44:45,14044.6,WT9M,36,7,K6FOD
19:44:45,14049.0,SO9PC,21,20,IT9GSF
19:44:45,14049.9,KN8N,24,3,K3PA-1
19:44:46,14024.8,K4XU,35,27,WB6BEE
19:44:46,14031.9,NE2V,37,22,TI7W
19:44:46,14035.5,K3ATO,38,7,DL8LAS-1
19:44:46,14042.0,WB7BWZ,30,8,WB6BEE
19:44:47,14029.9,IU3UJX,26,3,YO2CK
19:44:47,14042.0,WB7BWZ,31,7,N7VVX
19:44:47,14042.0,WB7BWZ,30,10,W6YX
19:44:47,14043.5,W4XO,29,14,W6YX
19:44:48,14031.0,K3WW,37,11,VE6AO
19:44:49,14031.9,NE2V,36,21,WE9V
19:44:49,14043.6,W4XO,28,7,W2NNN
19:44:49,14044.4,KC4WQ,31,14,WC2L
19:44:49,14044.4,KC4WQ,31,6,KM3T-5
19:44:50,14031.9,NE2V,38,15,K5TR
19:44:50,14037.2,HA7I,34,9,W1NT-2
19:44:50,14039.3,K7RL,39,30,NG7M
19:44:50,14042.0,WB7BWZ,30,6,W3RGA
19:44:50,14042.0,WB7BWZ,30,14,K5TR
19:44:50,14043.5,W4XO,27,23,W3RGA
19:44:50,14045.7,AB5SE,33,10,K5EM
19:44:51,14025.3,TK4TZ,39,16,ZF9CW
19:44:51,14031.4,KA5M,28,12,W1NT-6
19:44:51,14031.9,NE2V,38,27,ZF9CW
19:44:51,14037.2,HA7I,33,12,W1NT-6
19:44:51,14043.5,W4XO,28,13,W1NT-6
19:44:51,14055.0,KO4TQ,20,5,VE6WZ
19:44:52,14026.6,W1WEF,38,31,AA4PA
19:44:52,14035.5,K3ATO,37,6,DK9IP-1
19:44:52,14060.0,KK7OOG,20,18,KD7EFG
19:44:53,14033.3,KR2Q,37,7,DL8LAS
19:44:53,14037.2,HA7I,34,6,S50U
19:44:53,14042.0,WB7BWZ,30,21,WA7LNW
19:44:53,14042.0,WB7BWZ,30,6,ND7K
19:44:53,14044.9,AI5IN,38,22,VE4DRK
19:44:53,14055.0,KO4TQ,20,5,VE6WZ-3
19:44:54,14023.5,F6HKA,32,28,KM3T-2
19:44:54,14042.0,WB7BWZ,29,11,AC0C-1
19:44:55,14024.9,K4XU,35,14,N4HAC
19:44:55,14042.0,WB7BWZ,30,11,ZL4YL
19:44:55,14043.2,K5UV,32,12,IT9GSF
19:44:56,14024.8,K4XU,35,26,K6FOD
19:44:56,14024.8,K4XU,35,23,K1RA-4
19:44:56,14032.5,KN5L,18,19,K3PA-1
19:44:56,14033.3,KR2Q,37,7,DL8LAS-1
19:44:56,14042.0,WB7BWZ,30,9,K3PA-1
19:44:56,14045.6,AB5SE,32,21,K3PA-1
19:44:57,14024.8,K4XU,35,27,K9LC
19:44:57,14024.9,K4XU,35,30,N9CO
19:44:57,14031.9,NE2V,36,32,N9CO
19:44:57,14032.5,KN5L,17,18,N9CO
19:44:57,14044.4,KC4WQ,33,10,TI7W
19:44:57,14046.3,WU6P,30,21,WB6BEE
19:44:57,14049.0,ND9M,28,16,K9LC
19:44:58,14024.8,K4XU,35,28,VE6AO
19:44:58,14024.9,K4XU,35,30,N7VVX
19:44:58,14024.9,K4XU,35,28,W6YX
19:44:58,14033.6,KT5V,44,11,VE6AO
19:44:58,14035.2,VE3JM,37,8,VE6AO
19:44:58,14042.0,WB7BWZ,30,15,K7CO
19:44:59,14024.8,K4XU,35,30,W8WWV
19:44:59,14024.8,K4XU,35,23,KM3T-5
19:44:59,14024.9,K4XU,34,16,W2NNN
19:44:59,14024.9,K4XU,34,34,WE9V
19:44:59,14024.9,K4XU,36,21,WC2L
19:45:00,14024.8,K4XU,35,23,KM3T-3
19:45:00,14024.8,K4XU,36,32,K5TR
19:45:00,14024.9,K4XU,34,17,W3RGA
19:45:00,14024.9,K4XU,34,13,W8WTS
19:45:00,14024.9,K4XU,35,25,W1NT-2
19:45:00,14029.6,KH7X,36,34,K5TR
19:45:00,14038.5,K1SM,31,10,NG7M
19:45:00,14042.0,WB7BWZ,30,11,NG7M
19:45:00,14049.0,ND9M,28,9,W8WTS
19:45:01,14024.8,K4XU,35,20,VE6WZ
19:45:01,14024.8,K4XU,35,29,K9IMM
19:45:01,14024.9,K4XU,35,17,W1NT-6
19:45:01,14024.9,K4XU,35,28,VE6WZ
19:45:01,14024.9,K4XU,34,17,N6TV
19:45:01,14029.6,KH7X,40,12,W1NT-6
19:45:01,14035.2,VE3JM,37,11,K5EM
19:45:01,14036.8,K0VBU,35,11,N2EPE
19:45:01,14042.0,WB7BWZ,30,10,W1NT-6
19:45:01,14047.2,K6NR,25,9,AK6RI-1
19:45:01,14049.9,KN8N,23,3,ZF9CW
19:45:02,14023.5,F6HKA,32,14,RK3TD-2
19:45:02,14024.9,K4XU,35,15,KC4YVA
19:45:02,14026.6,W1WEF,37,9,G0KTN
19:45:02,14033.3,KR2Q,37,7,DK9IP
19:45:02,14045.0,AI5IN,37,10,EI4HQ
19:45:02,14047.2,K6NR,25,5,EI4HQ
19:45:03,14024.9,K4XU,35,9,K4PP
19:45:03,14024.9,K4XU,35,27,WA7LNW
19:45:03,14031.9,NE2V,41,22,KD7EFG
19:45:03,14032.5,KN5L,17,10,AA4PA
19:45:03,14032.5,KN5L,18,4,K4PP
19:45:03,14032.5,KN5L,18,7,WA7LNW
19:45:03,14033.6,W2RQ,44,36,KD7EFG
19:45:03,14039.3,K7RL,37,35,WA7LNW
19:45:03,14045.0,AI5IN,38,24,WA7LNW
19:45:04,14024.8,K4XU,35,27,ND7K
19:45:04,14024.8,K4XU,35,20,VE6WZ-3
19:45:04,14024.9,K4XU,37,34,AC0C-1
19:45:04,14024.9,K4XU,35,22,KM3T-2
19:45:04,14026.3,WG3J,39,24,AC0C-1
19:45:04,14032.5,KN5L,18,26,AC0C-1
19:45:04,14036.8,K0VBU,36,10,MM9PSY
19:45:04,14041.6,AE1T,37,6,DL1HWS-4
19:45:04,14049.0,SO9PC,21,11,JN1ILK
19:45:05,14022.0,EA2CAR,22,15,LZ5DI
19:45:05,14034.1,VE5UO,33,5,WT8P
19:45:05,14049.0,SO9PC,21,16,ZL4YL
19:45:06,14026.6,W1WEF,38,18,K6FOD
19:45:07,14015.0,JA5TX,18,16,BI4MPH
19:45:07,14043.8,K0PC,31,24,N9CO
19:45:07,14045.0,AI5IN,32,39,N9CO
19:45:08,14031.9,NE2V,34,8,PI4CC
19:45:10,14031.6,K5OHY,29,8,KM3T-3
19:45:11,14030.6,N4HAI,31,18,W1NT-6
19:45:11,14045.0,AI5IN,36,35,W1NT-2
19:45:12,14030.6,N4HAI,31,9,VE6WZ
19:45:13,14028.0,K9UIY,32,7,K4PP
19:45:13,14029.0,WA3AAN,31,9,DL8LAS
19:45:13,14033.7,W2RQ,39,30,DL8LAS
19:45:13,14036.8,K0VBU,38,29,AA4PA
19:45:13,14052.5,W4LOO,24,11,AA4PA
19:45:14,14030.6,N4HAI,31,9,VE6WZ-3
19:45:14,14035.5,K3ATO,40,30,WA7LNW
19:45:14,14049.0,ND9M,27,21,WA7LNW
19:45:14,14052.5,W4LOO,24,10,WA7LNW
19:45:15,14029.0,WA3AAN,31,9,DL8LAS-3
19:45:15,14033.6,W2RQ,41,33,AC0C-1
19:45:15,14040.5,NE5A,29,32,WX7V/5
19:45:15,14045.0,AI5IN,32,38,AC0C-1
19:45:15,14045.6,AB5SE,32,8,KM3T-2
19:45:16,14035.5,K3ATO,37,9,WT8P
19:45:16,14035.5,K3ATO,37,25,K3PA-1
19:45:16,14037.6,W6SX,36,5,WT8P
19:45:17,14026.6,W1WEF,38,26,TI7W
19:45:17,14033.7,W2RQ,40,32,DL8LAS-1
19:45:17,14035.2,VE3JM,38,23,TI7W
19:45:17,14036.8,K0VBU,37,34,K1RA-4
19:45:17,14040.6,NE5A,30,4,IK4VET
19:45:18,14036.8,K0VBU,37,18,W6YX
19:45:18,14041.6,AE1T,38,5,PI4CC
19:45:18,14044.6,WT9U,38,13,N7VVX
19:45:20,14025.3,TK4TZ,39,9,WC2L
19:45:20,14036.2,W5TM,37,36,W8WWV
19:45:20,14036.3,W5TM,38,18,W2NNN
19:45:20,14038.8,N8UM,38,11,G4ZFE
19:45:20,14045.6,AB5SE,33,15,W2NNN
19:45:21,14024.8,K4XU,34,39,NG7M
19:45:21,14032.7,N4BP,31,8,HA2NA
19:45:21,14036.2,W5TM,38,20,W1NT-2
19:45:21,14038.8,N8UM,36,4,DF7GB
19:45:22,14026.3,WG3J,37,29,VE6WZ
19:45:22,14036.2,W5TM,38,18,ZF9CW
19:45:22,14036.2,W5TM,38,27,K9IMM
19:45:22,14042.0,WB7BWZ,30,4,N6TV
19:45:22,14057.0,W1WC,20,20,ZF9CW
19:45:23,14024.9,K4XU,33,17,AA4PA
19:45:23,14036.2,W5TM,38,29,AA4PA
19:45:23,14036.8,K0VBU,37,26,K4PP
19:45:23,14044.6,WT9U,38,5,K4PP
19:45:24,14044.4,KC4WQ,31,12,WA7LNW
19:45:25,14026.3,WG3J,37,29,VE6WZ-3
19:45:25,14035.5,K3ATO,36,24,ND7K
19:45:25,14036.3,W5TM,38,11,N2YCH
19:45:25,14042.9,K1JH,29,3,VE6WZ-3
19:45:26,14033.3,KR2Q,32,1,WX7V/5
19:45:27,14023.5,F6HKA,32,15,EA5WU
19:45:27,14026.0,WS7L,33,42,K3PA-1
19:45:27,14036.2,W5TM,36,25,K1RA-4
19:45:28,14035.5,K3ATO,37,25,N9CO
19:45:28,14036.2,W5TM,38,21,WB6BEE
19:45:28,14036.2,W5TM,37,16,K9LC
19:45:28,14057.0,W1WC,20,11,N9CO
19:45:29,14024.9,K4XU,36,38,K7CO
19:45:29,14031.0,K3WW,39,10,DK3WW
19:45:29,14036.2,W5TM,37,12,W6YX
19:45:29,14041.6,AE1T,35,6,DK3WW
19:45:29,14049.0,ND9M,28,1,AA0O
19:45:30,14031.0,K3WW,37,12,EA4RKC
19:45:30,14036.8,K0VBU,37,40,WE9V
19:45:30,14043.5,W4XO,29,8,WC2L
19:45:31,14036.8,K0VBU,37,14,KM3T-3
19:45:31,14037.1,K0SN,38,23,NG7M
19:45:32,14035.2,VE3JM,38,41,K9IMM
19:45:32,14042.5,W7JET,37,16,N2EPE
19:45:32,14042.9,K1JH,29,3,VE6WZ
19:45:32,14046.3,WU6P,36,4,W2NAF
19:45:33,14034.1,VE5UO,33,5,WS3W
19:45:33,14041.1,N5RZ,38,20,W2MV
19:45:33,14045.8,K1VUT,31,4,DR4W
19:45:34,14042.0,WB7BWZ,31,29,KD7EFG
19:45:34,14043.5,W4XO,29,37,AA4PA
19:45:35,14032.7,N4BP,32,11,IK7YTT
19:45:36,14036.8,K0VBU,37,25,S53A
19:45:36,14044.4,KC4WQ,32,10,N2YCH
19:45:36,14044.4,KC4WQ,31,7,KM3T-2
19:45:36,14045.6,AB5SE,33,12,IT9GSF
19:45:37,14033.3,KR2Q,36,12,DL1HWS
19:45:37,14036.8,K0VBU,37,20,K3PA-1
19:45:38,14035.2,VE3JM,38,19,K1RA-4
19:45:38,14041.6,AE1T,35,5,S53WW
19:45:38,14041.6,AE1T,37,6,K1RA-4
19:45:38,14045.9,K1VUT,33,4,DP5G
19:45:38,14056.0,N1BS,23,16,TI7W
19:45:39,14035.9,N6CHU,27,16,K9LC
19:45:39,14065.0,WA7PGE,18,7,W6YX
19:45:40,14035.2,VE3JM,37,28,EA4RKC
19:45:40,14044.7,WT9U,38,12,W2NNN
19:45:41,14026.5,W1WEF,37,13,OK1HRA
19:45:41,14036.2,W5TM,37,24,W3RGA
19:45:41,14037.1,K0SN,37,30,WE9V
19:45:41,14037.2,HA7I,33,4,GI4DOH
19:45:41,14038.8,N8UM,38,6,EA2RCF-4
19:45:41,14043.2,K5UV,37,13,W3RGA
19:45:41,14065.0,WA7PGE,18,8,K5TR
19:45:42,14045.9,K1VUT,31,5,DK9IP
19:45:43,14029.6,KH7X,41,20,KC4YVA
19:45:43,14031.0,K3WW,39,8,VE6WZ
19:45:43,14031.9,NE2V,37,22,K9IMM
19:45:43,14036.3,W5TM,40,17,KC4YVA
19:45:44,14025.3,TK4TZ,37,21,KD7EFG
19:45:44,14036.2,W5TM,38,21,K4PP
19:45:44,14038.6,N8UM,35,5,VE4DRK
19:45:45,14035.2,VE3JM,34,7,M1GEO
19:45:45,14035.2,VE3JM,35,6,DK0KK
19:45:45,14035.5,K3ATO,39,6,DM6EE
19:45:45,14036.2,W5TM,39,15,ND7K
19:45:45,14045.9,K1VUT,32,5,DK0KK
19:45:46,14012.4,F8BRQ/P,19,6,IK7YTT
19:45:46,14012.4,F8BRQ/P,19,13,IT9GSF
19:45:46,14035.2,VE3JM,38,8,DL8LAS-3
19:45:46,14037.1,K0SN,38,38,AC0C-1
19:45:46,14045.9,K1VUT,32,5,DL8LAS-3
19:45:46,14065.0,WA7PGE,17,10,AC0C-1
19:45:47,14026.4,WG3J,37,4,IK4VET
19:45:48,14032.1,K0TG,41,12,K1RA-4
19:45:48,14045.9,K1VUT,31,31,K3PA-1
19:45:49,14037.1,K0SN,37,26,VE6AO
19:45:49,14042.9,K1JH,28,3,VE6AO
19:45:50,14040.6,K3SRO,26,16,K7CO
19:45:50,14041.1,N5RZ,37,29,KM3T-5
19:45:51,14032.1,K0TG,40,17,W2NNN
19:45:51,14032.1,K0TG,41,17,WC2L
19:45:51,14042.9,K1JU,25,2,WE9V
19:45:52,14026.4,WG3J,38,22,K5EM
19:45:52,14032.1,K0TG,41,11,W3RGA
19:45:52,14032.1,K0TG,41,14,K5TR
19:45:52,14032.1,K0TG,41,15,W1NT-2
19:45:52,14035.6,K3ATO,38,14,K5EM
19:45:53,14029.1,K5SJC,32,4,EI4HQ
19:45:53,14032.1,K0TG,41,7,N2EPE
19:45:53,14037.1,K0SN,38,24,K9IMM
19:45:54,14035.2,VE3JM,38,8,DL8LAS
19:45:54,14045.0,AI5IN,33,12,N6TV
19:45:54,14045.9,K1VUT,32,5,DL8LAS
19:45:56,14032.1,K0TG,40,12,ND7K
19:45:56,14037.1,K0SN,30,42,WA7LNW
19:45:56,14037.1,K0SN,36,38,ND7K
19:45:56,14039.8,K0RX,33,23,KM3T-2
19:45:56,14039.8,K0RX,33,14,N2YCH
19:45:57,14042.5,W7JET,38,15,N4HAC
19:45:57,14058.5,SQ9JS,20,7,RU9CZD
19:45:58,14022.0,EA2CAR,20,16,EA5WU
19:45:58,14032.1,K0TG,39,19,WB6BEE
19:45:59,14042.6,W7JET,38,24,TI7W
19:45:59,14042.9,K1JH,28,2,N7VVX
19:46:00,14032.1,K0TG,41,12,W6YX
19:46:01,14026.6,W1WEF,38,17,W8WWV
19:46:01,14033.0,WJ9B,35,19,WE9V
19:46:01,14039.0,N8UM,38,6,DL5RCN
19:46:01,14039.8,K0RX,34,16,W2NNN
19:46:01,14058.5,SQ9JS,20,10,EA4RKC
19:46:02,14032.1,K0TG,39,7,NG7M
19:46:02,14032.7,N4BP,31,3,MM0ZBH
19:46:02,14057.0,W1WC,20,5,W3RGA
19:46:04,14032.1,K0TG,40,23,KC4YVA
19:46:04,14032.1,K0TG,37,8,AA4PA
19:46:04,14038.8,N8UM,35,12,DL8LAS
19:46:04,14044.6,WT9U,39,7,N6TV
19:46:05,14046.3,WU6P,37,4,VE7CC
19:46:05,14046.3,WU6P,37,4,VE7CC
19:46:06,14032.4,KA1EFO,27,6,OE9GHV
19:46:06,14033.3,KR2Q,35,36,WA7LNW
19:46:06,14042.6,W7JET,35,33,AC0C-1
19:46:06,14044.3,KC4WQ,32,4,VE6WZ-3
19:46:06,14044.6,WT9U,39,15,VE6WZ-3
19:46:06,14044.6,WT9U,38,26,WA7LNW
19:46:06,14065.0,WA7PGE,17,7,VE6WZ-3
19:46:06,14065.0,WA7PGE,17,11,ND7K
19:46:07,14026.4,WG3J,40,10,S53A
19:46:07,14032.1,K0TG,39,7,N4HAC
19:46:07,14032.4,KA1EFO,27,13,S53A
19:46:07,14038.8,N8UM,35,12,DL8LAS-1
19:46:07,14044.6,WT9U,38,33,WX7V/5
19:46:07,14045.1,AI5IN,37,23,N2YCH
19:46:08,14026.6,W1WEF,38,5,EA5WU
19:46:08,14026.6,W1WEF,38,19,DP5G
19:46:08,14033.3,KR2Q,36,4,S53WW
19:46:08,14037.2,HA7I,34,7,S53WW
19:46:08,14038.8,N8UM,38,8,NU4F
19:46:08,14039.8,K0RX,33,11,IK4VET
19:46:08,14042.9,K1JH,28,3,K1RA-4
19:46:08,14057.0,W1WC,20,4,K3PA-1
19:46:09,14039.7,K0RX,33,15,WB6BEE
19:46:09,14060.0,KK7OOG,21,1,N7VVX
19:46:10,14037.6,W6SX,36,16,VE6AO
19:46:10,14045.0,AI5IN,37,1,AA0O
19:46:10,14050.3,WA2VJL,15,9,W6YX
19:46:11,14032.1,K0TG,37,15,K7CO
19:46:11,14032.1,K0TG,39,27,W8WWV
19:46:11,14033.3,KR2Q,36,4,DF7GB
19:46:11,14037.2,HA7I,34,5,KM3T-5
19:46:11,14044.6,WT9U,38,15,KM3T-5
19:46:11,14044.6,WT9U,39,27,K7CO
19:46:11,14050.3,WA2VJL,15,10,K7CO
19:46:11,14050.3,WA2VJL,15,11,W8WWV
19:46:12,14026.4,WG3J,38,6,PY2KNK
19:46:12,14036.2,W5TM,37,23,WE9V
19:46:12,14041.6,AE1T,37,3,MM0ZBH
19:46:12,14044.6,WT9U,38,14,KM3T-3
19:46:12,14048.5,AB9CA,19,25,W1NT-2
19:46:13,14032.1,K0TG,38,9,W1NT-6
19:46:13,14036.3,W5TM,36,10,K5EM
19:46:13,14042.5,W7JET,36,27,NG7M
19:46:13,14044.6,WT9U,38,22,K5TR
19:46:13,14045.1,AI5IN,36,11,K5EM
19:46:13,14048.5,AB9CA,19,7,K5TR
19:46:13,14048.5,AB9CA,19,17,W1NT-6
19:46:14,14024.0,VE2FK,33,26,K9IMM
19:46:14,14024.0,VE2FK,33,25,ZF9CW
19:46:14,14024.0,VE2FK,33,27,KC4YVA
19:46:14,14025.3,TK4TZ,39,18,K9IMM
19:46:14,14031.9,NE2V,38,10,VE6WZ
19:46:14,14032.1,K0TG,38,15,ZF9CW
19:46:14,14033.3,KR2Q,36,8,DL1HWS-4
19:46:14,14037.6,W6SX,37,17,VE6WZ
19:46:14,14037.7,W6SX,37,28,ZF9CW
19:46:14,14039.3,K7RL,39,28,ZF9CW
19:46:14,14041.6,AE1T,34,4,DR4W
19:46:14,14043.8,K0PC,32,4,WS3W
19:46:14,14044.3,KC4WQ,32,4,VE6WZ
19:46:14,14044.6,WT9U,39,15,VE6WZ
19:46:14,14048.5,AB9CA,19,21,ZF9CW
19:46:14,14065.0,WA7PGE,17,7,VE6WZ
19:46:15,14024.0,VE2FK,33,13,K4PP
19:46:15,14024.0,VE2FK,33,17,AA4PA
19:46:15,14033.3,KR2Q,37,5,K4PP
19:46:15,14035.9,N6CHU,27,16,AA4PA
19:46:15,14039.3,K7RL,39,18,K4PP
19:46:16,14024.0,VE2FK,33,18,WA7LNW
19:46:16,14031.9,NE2V,38,10,VE6WZ-3
19:46:16,14037.6,W6SX,37,17,VE6WZ-3
19:46:16,14050.3,WA2VJL,15,12,WA7LNW
19:46:17,14024.0,VE2FK,32,19,ND7K
19:46:17,14024.0,VE2FK,33,17,AC0C-1
19:46:17,14025.3,TK4TZ,37,24,AC0C-1
19:46:17,14035.2,VE3JM,38,5,WT8P
19:46:17,14037.6,W6SX,37,21,AC0C-1
19:46:17,14037.7,W6SX,37,33,KM3T-2
19:46:17,14037.7,W6SX,37,15,N2YCH
19:46:17,14040.0,K0RX,28,14,ND7K
19:46:17,14043.2,K5UV,36,8,KM3T-2
19:46:17,14044.6,WT9U,39,13,KM3T-2
19:46:17,14044.6,WT9U,37,41,AC0C-1
19:46:17,14048.5,AB9CA,19,9,KM3T-2
19:46:17,14048.5,AB9CA,19,15,N2YCH
19:46:17,14048.5,AB9CA,18,20,WX7V/5
19:46:18,14023.5,F6HKA,32,17,LZ3CB
19:46:18,14024.0,VE2FK,32,16,N4HAC
19:46:18,14024.0,VE2FK,32,22,K3PA-1
19:46:18,14036.9,K0VBU,37,17,IK4VET
19:46:18,14039.3,K7RL,40,33,K3PA-1
19:46:18,14044.6,WT9U,39,36,K3PA-1
19:46:18,14048.5,AB9CA,18,20,K3PA-1
19:46:18,14050.3,WA2VJL,15,5,K3PA-1
19:46:19,14024.0,VE2FK,33,32,K1RA-4
19:46:19,14024.0,VE2FK,33,26,WB6BEE
19:46:19,14039.3,K7RL,37,7,NU4F
19:46:19,14045.0,AI5IN,37,18,NU4F
19:46:19,14050.3,WA2VJL,15,11,WB6BEE
19:46:20,14024.0,VE2FK,33,29,TI7W
19:46:20,14024.0,VE2FK,33,15,K9LC
19:46:20,14032.7,N4BP,30,12,DK3WW
19:46:21,14024.0,VE2FK,33,10,K7CO
19:46:21,14024.0,VE2FK,32,28,W8WWV
19:46:21,14031.9,NE2V,38,12,W6YX
19:46:21,14032.7,N4BP,31,17,K7CO
19:46:21,14035.4,VE3JM,34,8,DL5RCN
19:46:21,14037.6,W6SX,37,34,KM3T-5
19:46:21,14048.5,AB9CA,18,10,KM3T-5
19:46:22,14024.0,VE2FK,32,42,WE9V
19:46:22,14024.0,VE2FK,33,17,W3RGA
19:46:22,14035.9,N6CHU,27,6,W8WTS
19:46:22,14037.6,W6SX,36,27,WE9V
19:46:22,14037.6,W6SX,37,32,KM3T-3
19:46:22,14037.7,W6SX,37,18,WC2L
19:46:22,14039.3,K7RL,39,24,KM3T-3
19:46:22,14043.2,K5UV,37,9,KM3T-3
19:46:22,14048.5,AB9CA,19,9,WC2L
19:46:22,14048.5,AB9CA,18,10,KM3T-3
19:46:22,14056.9,W1WC,20,5,WE9V
19:46:23,14024.0,VE2FK,33,32,K5TR
19:46:23,14024.0,VE2FK,32,19,KD2M
19:46:23,14029.6,KH7X,38,23,NG7M
19:46:23,14033.3,KR2Q,36,4,MM0ZBH
19:46:23,14044.6,WT9U,37,14,W1NT-2
19:46:24,14031.0,K0INN,23,45,K9IMM
19:46:24,14036.2,W5TM,36,14,W1NT-6
19:46:24,14064.6,CT1EXR,15,22,DL8LAS
19:46:25,14028.0,K9UIY,31,13,N6TV
19:46:25,14033.0,WJ9B,35,8,AA4PA
19:46:25,14035.0,VE3JM,37,17,VE4DRK
19:46:25,14037.7,W6SX,36,17,K4PP
19:46:25,14044.6,WT9U,39,43,KD7EFG
19:46:25,14064.6,CT1EXR,16,28,PE5TT
19:46:25,14064.6,CT1EXR,15,21,M1GEO
19:46:26,14032.7,N4BP,31,8,OE9GHV
19:46:26,14064.6,CT1EXR,15,14,S50U
19:46:26,14064.6,CT1EXR,16,22,DM6EE
19:46:26,14064.6,CT1EXR,15,24,DL8LAS-3
19:46:26,14064.6,CT1EXR,16,21,IK7YTT
19:46:27,14036.2,W5TM,37,25,WA7LNW
19:46:27,14036.8,K0VBU,37,32,AC0C-1
19:46:27,14036.8,K0VBU,37,23,N2YCH
19:46:27,14037.6,W6SX,36,7,WT8P
19:46:27,14045.0,AI5IN,35,10,VE6WZ-3
19:46:27,14057.0,W1WC,20,9,AC0C-1
19:46:27,14064.6,CT1EXR,15,14,S53A
19:46:27,14064.6,CT1EXR,16,25,DL1HWS
19:46:28,14039.7,K0RX,33,12,N4HAC
19:46:28,14043.0,N2XDD,25,6,WX7V/5
19:46:28,14064.6,CT1EXR,15,22,DL8LAS-1
19:46:28,14064.6,CT1EXR,15,7,EA5WU
19:46:29,14024.0,VE2FK,33,44,N9CO
19:46:29,14024.0,VE2FK,33,18,NU4F
19:46:29,14029.6,KH7X,37,26,N9CO
19:46:29,14036.2,W5TM,37,36,N9CO
19:46:29,14043.8,K0PC,31,14,NU4F
19:46:29,14045.8,K3SRO,25,13,NU4F
19:46:29,14064.5,CT1EXR,15,16,YO2CK
19:46:29,14064.6,CT1EXR,15,15,PI4CC
19:46:29,14067.0,KE8NJW,23,1,K3PA-1
19:46:30,14032.1,K0TG,40,9,TI7W
19:46:30,14043.5,W4XO,29,5,AA0O
19:46:30,14045.9,K3SRO,25,24,TI7W
19:46:30,14064.6,CT1EXR,15,23,DK3WW
19:46:30,14064.6,CT1EXR,16,27,DL1HWS-3
19:46:30,14064.6,CT1EXR,15,13,DM5GG
19:46:31,14026.6,W1WEF,37,12,VE6AO
19:46:31,14028.0,K9UIY,32,13,KM3T-5
19:46:31,14035.5,K3ATO,38,7,G4ZFE
19:46:31,14035.5,K3ATO,41,10,VE6AO
19:46:31,14049.0,ND9M,28,2,KM3T-5
19:46:31,14064.5,CT1EXR,15,29,OK1HRA
19:46:32,14024.9,K4XU,36,6,AK6RI-1
19:46:32,14029.6,KH7XA,39,21,W8WWV
19:46:32,14029.6,KH7X,39,11,AK6RI-1
19:46:32,14033.2,KR2Q,36,35,WE9V
19:46:32,14033.3,KR2Q,37,7,OK1FCJ
19:46:32,14045.9,K3SRO,25,4,K7CO
19:46:32,14064.6,CT1EXR,15,10,RK3TD
19:46:32,14064.6,CT1EXR,15,17,GI4DOH
19:46:32,14064.6,CT1EXR,15,26,HA2NA
19:46:32,14064.6,CT1EXR,15,18,OK1FCJ
19:46:33,14005.0,CN2DX,28,25,RK3TD-2
19:46:33,14033.3,KR2Q,37,8,G4KCM
19:46:33,14042.6,W7JET,35,21,W1NT-2
19:46:33,14045.9,K3SRO,26,4,K5EM
19:46:33,14064.6,CT1EXR,15,12,YO5LD
19:46:33,14064.6,CT1EXR,15,11,RK3TD-2
19:46:34,14026.6,W1WEF,37,15,N2EPE
19:46:34,14039.7,K0RX,34,25,N2EPE
19:46:34,14045.0,AI5IN,35,10,VE6WZ
19:46:34,14045.8,K3SRO,25,19,VE6WZ
19:46:34,14064.5,CT1EXR,15,24,DR4W
19:46:34,14064.6,CT1EXR,15,10,HG8A
19:46:35,14028.0,K9UIY,31,17,ZF9CW
19:46:35,14032.1,K0TG,38,23,KD7EFG
19:46:35,14032.5,KN5L,17,8,K9IMM
19:46:35,14033.3,KR2Q,36,30,KD7EFG
19:46:35,14064.6,CT1EXR,15,26,DO4DXA
19:46:35,14064.6,CT1EXR,15,9,MM9PSY
19:46:35,14064.6,CT1EXR,15,10,MM9PSY
19:46:35,14064.6,CT1EXR,15,9,LZ4UX
19:46:36,14038.8,N8UM,39,6,M1GEO
19:46:36,14040.0,K0RX,23,31,AA4PA
19:46:37,14031.9,NE2V,37,6,ND7K
19:46:37,14035.6,K3ATO,39,12,DL8LAS-3
19:46:37,14049.0,ND9M,29,1,KM3T-2
19:46:38,14033.3,KR2Q,37,27,AC0C-1
19:46:38,14033.3,KR2Q,36,11,IK4VET
19:46:38,14045.8,K3SRO,26,4,WT8P
19:46:38,14045.8,K3SRO,25,19,VE6WZ-3
19:46:38,14064.6,CT1EXRCT,15,11,RU9CZD
19:46:38,14064.6,CT1EXR,15,17,S53WW
19:46:38,14065.0,WA7PGE,17,8,WX7V/5
19:46:39,14023.5,F6HKA,32,11,N4HAC
19:46:39,14023.5,F6HKA,32,9,K3PA-1
19:46:39,14031.9,NE2V,36,18,IT9GSF
19:46:39,14064.6,CT1EXR,16,39,IT9GSF
19:46:40,14037.2,SA7I,35,5,WB6BEE
19:46:40,14038.8,N8UM,38,6,DM5GG
19:46:40,14047.2,K6NR,25,24,WB6BEE
19:46:41,14051.0,F4HWS,25,18,TI7W
19:46:42,14033.3,KR2Q,37,7,GI4DOH
19:46:42,14051.0,F4HWS,26,13,KM3T-5
19:46:42,14051.0,F4HWS,26,9,RK3TD
19:46:42,14051.1,F4HWS,26,25,W2NNN
19:46:43,14024.0,VE2FK,32,13,W8WTS
19:46:43,14038.8,N8MM,36,27,W1NT-2
19:46:43,14051.0,F4HWS,26,24,W3RGA
19:46:43,14051.0,F4HWS,26,12,KM3T-3
19:46:43,14064.9,WA7PGE,16,3,WE9V
19:46:44,14044.7,WT9U,42,17,K5EM
19:46:45,14023.5,F6HKA,32,11,K7EK
19:46:45,14024.0,VE2FK,32,5,WS3W
19:46:45,14029.2,K5SJC,36,6,KC4YVA
19:46:45,14036.3,W5TM,37,25,K7EK
19:46:45,14036.8,K0VBU,38,24,ZF9CW
19:46:46,14064.0,W7BTR,20,9,N6TV
19:46:47,14051.0,F4HWS,26,38,OH6BG
19:46:47,14051.0,F4HWS,26,11,KM3T-2
19:46:47,14051.0,F4HWS,25,31,ES5PC
19:46:48,14029.0,WA3AAN,32,9,DL8LAS-1
19:46:48,14031.7,K5OHY,28,24,WA7LNW
19:46:48,14032.7,N4BP,31,24,WA7LNW
19:46:48,14032.7,N4BP,31,29,AC0C-1
19:46:48,14032.7,N4BP,31,19,VE6WZ-3
19:46:48,14032.8,N4BP,31,21,N2YCH
19:46:48,14049.0,SO9PC,21,3,VU2TUM
19:46:48,14051.1,F4HWS,26,19,N2YCH
19:46:49,14023.5,N6HKA,32,17,RU9CZD
19:46:49,14032.7,N4BP,30,12,WX7V/5
19:46:49,14032.7,N4BP,31,25,K3PA-1
19:46:49,14035.1,VE3JM,38,8,K6FOD
19:46:49,14041.0,DK5JPL,29,12,RU9CZD
19:46:49,14051.0,F4HWS,26,16,N4HAC
19:46:50,14032.7,N4BP,31,34,K1RA-4
19:46:50,14040.6,NE5A,31,8,NU4F
19:46:50,14042.5,W7JET,36,33,WB6BEE
19:46:51,14032.7,N4BP,30,16,K9LC
19:46:51,14032.7,N4BP,30,14,W6YX
19:46:51,14042.6,W7JET,37,24,TI7W
19:46:51,14042.6,W7JET,34,33,W6YX
19:46:52,14031.0,K3WW,40,6,GI4DOH
19:46:52,14032.7,N4BP,30,41,W8WWV
19:46:52,14039.7,K0RX,33,29,W8WWV
19:46:53,14032.7,N4BP,31,20,W8WTS
19:46:53,14032.7,N4BP,31,27,WE9V
19:46:53,14032.7,N4BP,31,38,W3RGA
19:46:53,14032.8,N4BP,31,31,W2NNN
19:46:53,14035.5,K3ATO,38,5,DK9IP
19:46:53,14045.0,AI5IN,35,29,WE9V
19:46:54,14032.1,K0TG,39,7,KM3T-3
19:46:54,14032.7,N4BP,31,26,KM3T-3
19:46:54,14032.7,N4BP,31,34,W1NT-2
19:46:54,14032.7,N4BP,31,28,N2EPE
19:46:54,14032.7,N4BP,30,11,NG7M
19:46:54,14039.3,K7RL,37,27,K5EM
19:46:54,14041.0,DK5JPL,29,17,RK3TD-2
19:46:54,14049.0,ND9M,28,13,W1NT-2
19:46:55,14026.6,W1WEF,38,18,KC4YVA
19:46:55,14032.7,N4BP,31,29,K5TR
19:46:55,14032.7,N4BP,31,27,W1NT-6
19:46:55,14032.7,N4BP,31,19,VE6WZ
19:46:55,14032.7,N4BP,30,33,KC4YVA
19:46:55,14033.3,KR2Q,37,4,DO4DXA
19:46:55,14033.3,KR2Q,36,6,MM9PSY
19:46:55,14045.0,AI5IN,37,5,ZL3X
19:46:56,14024.0,VE2FK,33,25,K7EK
19:46:56,14031.0,K3WW,40,14,DK0KK
19:46:56,14032.7,N4BP,31,24,K9IMM
19:46:56,14033.3,KR2Q,36,15,K7EK
19:46:56,14036.0,N6CHU,31,22,ZF9CW
19:46:56,14043.8,K0PC,32,8,K7EK
19:46:56,14064.0,W7BTR,21,22,KD7EFG
19:46:57,14023.6,F6HKA,31,4,LZ5DI
19:46:58,14032.1,K0TG,38,6,KM3T-2
19:46:58,14032.7,N4BP,31,24,KM3T-2
19:46:58,14032.7,N4BAS,32,7,DL1HWS
19:46:58,14036.2,W5TM,38,15,KM3T-2
19:46:58,14048.5,AB9CA,18,14,S53A
19:46:59,14012.4,F8BRQ/P,19,4,LZ3CB
19:46:59,14045.8,K3SRO,25,5,PI4CC
19:47:00,14035.5,K3ATO,39,16,N7VVX
19:47:00,14045.0,AI5IN,37,40,K3PA-1
19:47:01,14031.9,NE2V,38,11,K9LC
19:47:02,14024.0,VE2FK,33,11,W6YX
19:47:02,14032.1,K0TG,39,8,KM3T-5
19:47:02,14032.7,N4BP,31,26,KM3T-5
19:47:02,14049.0,ND9M,29,15,W6YX
19:47:03,14032.7,N4BP,31,27,WC2L
19:47:04,14023.5,F6HKA,31,6,HA8TKS
19:47:04,14036.2,W5TM,37,16,KM3T-3
19:47:04,14039.3,K7RL,38,26,N2EPE
19:47:04,14050.3,WA2VJL,15,9,W3RGA
19:47:05,14024.1,VE2FK,33,6,K5EM
19:47:05,14032.0,K0TG,37,8,VE6WZ
19:47:05,14043.2,K5UV,35,24,VE6WZ
19:47:05,14048.9,ND9M,28,14,VE4DRK
19:47:06,14024.0,VE2FK,33,22,KD7EFG
19:47:06,14026.0,WS7L,35,18,KC4YVA
19:47:06,14038.9,N8UM,38,17,K7EK
19:47:06,14046.3,WU6P,36,23,K7EK
19:47:06,14049.1,ND9M,28,10,K7EK
19:47:06,14056.1,N1BS,24,12,K7EK
19:47:07,14023.5,F6HKA,31,6,LZ5DI
19:47:08,14023.5,F6HKA,33,5,VU2TUM
19:47:08,14026.0,WS7L,35,22,KM3T-2
19:47:09,14019.0,TM00TFR,21,13,LZ3CB
19:47:09,14032.0,K0TG,37,8,VE6WZ-3
19:47:09,14034.1,VE5UO,33,31,AC0C-1
19:47:09,14043.2,K5UV,35,24,VE6WZ-3
19:47:12,14032.7,N4BP,30,25,TI7W
19:47:12,14044.6,WT9U,38,29,W6YX
19:47:13,14032.7,N4BP,31,9,SE5E
19:47:13,14041.6,AE1T,37,5,GI4DOH
19:47:14,14026.0,WS7L,35,23,KM3T-3
19:47:14,14026.6,W1WEF,37,22,W8WTS
19:47:14,14030.0,IU3UJX,26,5,KM3T-3
19:47:15,14034.0,VE5UO,33,22,K5TR
19:47:15,14049.0,ND9M,28,5,W1NT-6
19:47:15,14060.0,KK7OOG,20,3,K5TR
19:47:15,14065.1,WA7PGE,16,4,K5EM
19:47:16,14026.6,W1WEF,38,14,PE5TT
19:47:16,14026.6,W1WEF,37,5,VE6WZ
19:47:16,14032.4,KA1EFO,25,8,K9IMM
19:47:16,14032.7,N4BP,31,24,K4PP
19:47:16,14032.7,N4BP,30,24,KD7EFG
19:47:16,14036.1,W5TM,37,12,VE4DRK
19:47:16,14036.2,W5TM,37,12,VE6WZ
19:47:16,14038.8,N8UM,38,26,KD7EFG
19:47:16,14048.5,AB9CA,18,17,KD7EFG
19:47:17,14026.0,WS7L,35,15,K7EK
19:47:17,14026.0,WS7L,35,18,AA4PA
19:47:17,14032.7,N4BP,31,30,AA4PA
19:47:17,14032.8,N4BP,30,13,K7EK
19:47:17,14035.2,VE3JM,38,7,IK7YTT
19:47:17,14044.6,WT9U,37,17,ZF9CW
19:47:17,14044.6,WT9U,38,29,AA4PA
19:47:17,14049.0,SO9PC,21,23,IK7YTT
19:47:18,14032.7,N4BP,31,13,ND7K
19:47:18,14048.2,EA3FZT,35,21,ES5PC
19:47:18,14064.0,W7BTR,21,13,ND7K
19:47:19,14032.7,N4BP,31,5,KD2OGR
19:47:19,14032.7,N4BP,31,6,S53WW
19:47:19,14048.2,EA3FZT,36,14,WA7LNW
19:47:20,14026.6,W1WEF,38,16,IT9GSF
19:47:20,14032.7,N4BP,31,30,N4HAC
19:47:20,14032.7,N4BP,31,28,N9CO
19:47:20,14032.7,N4BP,31,10,NU4F
19:47:20,14033.0,WJ9B,35,6,K6FOD
19:47:20,14036.8,K0VBU,38,24,N9CO
19:47:20,14045.0,AI5IN,36,27,N7VVX
19:47:20,14048.5,AB9CA,19,10,IT9GSF
19:47:21,14038.8,N8UM,37,11,DK3WW
19:47:22,14028.9,WA3AAN,30,5,VE6AO
19:47:23,14036.8,K0VBU,35,14,KM3T-5
19:47:23,14039.3,K7RL,41,24,AK6RI-1
19:47:23,14040.5,NE5A,34,24,W8WWV
19:47:24,14029.7,KH7X,38,26,W2NNN
19:47:24,14036.8,K0VBU,37,9,MM0ZBH
19:47:24,14039.3,K7RL,40,25,WC2L
19:47:24,14051.0,F5MZN,26,7,W2NAF
19:47:24,14051.1,F5MZN,26,14,BG7IEJ
19:47:24,14064.0,W7BTR,20,4,K7CO
19:47:25,14039.7,K0RX,34,21,KM3T-3
19:47:26,14030.4,AA4GA,33,12,VE6WZ
19:47:26,14032.7,N4BP,30,8,DL8LAS
19:47:26,14032.7,N4BP,31,3,MM9PSY
19:47:26,14033.0,WJ9B,35,9,VE6WZ
19:47:26,14035.0,N7NR,34,9,K5EM
19:47:26,14043.2,K5UV,37,24,VE6WZ
19:47:26,14048.6,K3SRO,25,6,DL8LAS
19:47:26,14051.0,F5MZN,26,6,K5TR
19:47:27,14026.6,W1WEF,39,38,KD7EFG
19:47:27,14030.4,AA4GA,33,19,K9IMM
19:47:27,14030.4,AA4GA,33,23,ZF9CW
19:47:27,14030.4,AA4GA,33,18,AA4PA
19:47:27,14030.6,N4HAI,32,17,AA4PA
19:47:27,14040.5,NE5A,30,24,K9IMM
19:47:27,14040.5,NE5A,32,29,ZF9CW
19:47:27,14040.6,NE5A,30,19,K7EK
19:47:27,14042.6,W7JET,39,43,KD7EFG
19:47:27,14048.5,K3SRO,25,19,K9IMM
19:47:27,14048.6,K3SRO,25,6,DL8LAS-3
19:47:27,14051.1,F5MZN,26,17,K7EK
19:47:28,14023.5,F6HKA,32,12,ZL4YL
19:47:28,14030.4,AA4GA,33,9,S53A
19:47:28,14030.4,AA4GA,33,11,N2YCH
19:47:28,14031.0,K3WW,39,8,WT8P
19:47:28,14043.8,K0PC,32,10,N2YCH
19:47:29,14030.5,AA4GA,33,7,IK4VET
19:47:29,14032.7,N4BP,30,8,DL8LAS-1
19:47:29,14040.5,NE5A,30,21,WA7LNW
19:47:29,14047.2,K6NR,25,22,ND7K
19:47:30,14029.1,K5SJC,33,11,IT9GSF
19:47:30,14030.4,AA4GA,33,12,VE6WZ-3
19:47:30,14030.4,AA4GA,33,19,AC0C-1
19:47:30,14033.0,WJ9B,35,9,VE6WZ-3
19:47:30,14036.2,W5TM,38,41,AC0C-1
19:47:30,14043.8,K0PC,32,24,N4HAC
19:47:30,14048.1,EA3FZT,35,14,RU9CZD
19:47:30,14048.5,AB9CA,19,23,AC0C-1
19:47:30,14057.0,W1WC,20,8,WX7V/5
19:47:31,14030.4,AA4GA,33,16,N9CO
19:47:31,14030.4,AA4GA,33,9,NU4F
19:47:31,14030.4,AA4GA,33,15,K3PA-1
19:47:31,14034.0,VE5UO,30,27,N9CO
19:47:31,14039.3,K7RL,41,30,N9CO
19:47:31,14040.5,NE5A,31,30,N9CO
19:47:31,14042.5,W7JET,34,23,N7VVX
19:47:31,14048.5,K3SRO,26,20,N9CO
19:47:31,14048.5,K3SRO,25,9,NU4F
19:47:32,14029.1,K5SJC,33,11,K9LC
19:47:32,14030.4,AA4GA,34,6,K9LC
19:47:32,14030.4,AA4GA,33,29,TI7W
19:47:32,14048.5,K3SRO,25,4,K9LC
19:47:32,14048.6,K3SRO,25,22,TI7W
19:47:32,14056.9,W1WC,20,3,K9LC
19:47:33,14030.4,AA4GA,34,14,KM3T-5
19:47:33,14031.0,K3WW,39,11,EA2RCF-4
19:47:33,14040.5,NE5A,30,11,W6YX
19:47:33,14064.0,W7BTR,20,9,W6YX
19:47:34,14030.4,AA4GA,34,11,WC2L
19:47:34,14030.5,AA4GA,33,8,W2NNN
19:47:35,14030.4,AA4GA,33,13,W1NT-2
19:47:35,14030.4,AA4GA,33,10,KD2M
19:47:35,14030.4,AA4GA,33,17,WE9V
19:47:35,14030.4,AA4GA,33,14,N2EPE
19:47:35,14031.0,K3WW,35,43,WE9V
19:47:35,14034.0,VE5UO,32,16,W1NT-2
19:47:35,14039.8,K0RX,33,18,W1NT-2
19:47:35,14043.8,K0PC,32,28,W1NT-2
19:47:35,14048.2,EA3FZT,36,17,W1NT-2
19:47:36,14030.6,N4HAI,32,6,K5EM
19:47:36,14030.6,N4HAI,31,20,NG7M
19:47:36,14037.1,K0SN,37,38,K5TR
19:47:36,14038.8,N8UM,38,4,PE5TT
19:47:36,14038.8,N8UM,37,22,W1NT-6
19:47:36,14039.2,K7RL,35,31,K5TR
19:47:36,14043.8,K0PC,32,23,W1NT-6
19:47:36,14043.8,K0PC,31,19,NG7M
19:47:36,14048.2,EA3FZT,35,13,W1NT-6
19:47:37,14029.1,K5SJC,33,26,K9IMM
19:47:37,14037.6,W6SX,38,39,K9IMM
19:47:37,14043.7,K0PC,32,17,VE6WZ
19:47:37,14043.8,K0PC,32,30,KC4YVA
19:47:37,14043.8,K0PC,32,24,ZF9CW
19:47:38,14037.1,K0SN,38,14,K7EK
19:47:38,14043.8,K0PC,31,10,N6TV
19:47:38,14048.2,EA3FZT,36,30,OH6BG
19:47:39,14030.6,N4HAI,31,3,WT8P
19:47:39,14043.8,K0PC,32,20,KM3T-2
19:47:39,14043.8,K0PC,32,25,ND7K
19:47:40,14005.0,DL2FDM,28,18,IT9GSF
19:47:40,14031.9,NE2V,39,13,WA7LNW
19:47:40,14037.6,W6SX,37,12,N4HAC
19:47:40,14037.7,W6SX,37,28,WA7LNW
19:47:40,14043.7,K0PC,32,17,VE6WZ-3
19:47:40,14043.8,K0PC,32,38,WA7LNW
19:47:40,14045.0,AI5IN,35,27,WX7V/5
19:47:41,14029.1,K5SJC,33,15,N7VVX
19:47:41,14039.7,K0RX,33,20,K1RA-4
19:47:41,14040.5,NE5A,30,26,K1RA-4
19:47:41,14064.0,W7BTR,20,5,K3PA-1
19:47:43,14031.7,K5OHY,29,20,TI7W
19:47:43,14036.2,W5TM,37,15,KM3T-5
19:47:43,14037.6,W6SX,37,16,K9LC
19:47:43,14043.7,K0PC,32,38,W8WWV
19:47:43,14048.2,EA3FZT,35,10,HA2NA
19:47:43,14048.2,EA3FZT,34,12,KM3T-5
19:47:43,14065.0,WA7PGE,17,4,W8WWV
19:47:44,14014.7,DL0FD,21,10,DK9IP-1
19:47:44,14026.6,W1WEF,36,23,K7CO
19:47:44,14030.6,N4HAI,32,8,DK9IP-1
19:47:44,14031.0,K3WW,37,15,DK9IP-1
19:47:45,14014.7,DL0FD,21,24,RK3TD-2
19:47:45,14014.8,DL0FD,21,13,BG7IEJ
19:47:45,14040.5,NE5A,30,27,W1NT-2
19:47:45,14040.5,NE5A,30,13,KM3T-3
19:47:45,14043.8,K0PC,32,21,KM3T-3
19:47:45,14048.1,EA3FZT,35,11,DR4W
19:47:46,14022.0,EA2CAR,23,16,LZ4UX
19:47:46,14031.0,K3WW,37,21,M1GEO
19:47:46,14032.1,K0TG,38,6,K5EM
19:47:46,14035.5,K3ATO,38,5,PE5TT
19:47:46,14043.8,K0PC,32,16,N2EPE
19:47:46,14048.2,EA3FZT,35,6,DL8LAS
19:47:47,14029.2,K5SJC,33,12,VE6WZ
19:47:47,14036.2,W5TM,37,16,VE6WZ
19:47:48,14032.7,N4BP,31,40,ZF9CW
19:47:48,14035.2,VE3JM,34,9,N6TV
19:47:48,14036.0,N6CHU,28,5,K7EK
19:47:48,14048.2,EA3FZT,35,6,DL8LAS-3
19:47:48,14048.2,EA3FZT,36,22,ZF9CW
19:47:49,14031.0,K3WW,40,17,DP5G
19:47:49,14033.3,KR2Q,36,7,N2YCH
19:47:49,14035.5,K3ATO,39,8,DL1HWS
19:47:49,14039.3,KM4EL,38,22,KM3T-2
19:47:49,14048.2,EA3FZT,34,10,KM3T-2
19:47:50,14001.7,ON4KLV,18,10,IT9GSF
19:47:50,14014.7,DL0FD,21,24,RU9CZD
19:47:50,14014.7,DL0FD,20,24,IT9GSF
19:47:50,14023.5,F6HKA,32,2,LZ7AA
19:47:50,14033.3,KR2Q,36,11,ND7K
19:47:50,14040.5,NE5A,30,14,ND7K
19:47:50,14048.2,EA3FZT,35,12,WX7V/5
19:47:50,14050.3,WA2VJL,15,14,WX7V/5
19:47:51,14029.1,N3JT,30,11,N9CO
19:47:51,14029.2,K5SJC,32,7,K6FOD
19:47:51,14036.2,W5TM,37,16,VE6WZ-3
19:47:51,14048.0,WC1D,23,15,N9CO
19:47:51,14048.2,EA3FZT,34,13,N9CO
19:47:52,14031.0,K3WW,39,18,G4ZFE
19:47:52,14033.3,KR2Q,37,7,NU4F
19:47:53,14033.3,KR2Q,32,23,SE5E
19:47:53,14048.2,EA3FZT,34,15,ES2RR
19:47:53,14048.2,EA3FZT,34,19,TI7W
19:47:54,14039.3,K7RL,38,24,W2NNN
19:47:54,14043.8,K0PC,32,28,W2NNN
19:47:55,14033.3,KR2Q,35,7,KD2M
19:47:55,14036.0,N6CHU,28,3,W2NAF
19:47:55,14037.7,W6SX,37,18,W3RGA
19:47:55,14042.0,WB7BWZ,30,7,W1NT-2
19:47:55,14043.8,K0PC,31,16,W8WTS
19:47:56,14039.3,K7RL,40,26,W1NT-6
19:47:56,14044.4,KC4WQ,31,5,W1NT-6
19:47:56,14048.2,EA3FZT,35,12,KM3T-3
19:47:56,14048.3,EA3FZT,35,12,BG7IEJ
19:47:57,14026.4,W1WEF,35,7,VE4DRK
19:47:57,14037.6,W6SX,37,22,NG7M
19:47:57,14037.6,W6SX,37,29,K5TR
19:47:57,14037.6,W6SX,37,51,KD7EFG
19:47:57,14041.6,AE1T,35,28,K4PP
19:47:57,14048.2,EA3FZT,36,7,LZ4UX
19:47:58,14029.6,KH7X,38,21,K7EK
19:47:58,14033.3,KR2Q,36,6,IK7YTT
19:47:58,14041.6,AE1T,32,16,VE6WZ
19:47:58,14041.6,AE1T,36,41,K9IMM
19:47:58,14041.6,AE1T,32,33,ZF9CW
19:47:58,14056.0,N1BS,24,17,VE6WZ
19:47:59,14041.6,AE1T,37,29,S53A
19:47:59,14044.4,KC4WQ,31,11,S53A
19:48:00,14014.7,DL0FD,21,19,R4NCU
19:48:00,14022.0,EA2CAR,20,4,VU2TUM
19:48:00,14041.6,AE1T,36,23,AC0C-1
19:48:01,14031.0,K3WW,39,27,IT9GSF
19:48:01,14033.3,KR2Q,31,6,DK0TE
19:48:01,14041.6,AE1T,32,16,VE6WZ-3
19:48:01,14056.0,N1BS,24,17,VE6WZ-3
19:48:02,14034.5,KX2P,28,14,N9CO
19:48:02,14034.5,KX2P,28,22,K3PA-1
19:48:02,14034.5,KX2P,28,25,K1RA-4
19:48:02,14039.3,K7RL,38,27,N7VVX
19:48:02,14039.3,K7RL,39,31,K1RA-4
19:48:02,14043.8,K0PC,32,30,K1RA-4
19:48:03,14034.5,KX2P,28,16,K9LC
19:48:03,14034.6,KX2P,27,8,W6YX
19:48:03,14041.6,AE1T,34,22,K9LC
19:48:03,14043.8,K0PC,31,22,W6YX
19:48:04,14034.5,KX2P,27,18,W8WWV
19:48:04,14043.8,K0PC,32,17,TI7W
19:48:04,14043.8,K0PC,32,21,KM3T-5
19:48:05,14029.2,K5SJC,21,11,WC2L
19:48:05,14033.3,KR2Q,36,10,K7CO
19:48:05,14034.5,KX2P,27,22,W3RGA
19:48:05,14034.6,KX2P,28,11,W2NNN
19:48:05,14035.1,VE3JM,37,9,DR4W
19:48:05,14048.2,EA3FZT,36,8,W3RGA
19:48:06,14033.3,KR2Q,37,8,W2MV
19:48:06,14034.5,KX2P,27,4,WE9V
19:48:06,14034.6,KX2P,27,12,W1NT-2
19:48:06,14041.6,AE1T,30,38,WE9V
19:48:07,14034.5,KX2P,28,22,K5TR
19:48:07,14039.3,K7RL,39,22,KC4YVA
19:48:07,14040.3,NE5A,30,12,VE4DRK
19:48:08,14014.7,DL0FD,21,16,BD8CS
19:48:08,14029.1,K5SJC,32,21,VE6WZ
19:48:08,14032.7,N4BP,31,11,DM6EE
19:48:08,14033.3,KR2Q,37,7,K9IMM
19:48:08,14034.5,KX2P,28,12,K9IMM
19:48:08,14034.6,KX2P,28,6,K4PP
19:48:08,14039.3,K7RL,39,7,VE7CC
19:48:08,14039.3,K7RL,39,7,VE7CC
19:48:08,14040.5,NE5A,31,31,AA4PA
19:48:09,14031.1,N4HAI,31,17,S53A
19:48:09,14031.1,N4HAI,31,26,ZF9CW
19:48:09,14034.6,KX2P,28,14,ZF9CW
19:48:09,14034.6,KX2P,28,20,N2YCH
19:48:09,14036.0,N6CHU,27,3,N2YCH
19:48:09,14039.3,K7RL,37,20,N2YCH
19:48:09,14040.6,NE5A,32,15,N2YCH
19:48:10,14031.1,N4HAI,31,18,KM3T-2
19:48:10,14034.5,KX2P,28,10,ND7K
19:48:10,14038.8,N8UM,37,5,PI4CC
19:48:10,14040.5,NE5A,29,11,KM3T-2
19:48:11,14029.2,K5SJC,33,34,AC0C-1
19:48:11,14031.1,N4HAI,32,29,AC0C-1
19:48:11,14031.1,N4HAI,31,18,WA7LNW
19:48:11,14034.5,KX2P,27,17,AC0C-1
19:48:11,14034.6,KX2P,28,10,WX7V/5
19:48:11,14034.6,KX2P,28,15,WA7LNW
19:48:11,14043.5,W4XO,29,33,AC0C-1
19:48:11,14045.5,N6TTV,26,25,AC0C-1
19:48:11,14064.0,W7BTR,20,3,AC0C-1
19:48:12,14029.1,K5SJC,32,21,VE6WZ-3
19:48:12,14031.1,N4HAI,31,17,K3PA-1
19:48:12,14034.5,KX2P,28,18,WB6BEE
19:48:12,14037.1,K0AN,32,40,K3PA-1
19:48:12,14040.5,NE5A,31,33,K3PA-1
19:48:13,14031.1,N4HAI,31,11,VE6AO
19:48:13,14035.5,K3ATO,40,5,EI4HQ
19:48:13,14036.8,K0VBU,37,9,EI4HQ
19:48:13,14041.6,AE1T,37,12,EI4HQ
19:48:14,14031.1,N4HAI,31,17,KM3T-5
19:48:14,14031.1,N4HAI,31,22,TI7W
19:48:14,14040.5,NE5A,31,16,K9LC
19:48:14,14040.5,NE5A,30,17,KM3T-5
19:48:14,14045.5,N6TTV,24,6,W6YX
19:48:14,14048.2,EA3FZT,35,31,SE5E
19:48:15,14023.5,F6HKA,32,9,SZ1A
19:48:15,14031.6,K4XU,35,12,W2NNN
19:48:16,14031.1,N4HAI,30,19,W1NT-2
19:48:16,14031.1,N4HAI,31,17,KM3T-3
19:48:16,14033.0,WJ9B,34,11,W3RGA
19:48:16,14034.6,KX2P,27,16,WC2L
19:48:16,14034.6,KX2P,28,4,K7CO
19:48:16,14039.3,K7RL,39,25,W3RGA
19:48:16,14040.5,NE5A,30,11,W3RGA
19:48:16,14040.5,NE5A,32,27,WE9V
19:48:16,14045.5,N6TTV,26,19,K7CO
19:48:16,14046.3,WU6P,36,4,KD2M
19:48:16,14067.0,KE8NJW,22,1,KM3T-3
19:48:17,14023.6,F6HKA,32,5,DL8LAS
19:48:17,14031.1,N4HAI,31,12,W1NT-6
19:48:17,14031.2,N4HAI,31,8,K5EM
19:48:17,14034.4,KX2P,28,3,VE4DRK
19:48:17,14034.6,KX2P,28,2,K5EM
19:48:17,14045.6,N6TTV,26,7,K5EM
19:48:18,14023.6,F6HKA,32,5,DL8LAS-3
19:48:18,14029.0,WA3AAN,31,7,DM6EE
19:48:18,14031.1,N4HAI,31,28,KD7EFG
19:48:18,14031.1,N4HAI,31,15,K5TR
19:48:18,14031.6,K4XU,35,20,KC4YVA
19:48:18,14034.6,KX2P,27,8,KC4YVA
19:48:18,14036.2,W5TM,39,11,KD7EFG
19:48:18,14045.5,N6TTV,25,11,K5TR
19:48:19,14034.6,KX2P,28,5,K7EK
19:48:19,14039.8,K0RX,32,11,K7EK
19:48:19,14039.8,K0RX,33,13,S53A
19:48:19,14039.8,K0RX,33,24,ZF9CW
19:48:19,14043.8,K0PC,31,18,AA4PA
19:48:19,14064.0,W7BTR,20,4,K9IMM
19:48:20,14031.0,K3WW,40,18,DL8LAS-1
19:48:20,14035.9,N6CHU,28,27,N6TV
19:48:21,14023.5,F6HKA,31,15,RU9CZD
19:48:21,14029.0,WA3AAT,29,10,PI4CC
19:48:21,14031.1,N4HAI,31,14,ND7K
19:48:21,14043.8,K0PC,31,21,WX7V/5
19:48:21,14045.5,N6TTV,26,9,WX7V/5
19:48:21,14056.0,N1BS,24,13,WX7V/5
19:48:22,14031.1,N4HAI,31,10,NU4F
19:48:22,14031.6,K4XU,35,30,WB6BEE
19:48:22,14032.1,K0TG,34,36,WA7LNW
19:48:22,14035.9,N6CHU,27,25,K6FOD
19:48:22,14035.9,N6CHU,28,26,N7VVX
19:48:22,14043.2,K5UV,37,10,WB6BEE
19:48:22,14045.5,N6TTV,25,14,K6FOD
19:48:22,14045.5,N6TTV,26,22,WA7LNW
19:48:24,14031.1,N4HAI,31,11,W6YX
19:48:24,14064.0,W7BTR,20,2,VE6AO
19:48:25,14045.5,N6TTV,25,6,W8WWV
19:48:25,14048.2,EA3FZT,36,8,SM1HEV
19:48:26,14011.0,9M8HAZ,38,13,JA1CCA
19:48:26,14043.8,K0PC,32,18,WC2L
19:48:26,14043.8,K0PC,31,12,W2NAF
19:48:27,14011.0,9M8HAZ,38,15,DL8LAS
19:48:27,14031.0,K3WW,40,18,DL8LAS
19:48:27,14034.6,KX2P,28,5,W1NT-6
19:48:27,14035.9,N6CHU,28,17,W1NT-6
19:48:27,14039.8,K0RX,33,16,W1NT-6
19:48:28,14011.0,9M8HAZ,38,15,DL8LAS-3
19:48:28,14028.0,K9UIY,31,21,KC4YVA
19:48:28,14028.0,K9UIY,31,16,K5TR
19:48:28,14031.0,N4HAI,32,5,VE4DRK
19:48:28,14043.8,K0PC,31,14,K5TR
19:48:28,14043.8,K0PC,31,11,K4PP
19:48:28,14045.5,N6TTV,25,28,KD7EFG
19:48:29,14023.5,F6HKA,32,6,AA4PA
19:48:29,14048.0,WC1D,23,5,AA4PA
19:48:30,14031.1,N4HAI,32,4,WT8P
19:48:30,14031.2,N4HAI,32,5,IK4VET
19:48:30,14035.2,VE3JM,37,12,IK4VET
19:48:31,14029.6,KH7X,38,34,AC0C-1
19:48:31,14039.7,K0RX,33,10,IT9GSF
19:48:31,14045.5,N6TTV,24,5,ND7K
19:48:32,14031.6,K4XU,34,21,K6FOD
19:48:32,14031.6,K4XU,31,19,VE6WZ-3
19:48:32,14032.7,AN4BP,30,4,G4ZFE
19:48:33,14031.6,K4XU,35,29,N9CO
19:48:33,14031.6,K4XU,34,27,K1RA-4
19:48:34,14031.6,K4XU,34,24,VE6AO
19:48:34,14031.6,K4XU,32,21,K9LC
19:48:34,14033.3,KR2Q,36,18,G0KTN
19:48:35,14014.0,4Z5PF,28,10,YO5LD
19:48:35,14014.0,4Z5PF,28,20,HA8TKS
19:48:35,14031.6,K4XU,35,23,KM3T-5
19:48:35,14031.6,K4XU,35,13,W6YX
19:48:35,14031.6,K4XU,34,13,TI7W
19:48:35,14034.5,KX2P,28,6,KM3T-5
19:48:36,14014.0,4Z5PF,28,11,RK3TD-2
19:48:36,14014.1,4Z5PF,27,13,HG8A
19:48:36,14028.0,K9UIY,31,11,W3RGA
19:48:36,14028.0,K9UIY,32,20,W1NT-2
19:48:36,14031.6,K4XU,33,16,W3RGA
19:48:36,14031.6,K4XU,34,16,N2EPE
19:48:36,14031.6,K4XU,34,24,W1NT-2
19:48:36,14034.5,KX2P,27,9,N2EPE
19:48:36,14038.8,N8UM,38,12,DR4W
19:48:36,14039.7,K0RX,32,20,WC2L
19:48:36,14043.8,K0PC,32,24,W3RGA
19:48:37,14014.0,4Z5P,27,5,DK0KK
19:48:37,14014.1,4Z5PF,27,14,BG7IEJ
19:48:37,14022.0,EA2CAR,22,8,KM3T-3
19:48:37,14031.0,K3WW,39,32,PE5TT
19:48:37,14031.6,K4XU,35,30,WE9V
19:48:37,14031.6,K4XU,34,22,KM3T-3
19:48:37,14034.5,KX2P,28,5,KM3T-3
19:48:38,14014.0,4Z5PF,28,15,BD8CS
19:48:38,14031.6,K4XU,32,17,W1NT-6
19:48:38,14031.6,K4XU,35,27,NG7M
19:48:38,14042.6,W7JET,37,19,W1NT-6
19:48:38,14051.0,F4HWS,26,8,LZ4UX
19:48:39,14014.0,4Z5PF,27,25,LZ5DI
19:48:39,14014.0,4Z5PF,28,26,IK7YTT
19:48:39,14014.0,4Z5PF,27,17,LZ4AE
19:48:39,14014.0,4Z5PF,27,17,LZ4AE
19:48:39,14014.0,4Z5PF,27,6,DL1HWS
19:48:39,14014.0,4Z5PF,27,15,S53A
19:48:39,14014.1,4Z5PF,28,14,DL8LAS-3
19:48:39,14028.0,K9UIY,31,16,VE6WZ
19:48:39,14028.0,K9UIY,32,17,AA4PA
19:48:39,14029.2,K5SJC,33,31,KD7EFG
19:48:39,14031.6,K4XU,31,19,VE6WZ
19:48:39,14031.6,K4XU,32,20,VE6WZ
19:48:39,14042.6,W7JET,36,7,VE6WZ
19:48:40,14014.0,4Z5PF,27,19,ES5PC
19:48:40,14014.0,4Z5PF,27,22,OH6BG
19:48:40,14014.0,4Z5PF,27,7,YO2KAR
19:48:40,14014.0,4Z5PF,27,18,S53WW
19:48:40,14014.1,4Z5PF,27,17,IK4VET
19:48:40,14022.0,EA2CAR,22,7,KM3T-2
19:48:40,14031.6,K4XU,34,21,KM3T-2
19:48:40,14032.8,N4BP,31,11,IK4VET
19:48:40,14034.4,DL6KVA,35,13,ZF9CW
19:48:40,14042.6,W7JET,39,25,ZF9CW
19:48:40,14048.2,EA3FZT,37,21,ZL4YL
19:48:40,14051.0,F4HWS,27,15,ZL4YL
19:48:41,14014.0,4Z5PF,28,14,EA5WU
19:48:41,14014.0,4Z5PF,27,12,LZ7AA
19:48:41,14014.0,4Z5PF,28,13,IZ2CPS
19:48:41,14034.3,DL6KVA,33,39,R4NCU
19:48:42,14009.0,YO9IGS,23,12,IT9GSF
19:48:42,14009.0,YO9IGS,23,15,RU9CZD
19:48:42,14014.0,4Z5PF,28,17,IT9GSF
19:48:42,14014.0,4Z5PF,28,14,PA5KT-4
19:48:42,14029.2,K5SJC,33,34,WA7LNW
19:48:42,14031.6,K4XU,35,34,ND7K
19:48:42,14031.6,K4XU,35,31,AC0C-1
19:48:42,14031.6,K4XU,34,27,WA7LNW
19:48:42,14035.9,N6CHU,29,29,ND7K
19:48:42,14041.6,AE1T,35,25,ND7K
19:48:42,14041.6,AE1T,36,33,WX7V/5
19:48:42,14042.5,W7JET,39,21,N4HAC
19:48:43,14014.0,4Z5PF,27,13,EA4RKC
19:48:43,14014.0,4Z5PF,27,7,UY2RA
19:48:43,14014.0,4Z5PF,27,12,OK1HRA
19:48:43,14028.0,K9UIY,31,26,WB6BEE
19:48:43,14028.0,K9UIY,31,16,VE6WZ-3
19:48:43,14028.0,K9UIY,31,21,K1RA-4
19:48:43,14029.2,K5SJC,32,25,K3PA-1
19:48:43,14031.1,N4HAI,31,9,VE6WZ-3
19:48:43,14031.6,K4XU,35,34,N7VVX
19:48:43,14034.3,DL6KVA,35,36,EA4RKC
19:48:43,14034.3,DL6KVA,33,15,WB6BEE
19:48:43,14034.3,DL6KVA,35,17,K1RA-4
19:48:43,14041.6,AE1T,37,12,NU4F
19:48:43,14041.6,AE1T,36,21,K3PA-1
19:48:45,14014.0,4Z5PF,27,5,G4KCM
19:48:45,14034.3,DL6KVA,33,16,KM3T-5
19:48:45,14035.9,N6CHU,28,16,AK6RI-1
19:48:45,14035.9,N6CHU,29,34,W6YX
19:48:45,14042.5,W7JET,37,19,KM3T-5
19:48:46,14042.6,W7JET,38,10,W8WTS
19:48:46,14044.6,WT9U,39,17,TI7W
19:48:47,14014.1,4Z5PF,28,14,DL8LAS
19:48:47,14029.1,K5SJC,33,21,WE9V
19:48:47,14031.2,N4HA,32,11,K7CO
19:48:47,14032.7,N4BP,31,9,WS3W
19:48:47,14034.3,DL6KVA,33,23,W1NT-2
19:48:47,14034.3,DL6KVA,33,11,DL8LAS
19:48:47,14034.3,DL6KVA,33,16,KM3T-3
19:48:47,14035.9,N6CHU,29,23,WE9V
19:48:47,14036.0,N6CHU,30,40,K7CO
19:48:47,14041.6,AE1T,34,25,K7CO
19:48:48,14029.2,K5SJC,32,11,K5EM
19:48:48,14031.0,K3WW,39,12,NG7M
19:48:48,14034.3,DL6KVA,34,12,BD4UNT
19:48:48,14034.3,DL6KVA,35,11,HS0ZGZ
19:48:48,14034.3,DL6KVA,32,28,W1NT-6
19:48:48,14034.4,DL6KVA,34,10,KC4YVA
19:48:48,14035.5,K3ATO,35,11,NG7M
19:48:48,14035.9,N6CHU,29,26,NG7M
19:48:48,14040.5,NE5A,30,15,W1NT-6
19:48:48,14042.6,W7JET,39,19,K5EM
19:48:49,14014.1,4Z5PF,27,13,LZ5DI
19:48:49,14031.1,N4HAI,31,4,OE9GHV
19:48:49,14031.1,N4HAI,31,9,VE6WZ
19:48:49,14035.9,N6CHU,29,24,K5TR
19:48:49,14040.5,NE5A,34,15,K4PP
19:48:50,14014.0,4Z5PF,28,13,JN1ILK
19:48:50,14034.3,DL6KVA,33,11,DL8LAS-1
19:48:50,14035.9,N6CHU,28,17,K9IMM
19:48:50,14057.0,W1WC,20,2,K9IMM
19:48:51,14013.9,DL0FD,21,20,ZL4YL
19:48:51,14034.3,DL6KVA,33,15,KM3T-2
19:48:51,14034.3,DL6KVA,33,11,VU2TUM
19:48:51,14042.6,W7JET,38,11,N6TV
19:48:51,14043.2,K5UV,37,14,N6TV
19:48:52,14010.0,KI6DS/B,22,4,IT9GSF
19:48:52,14013.8,DL0FD,20,22,IT9GSF
19:48:52,14031.1,N4HAI,31,10,IT9GSF
19:48:52,14034.3,DL6KVA,31,43,RU9CZD
19:48:52,14047.2,K6NR,26,22,WX7V/5
19:48:53,14031.1,N4HAI,32,4,K6FOD
19:48:53,14034.3,DL6KVA,34,15,N4HAC
19:48:53,14034.3,DL6KVA,34,9,OK1HRA
19:48:53,14036.0,N6CHU,28,27,WA7LNW
19:48:54,14009.0,YO9IGS,23,14,EI4HQ
19:48:54,14011.0,9M8HAZ,38,12,EI4HQ
19:48:54,14011.0,9M8HAZ,39,9,OK1FCJ
19:48:55,14013.8,DL0FD,21,9,DK9IP-1
19:48:56,14011.0,9M8HAZ,38,14,DR4W
19:48:56,14013.9,DL0FD,21,24,RK3TD-2
19:48:56,14034.3,DL6KVA,34,9,W2MV
19:48:56,14034.4,DL6KVA,35,15,TI7W
19:48:57,14009.0,YO9IGS,23,8,MM9PSY
19:48:57,14030.1,IU3UJX,27,6,BG7IEJ
19:48:57,14034.4,DL6KVA,34,8,W2NNN
19:48:57,14040.5,NE5A,30,13,N2EPE
19:48:59,14009.0,YO9IGS,23,22,IK7YTT
19:48:59,14013.8,DL0FD,21,16,BD8CS
19:48:59,14031.1,N4HAI,31,3,NG7M
19:48:59,14047.2,K6NR,25,16,W1NT-6
19:48:59,14047.2,K6NR,26,42,KD7EFG
19:49:00,14011.0,9M8HAZ,39,9,JN1ILK
19:49:00,14047.2,K6NR,25,9,VE6WZ
19:49:01,14031.0,K3WW,39,21,PI4CC
19:49:01,14034.3,DL6KVA,33,16,BI4MPH
19:49:01,14047.2,K6NR,25,21,ZF9CW
19:49:02,14028.0,K9UIY,31,17,ND7K
19:49:03,14033.0,WJ9B,35,22,WB6BEE
19:49:03,14035.4,K3ATO,37,13,OK1HRA
19:49:03,14040.5,NE5A,29,51,AC0C-1
19:49:03,14047.2,K6NR,26,18,N4HAC
19:49:03,14047.2,K6NR,25,21,N7VVX
19:49:03,14047.2,K6NR,25,8,K6FOD
19:49:03,14049.9,KN8N,23,6,WX7V/5
19:49:04,14011.0,9M8HAZ,39,10,ES2RR
19:49:04,14033.3,KR2Q,33,30,K3PA-1
19:49:04,14034.3,DL6KVA,33,9,ES2RR
19:49:04,14047.2,K6NR,26,36,K3PA-1
19:49:06,14031.5,K4XU,35,36,W8WWV
19:49:06,14032.7,N4BP,31,8,DR4W
19:49:07,14036.2,W5TM,38,10,WC2L
19:49:07,14039.7,K0RX,33,17,W3RGA
19:49:08,14013.9,DL0FD,21,13,BG7IEJ
19:49:08,14026.6,W1WEF,38,12,DL8LAS
19:49:08,14047.2,K6NR,25,35,K7CO
19:49:09,14026.6,W1WEF,38,12,DL8LAS-3
19:49:09,14034.4,DL6KVA,33,9,DL8LAS-3
19:49:09,14043.2,K5UV,37,8,W1NT-6
19:49:09,14044.6,WT9U,38,9,W1NT-6
19:49:09,14044.6,WT9U,38,21,NG7M
19:49:09,14047.2,K6NR,25,22,NG7M
19:49:10,14022.0,EA2CAR,20,20,BD8CS
19:49:10,14022.0,EA2CAR,20,23,ES5PC
19:49:10,14034.3,DL6KVA,32,29,BD8CS
19:49:10,14048.2,EA3FZT,36,17,BD8CS
19:49:11,14024.0,VE2FK,34,5,WT8P
19:49:11,14041.6,AE1T,35,36,KD7EFG
19:49:11,14048.2,EA3FZT,37,25,AA4PA
19:49:12,14013.8,DL0FD,20,20,R4NCU
19:49:12,14022.0,EA2CAR,20,28,IT9GSF
19:49:12,14031.6,K4XU,36,14,ZL4YL
19:49:12,14032.7,N4BP,31,5,PA5KT-4
19:49:13,14023.5,F6HKA,32,12,EA4RKC
19:49:13,14034.3,DL6KVA,34,6,S50U
19:49:14,14022.0,EA2CAR,20,22,ES2RR
19:49:14,14022.2,EA2CAR,20,17,DL5RCN
19:49:14,14030.0,IU3UJX,26,18,RK3TD
19:49:14,14035.2,MM2T,16,21,WB6BEE
19:49:14,14035.2,VE3JM,38,8,NU4F
19:49:14,14037.6,W6SX,37,18,K1RA-4
19:49:14,14039.7,K0RX,33,16,VE6WZ-3
19:49:15,14022.0,EA2CAR,20,37,EA2RCF-4
19:49:15,14022.0,EA2CAR,21,31,SE5E
19:49:15,14032.7,N4BP,31,10,DK9IP-1
19:49:16,14022.0,EA2CAR,20,8,SM1HEV
19:49:16,14030.0,IU3UJX,26,16,RK3TD-2
19:49:16,14037.6,W6SX,37,20,W8WWV
19:49:17,14028.0,K9UIY,31,15,W2NNN
19:49:17,14032.8,N4BP,30,8,W2NAF
19:49:17,14035.2,VE3JM,37,9,MM9PSY
19:49:17,14036.2,W5TM,39,7,N2EPE
19:49:17,14037.6,W6SX,37,9,N2EPE
19:49:19,14028.0,K9UIY,31,11,W1NT-6
19:49:19,14037.7,W6SX,36,13,K5EM
19:49:20,14023.9,VE2FK,33,10,VE6WZ
19:49:20,14034.3,DL6KVA,33,9,BD7JNA
19:49:20,14035.2,VE3JM,35,16,K4PP
19:49:20,14037.7,W6SX,37,8,VE6WZ
19:49:20,14039.7,K0RX,33,16,VE6WZ
19:49:21,14042.0,WB7BWZ,30,3,K9IMM
19:49:22,14019.0,TM00TFR,20,8,R4NCU
19:49:22,14028.0,K9UIY,31,11,KM3T-2
19:49:22,14035.2,VE3JM,36,13,5Z4GO
19:49:23,14022.0,EA2CAR,21,3,N4HAC
19:49:23,14029.6,KH7X,39,21,ND7K
19:49:23,14037.6,W6SX,37,11,ZL4YL
19:49:23,14037.6,W6SX,37,34,ND7K
19:49:23,14037.6,W6SX,38,16,AC0C-1
19:49:23,14037.7,W6SX,37,30,WX7V/5
19:49:23,14049.0,ND9M,28,28,WX7V/5
19:49:24,14023.9,VE2FK,33,10,VE6WZ-3
19:49:24,14028.0,K9UIY,32,23,WA7LNW
19:49:24,14030.9,K3WW,40,17,OK1HRA
19:49:24,14032.7,N4BP,30,12,OK1HRA
19:49:24,14034.4,DL6KVA,35,8,LU8XW
19:49:24,14035.2,VE3JM,37,29,K3PA-1
19:49:24,14037.6,W6SX,38,21,N7VVX
19:49:24,14037.6,W6SX,38,20,N9CO
19:49:24,14037.7,W6SX,37,28,K3PA-1
19:49:24,14039.8,K0RX,33,13,WA7LNW
19:49:24,14064.6,KC5PRK,23,9,NU4F
19:49:26,14042.5,W7JET,36,8,VE6AO
19:49:27,14005.0,ON5TTT,28,9,TI7W
19:49:27,14021.9,EA2CAR,20,7,W8WWV
19:49:27,14031.0,K3WW,37,27,DR4W
19:49:27,14035.9,N6CHU,28,30,W8WWV
19:49:27,14038.5,W7KFI/5,18,23,W8WWV
19:49:27,14038.6,W7KFI/5,19,17,KD2M
19:49:27,14038.6,W7KFI/5,18,15,W3RGA
19:49:27,14039.3,K7RL,40,14,TI7W
19:49:28,14009.0,YO9IGS,23,11,RN4WA
19:49:28,14013.9,DL0FD,21,11,RN4WA
19:49:28,14014.7,DL0FD,21,8,RN4WA
19:49:28,14022.0,EA2CAR,20,7,W2NNN
19:49:28,14030.0,IU3UJX,26,3,RN4WA
19:49:28,14034.4,DL6KVA,33,28,RN4WA
19:49:28,14038.6,W7KFI/5,19,8,W2NNN
19:49:28,14039.8,K0RX,34,4,W2NAF
19:49:29,14028.0,K9UIY,31,9,K5EM
19:49:29,14030.8,K3WW,40,14,VE4DRK
19:49:29,14038.6,W7KFI/5,18,14,WE9V
19:49:30,14031.0,K3WW,40,5,F4GOU
19:49:30,14037.6,WW9R,36,6,K4PP
19:49:30,14038.6,W7KFI/5,18,18,KC4YVA
19:49:30,14038.6,W7KFI/5,18,14,K5TR
19:49:30,14040.5,NE5A,31,10,S53A
19:49:30,14047.2,K6NR,26,13,K5TR
19:49:30,14049.0,ND9M,28,7,S53A
19:49:31,14028.0,K9UIY,32,12,KD7EFG
19:49:31,14029.6,KH7X,36,4,WT8P
19:49:31,14038.6,W7KFI/5,18,9,N2YCH
19:49:31,14038.6,W7KFI/5,18,25,AA4PA
19:49:31,14039.3,K7RL,39,18,AA4PA
19:49:31,14047.2,K6NR,25,15,N2YCH
19:49:32,14017.7,OE6JTD,21,9,ZF9CW
19:49:32,14038.6,W7KFI/5,18,26,ZF9CW
19:49:32,14038.6,W7KFI/5,19,16,K9IMM
19:49:32,14039.3,K7RL,39,25,K9IMM
19:49:33,14009.0,YO9IGS,23,18,R4NCU
19:49:33,14017.7,OE6JTD,22,30,IT9GSF
19:49:34,14037.6,W6SX,37,17,WB6BEE
19:49:34,14038.6,W7KFI/5,18,20,AC0C-1
19:49:34,14038.6,W7KFI/5,18,14,N4HAC
19:49:34,14038.6,W7KFI/5,18,19,WB6BEE
19:49:34,14038.6,W7KFI/5,18,17,N9CO
19:49:34,14038.6,W7KFI/5,18,15,NU4F
19:49:34,14039.2,K7RL,36,26,WB6BEE
19:49:34,14040.5,NE5A,31,23,WB6BEE
19:49:34,14050.3,WA2VJL,15,4,AC0C-1
19:49:34,14058.0,WV0H,22,11,AC0C-1
19:49:34,14058.0,WV0H,23,28,WA7LNW
19:49:35,14035.1,VE3JM,38,15,VE6WZ-3
19:49:35,14038.6,W7KFI/5,18,23,K3PA-1
19:49:35,14038.6,W7KFI/5,18,25,K1RA-4
19:49:35,14047.2,K6NR,25,24,K1RA-4
19:49:35,14058.0,WV0H,23,13,K3PA-1
19:49:36,14035.1,VE3JM,38,32,K9LC
19:49:36,14035.2,VE3JM,37,15,W6YX
19:49:36,14038.5,W7KFI/5,18,11,K9LC
19:49:36,14047.2,K6NR,25,12,VE6AO
19:49:36,14047.2,K6NR,25,19,K9LC
19:49:36,14058.0,WV0H,23,8,W6YX
19:49:37,14017.7,OE6JTD,21,25,RK3TD-2
19:49:37,14047.1,K6NR,26,19,W8WWV
19:49:38,14041.2,N5RZ,40,9,W2NAF
19:49:38,14047.2,K6NR,25,25,W1NT-2
19:49:38,14047.2,K6NR,26,10,N2EPE
19:49:39,14057.9,WV0H,23,1,VE4DRK
19:49:40,14005.0,CN2DX,28,31,DL1HWS
19:49:40,14017.7,OE6JTD,21,10,F4GOU
19:49:40,14058.0,WV0H,23,7,K5EM
19:49:41,14005.0,CN2DX,28,20,YO2KAR
19:49:41,14005.0,CN2DX,28,36,S53WW
19:49:41,14005.1,CN2DX,28,17,SQ5J
19:49:41,14031.9,K5OHY,31,15,N2YCH
19:49:41,14035.1,VE3JM,38,15,VE6WZ
19:49:42,14005.0,CN2DX,28,22,DC8YZ
19:49:42,14049.9,KN8N,23,13,AA4PA
19:49:43,14004.9,CN2DX,28,19,YO2CK
19:49:43,14005.0,CN2DX,28,33,DL1HWS-3
19:49:43,14005.0,CN2DX,28,21,DM5GG
19:49:43,14005.0,CN2DX,28,24,R4NCU
19:49:43,14048.2,EA3FZT,35,28,IT9GSF
19:49:44,14035.2,VE3JM,34,26,AC0C-1
19:49:44,14035.9,N6CHU,28,32,AC0C-1
19:49:44,14064.0,W7BTR,20,1,N7VVX
19:49:44,14064.0,W7BTR,20,1,N7VVX
19:49:45,14005.0,CN2DX,28,33,OK1FCJ
19:49:45,14005.0,CN2DX,28,18,EA2RCF-4
19:49:45,14065.0,WA7PGE,16,20,WA7LNW
19:49:46,14005.0,CN2DX,28,21,HA8TKS
19:49:46,14005.0,CN2DX,28,23,YO5LD
19:49:46,14026.6,W1WEF,37,13,AK6RI-1
19:49:46,14038.5,W7KFI/5,18,5,VE6WZ-3
19:49:47,14005.0,CN2DX,28,22,SM7IUN
19:49:47,14005.0,CN2DX,28,23,DL1HWS-4
19:49:47,14005.1,CN2DX,28,24,HG8A
19:49:47,14026.6,W1WEF,38,20,K9LC
19:49:47,14040.5,NE5A,30,3,VE6AO
19:49:47,14049.0,ND9M,28,19,KD2M
19:49:48,14005.0,CN2DX,27,41,PE5TT
19:49:48,14005.0,CN2DX,28,30,M1GEO
19:49:48,14005.0,CN2DX,28,24,DL8LAS
19:49:48,14039.3,K7RL,38,8,W2NAF
19:49:49,14035.9,N6CHU,28,9,N2EPE
19:49:50,14046.3,WU6P,37,12,W1NT-6
19:49:51,14038.5,W7KFI/5,18,5,VE6WZ
19:49:51,14038.6,W7KFI/5,18,17,K4PP
19:49:52,14032.1,K0TG,35,17,WT8P
19:49:52,14044.6,WT9U,39,10,WT8P
19:49:54,14017.7,OE6JTD,21,20,ZL4YL
19:49:54,14035.9,N6CHU,28,24,WB6BEE
19:49:54,14038.6,W7KFI/5,18,13,ND7K
19:49:54,14046.3,WU6P,36,36,WX7V/5
19:49:54,14068.6,DL8NBM,23,5,IT9GSF
19:49:55,14017.7,OE6JTD,21,31,RK3TD
19:49:55,14026.6,W1WEF,38,21,AC0C-1
19:49:55,14029.1,K5SJC,33,17,N9CO
19:49:55,14045.5,N6TTV,25,15,K3PA-1
19:49:55,14046.3,WU6P,36,7,KH6LC
19:49:55,14046.3,WU6P,35,22,K1RA-4
19:49:57,14026.0,WS7L,30,35,VE6AO
19:49:57,14029.2,K5SJC,33,20,W6YX
19:49:57,14046.3,WU6P,36,25,K9LC
19:49:58,14017.7,OE6JTD,21,9,TI7W
19:49:58,14017.7,OE6JTD,21,9,W3RGA
19:49:58,14025.9,WS7L,32,23,W3RGA
19:49:58,14026.0,WS7L,32,31,W1NT-2
19:49:58,14026.0,WS7L,30,22,WC2L
19:49:58,14026.0,WS7L,31,24,W2NNN
19:49:58,14029.1,K5SJC,33,10,W3RGA
19:49:58,14037.7,W6SX,35,10,TI7W
19:49:58,14037.7,W6SX,37,13,W2NNN
19:49:58,14046.3,WU6P,35,13,W1NT-2
19:49:58,14046.3,WU6P,36,18,W3RGA
19:49:59,14029.2,K5SJC,32,12,N2EPE
19:49:59,14037.7,W6SX,38,38,K7CO
19:50:00,14017.7,OE6JTD,21,5,KM3T-3
19:50:00,14046.3,WU6P,35,14,K5EM
19:50:00,14048.2,EA3FZT,34,11,IK7YTT
19:50:01,14025.9,WS7L,31,28,NG7M
19:50:01,14026.0,WS7L,31,19,KC4YVA
19:50:01,14029.1,K5SJC,33,21,NG7M
19:50:01,14045.5,N6TTV,26,4,NG7M
19:50:01,14046.3,WU6P,36,28,NG7M
19:50:01,14046.3,WU6P,35,32,K5TR
19:50:02,14026.0,WS7L,31,29,VE6WZ
19:50:03,14031.0,K3WW,40,34,K9IMM
19:50:04,14025.9,WS7L,34,13,K6FOD
19:50:04,14026.0,WS7L,31,19,N6TV
19:50:04,14035.2,VE3JM,35,34,KD7EFG
19:50:04,14035.2,VE3JM,37,44,WX7V/5
19:50:04,14039.8,K0RX,30,26,WX7V/5
19:50:04,14040.5,NE5A,31,5,K6FOD
19:50:04,14046.3,WU6P,36,48,KD7EFG
19:50:05,14025.9,WS7L,33,39,AC0C-1
19:50:05,14025.9,WS7L,31,29,K1RA-4
19:50:05,14026.0,WS7L,31,26,N7VVX
19:50:05,14029.1,K5SJC,33,21,ND7K
19:50:05,14029.6,KH7X,39,36,WA7LNW
19:50:05,14035.9,N6CHU,27,25,K1RA-4
19:50:05,14039.3,K7RL,40,31,ND7K
19:50:05,14046.3,WU6P,36,13,N4HAC
19:50:05,14046.3,WU6P,37,36,ND7K
19:50:05,14046.3,WU6P,36,14,ZL4YL
19:50:06,14029.6,KH7X,37,7,G0KTN
19:50:06,14035.9,N6CHU,28,31,K3PA-1
19:50:06,14046.3,WU6P,36,23,N9CO
19:50:07,14025.9,WS7L,31,25,KM3T-5
19:50:07,14025.9,WS7L,31,26,K9LC
19:50:07,14039.2,K7RL,35,22,K9LC
19:50:07,14041.1,N5RZ,38,6,W8WTS
19:50:08,14029.2,K5SJC,32,14,W1NT-2
19:50:09,14025.9,WS7L,31,20,N2EPE
19:50:10,14031.0,K3WW,39,33,OE9GHV
19:50:10,14038.0,SV1ME,29,7,OE9GHV
19:50:10,14049.0,ND9M,29,4,KM3T-3
19:50:11,14026.6,W1WEF,38,16,S53A
19:50:11,14031.9,K5OHY,31,12,W1NT-6
19:50:11,14048.6,AB9CA,19,2,IK4VET
19:50:12,14026.6,W1WEF,38,24,VE6WZ
19:50:12,14050.0,N7JMS,22,8,AA4PA
19:50:13,14038.8,N8UM,38,19,5Z4GO
19:50:13,14046.3,WU6P,36,8,KM3T-2
19:50:13,14050.0,N7JMS,22,15,ZF9CW
19:50:13,14050.0,N7JMS,22,3,K9IMM
19:50:15,14026.0,WS7L,35,47,KD7EFG
19:50:15,14026.0,WS7L,35,28,ND7K
19:50:15,14039.3,K7RL,39,33,N4HAC
19:50:15,14042.5,W7JET,40,31,AC0C-1
19:50:16,14026.6,W1WEF,38,24,VE6WZ-3
19:50:16,14048.5,AB9CA,18,23,WA7LNW
19:50:17,14014.0,IZ4VSZ,24,3,ON6ZQ
19:50:17,14026.0,WS7L,35,25,W6YX
19:50:17,14041.6,AE1T,32,11,VE6AO
19:50:18,14011.0,9M8HAM,37,3,MM0ZBH
19:50:18,14026.0,WS7L,35,6,KD2M
19:50:18,14029.6,KH7X,32,19,W8WWV
19:50:18,14039.2,K7RL,41,39,W8WWV
19:50:18,14041.1,N5RZ,37,23,W8WWV
19:50:18,14043.5,W4XO,29,20,K9LC
19:50:19,14005.0,CN2DX,28,9,OZ1AAB
19:50:19,14026.0,WS7L,34,11,W2NAF
19:50:19,14037.7,W6SX,37,20,W1NT-2
19:50:19,14041.2,N5RZ,39,30,TI7W
19:50:20,14026.0,WS7L,35,44,K7CO
19:50:20,14039.2,K7RL,37,33,WE9V
19:50:20,14041.1,N5RZ,37,25,KM3T-3
19:50:20,14046.3,WU6P,38,45,K7CO
19:50:20,14046.3,WU6P,35,11,KM3T-3
19:50:21,14011.0,9M8HAZ,39,10,DL8LAS-1
19:50:21,14026.0,WS7L,35,24,W1NT-6
19:50:21,14026.0,WS7L,35,18,K4PP
19:50:21,14029.2,K5SJC,32,8,W1NT-6
19:50:21,14035.9,N6CHU,28,15,K4PP
19:50:21,14041.1,N5RZ,36,9,K4PP
19:50:21,14041.2,N5RZ,37,16,K5EM
19:50:22,14025.9,WS7L,33,41,K5TR
19:50:22,14040.5,NE5A,31,9,VE6WZ
19:50:22,14041.1,N5RZ,38,16,K5TR
19:50:22,14041.6,AE1T,37,16,NG7M
19:50:22,14050.0,N7JMS,22,18,K5TR
19:50:23,14036.8,K0VBU,37,12,KM3T-2
19:50:23,14039.3,K7RL,41,12,WT8P
19:50:24,14026.0,WS7L,33,36,K9IMM
19:50:24,14032.7,N4BP,30,6,AA0O
19:50:24,14041.6,AE1T,36,18,N6TV
19:50:24,14046.3,WU6P,35,32,K9IMM
19:50:25,14026.0,WS7L,37,27,N4HAC
19:50:25,14032.7,N4BP,31,9,K6FOD
19:50:25,14032.7,N4BP,31,5,DF7GB
19:50:25,14032.7,N4BP,30,33,WB6BEE
19:50:25,14036.8,K0VBU,38,32,WX7V/5
19:50:25,14041.1,N5RZ,37,52,KD7EFG
19:50:25,14041.1,N5RZ,37,46,WB6BEE
19:50:25,14046.3,WU6P,36,22,N7VVX
19:50:26,14026.0,WS7L,34,34,N9CO
19:50:26,14029.1,K5SJC,33,18,K1RA-4
19:50:26,14031.0,K3WW,40,21,G0KTN
19:50:26,14036.8,K0VBU,37,11,GI4DOH
19:50:26,14036.8,K0VBU,37,27,AC0C-1
19:50:26,14041.1,N5RZ,38,27,NU4F
19:50:26,14041.1,N5RZ,37,27,AC0C-1
19:50:26,14041.1,N5RZ,37,40,K1RA-4
19:50:26,14046.3,WU6P,37,33,AC0C-1
19:50:26,14047.2,K6NR,26,23,N9CO
19:50:27,14017.7,OE6JTD,21,6,KM3T-5
19:50:27,14025.9,WS7L,33,33,VE6WZ-3
19:50:27,14026.0,WS7L,35,32,WA7LNW
19:50:27,14031.0,K3WW,40,24,VE6WZ-3
19:50:27,14036.8,K0VBU,37,29,WA7LNW
19:50:27,14040.5,NE5A,31,9,VE6WZ-3
19:50:27,14041.1,N5RZ,38,21,WA7LNW
19:50:27,14041.6,AE1T,37,28,WA7LNW
19:50:28,14025.9,WS7L,34,38,W8WWV
19:50:28,14039.8,K0RX,32,7,W8WTS
19:50:28,14041.1,N5RZ,38,10,VE6AO
19:50:28,14041.1,N5RZ,38,6,KD2M
19:50:28,14041.6,AE1T,36,21,W6YX
19:50:28,14043.2,K5UV,38,21,W6YX
19:50:28,14046.3,WU6P,35,4,W8WTS
19:50:29,14026.0,WS7L,35,14,TI7W
19:50:29,14031.0,K3WW,40,27,TI7W
19:50:29,14033.0,WJ9B,35,9,WC2L
19:50:29,14041.1,N5RZ,38,36,W3RGA
19:50:29,14041.1,N5RZ,37,20,W1NT-2
19:50:29,14041.2,N5RZ,37,32,W2NNN
19:50:29,14041.6,AE1T,37,28,DK0KK
19:50:29,14047.2,K6NR,25,31,W3RGA
19:50:29,14047.2,K6NR,26,17,W2NNN
19:50:30,14036.8,K0VBU,38,15,N2EPE
19:50:30,14037.5,W6SX,37,12,VE4DRK
19:50:30,14041.1,N5RZ,36,23,N2EPE
19:50:30,14041.6,AE1T,36,13,DM6EE
19:50:31,14026.0,WS7L,33,36,WE9V
19:50:31,14036.8,K0VBU,37,14,KM3T-3
19:50:31,14043.2,K5UV,38,20,WE9V
19:50:32,14017.7,OE6JTD,21,5,EA5WU
19:50:32,14028.0,K9UIY,32,16,N2YCH
19:50:32,14031.0,K3WW,37,23,K4PP
19:50:32,14040.5,NE5A,32,5,NG7M
19:50:32,14041.6,AE1T,34,34,K5TR
19:50:32,14051.0,F8KIG,26,53,OH6BG
19:50:33,14025.9,WS7L,33,33,VE6WZ
19:50:33,14031.0,K3WW,40,24,VE6WZ
19:50:33,14032.7,N4BP,31,14,VE6WZ
19:50:33,14036.8,K0VBU,37,5,WT8P
19:50:33,14037.1,K0SN,37,21,VE6WZ
19:50:34,14005.0,F6IIA,28,25,RU9CZD
19:50:34,14048.2,EA3FZT,32,8,S50U
19:50:35,14019.0,TM00TFR,20,2,IT9GSF
19:50:35,14030.0,IU3UJX,25,5,IT9GSF
19:50:36,14025.5,K7SS,38,19,WB6BEE
19:50:36,14025.5,K7SS,38,29,AC0C-1
19:50:36,14025.5,K7SS,37,20,K1RA-4
19:50:36,14032.7,N4BP,31,5,G0KTN
19:50:36,14034.6,N5TOO,31,6,WB6BEE
19:50:36,14041.6,AE1T,34,22,AC0C-1
19:50:36,14042.0,WB7BWZ,30,14,N4HAC
19:50:36,14043.2,K5UV,37,14,K1RA-4
19:50:36,14049.0,ND9M,28,17,ND7K
19:50:36,14051.0,F8KIG,26,6,K1RA-4
19:50:37,14025.5,K7SS,37,17,WA7LNW
19:50:38,14025.5,K7SS,38,13,W6YX
19:50:38,14043.2,K5UV,37,16,VE6AO
19:50:39,14025.5,K7SS,37,14,W3RGA
19:50:39,14025.5,K7SS,38,21,W1NT-2
19:50:39,14037.1,K0SN,38,27,W1NT-2
19:50:39,14057.9,WV0H,23,5,W8WWV
19:50:40,14025.5,K7SS,37,8,TI7W
19:50:40,14025.5,K7SS,38,4,N2EPE
19:50:40,14025.6,K7SS,38,17,W2NNN
19:50:40,14037.1,K0SN,38,16,WC2L
19:50:40,14037.1,K0SN,38,25,W2NNN
19:50:40,14041.6,AE1T,35,30,TI7W
19:50:40,14048.5,AB9CA,19,11,K7CO
19:50:41,14025.6,K7SS,37,13,K5EM
19:50:41,14034.7,N5TOO,33,9,KM3T-3
19:50:41,14034.7,N5TOO,34,10,K5EM
19:50:41,14034.7,N5TOO,32,19,S53A
19:50:41,14041.7,AE1T,34,14,IK4VET
19:50:41,14051.0,F8KIG,26,5,KM3T-3
19:50:42,14025.5,K7SS,37,11,KC4YVA
19:50:42,14025.5,K7SS,38,12,W1NT-6
19:50:42,14034.7,N5TOO,29,27,W1NT-6
19:50:42,14034.7,N5TOO,31,16,NG7M
19:50:42,14037.1,K0SN,37,12,K4PP
19:50:43,14025.5,K7SS,37,16,K5TR
19:50:43,14025.5,K7SS,37,10,WT8P
19:50:43,14034.0,F6HKA,31,10,LZ3CB
19:50:43,14034.6,N5TOO,29,12,K5TR
19:50:43,14037.0,K0SN,36,23,VE6WZ
19:50:43,14037.1,K0SN,37,28,AA4PA
19:50:43,14038.8,N8UM,35,3,PA5KT-4
19:50:44,14025.5,K7SS,37,23,ZF9CW
19:50:44,14029.2,K5SJC,32,17,ZF9CW
19:50:44,14034.0,F6HKA,32,16,KM3T-2
19:50:44,14034.0,F6HKA,32,12,ZF9CW
19:50:44,14034.0,F6HKA,31,7,EA4RKC
19:50:44,14043.2,K5UV,37,22,ZF9CW
19:50:45,14025.5,K7SS,37,16,K9IMM
19:50:45,14034.0,F6HKA,33,19,IT9GSF
19:50:45,14034.7,N5TOO,34,37,K9IMM
19:50:45,14034.7,N5TOO,33,23,WX7V/5
19:50:45,14037.1,K0SN,37,22,N6TV
19:50:45,14037.1,K0SN,37,26,WX7V/5
19:50:45,14041.6,AE1T,34,24,IT9GSF
19:50:45,14043.2,K5UV,37,26,K9IMM
19:50:46,14005.0,CN2DX,28,10,DL0LA
19:50:46,14025.5,K7SS,37,16,N7VVX
19:50:46,14026.6,W1WEF,37,33,ND7K
19:50:46,14034.0,F6HKA,31,20,SE5E
19:50:46,14035.9,N6CHU,28,21,N4HAC
19:50:46,14037.1,K0SN,39,22,K6FOD
19:50:46,14037.1,K0SN,38,27,WB6BEE
19:50:47,14030.0,IU3UJX,27,4,AC0C-1
19:50:47,14034.7,N5TOO,27,39,AC0C-1
19:50:47,14034.7,N5TOO,27,24,N9CO
19:50:47,14036.2,W5TM,38,37,AC0C-1
19:50:47,14041.6,AE1T,32,49,N9CO
19:50:48,14026.0,WS7L,35,20,W8WTS
19:50:48,14034.0,F6HKA,32,17,KM3T-5
19:50:48,14034.7,N5TOO,32,9,KM3T-5
19:50:48,14037.0,K0SN,36,23,VE6WZ-3
19:50:48,14039.7,K0RX,32,20,KM3T-5
19:50:48,14047.2,K6NR,25,8,W8WTS
19:50:49,14026.6,W1WEF,36,28,W6YX
19:50:49,14027.6,TN5EE,38,17,W6YX
19:50:49,14029.1,K5SJC,32,13,VE6AO
19:50:49,14034.6,N5TOO,35,24,K9LC
19:50:49,14034.6,N5TOO,28,13,W8WWV
19:50:49,14034.7,N5TOO,25,10,W6YX
19:50:49,14039.3,K7RL,40,8,KD2M
19:50:49,14047.2,K6NR,26,26,W6YX
19:50:50,14034.0,F6HKA,31,22,W3RGA
19:50:50,14034.7,N5TOO,27,28,W3RGA
19:50:50,14034.7,N5TOO,31,19,WC2L
19:50:50,14034.7,N5TOO,35,28,N2EPE
19:50:50,14037.1,K0SN,37,21,W3RGA
19:50:50,14040.6,NE5A,30,13,W2NNN
19:50:50,14042.0,WB7BWZ,30,5,WC2L
19:50:50,14056.0,N1BS,24,7,K7CO
19:50:51,14027.8,K9UIY,31,13,VE4DRK
19:50:52,14026.6,W1WEF,35,11,DL8LAS-1
19:50:52,14034.0,F6HKA,32,18,KM3T-3
19:50:52,14034.0,F6HKA,32,16,ES5PC
19:50:52,14034.0,F6HKA,32,4,N2YCH
19:50:52,14034.0,F6HKA,32,23,W1NT-6
19:50:52,14034.6,N5TOO,30,35,WE9V
19:50:52,14038.8,N8UM,36,5,IK3STG
19:50:52,14041.7,AE1T,38,11,K5EM
19:50:52,14047.2,K6NR,26,24,WE9V
19:50:52,14047.2,K6NR,26,18,KM3T-3
19:50:53,14034.7,N5TOO,28,28,K4PP
19:50:53,14035.2,VE3JM,38,34,K5TR
19:50:53,14039.7,K0RX,31,13,K5TR
19:50:54,14033.1,WJ9B,35,5,VE6WZ
19:50:54,14034.6,N5TOO,32,17,VE6WZ
19:50:54,14034.7,N5TOO,32,22,ZF9CW
19:50:54,14041.6,AE1T,37,8,VE6WZ
19:50:55,14034.6,N5TOO,34,12,OK1HRA
19:50:55,14042.5,W7JET,37,19,IT9GSF
19:50:56,14034.7,N5TOO,27,19,KD7EFG
19:50:56,14041.6,AE1T,36,7,G0KTN
19:50:56,14041.6,AE1T,36,14,K6FOD
19:50:57,14027.6,N5EE,38,12,AC0C-1
19:50:57,14027.6,N5EE,38,3,AK6RI-1
19:50:57,14031.0,K3WW,39,21,ON6ZQ
19:50:57,14034.0,F6HKA,32,9,N9CO
19:50:57,14034.7,N5TOO,30,16,ND7K
19:50:57,14034.7,N5TOO,32,32,K3PA-1
19:50:57,14042.6,W7JET,37,26,K1RA-4
19:50:58,14034.6,N5TOO,32,17,VE6WZ-3
19:50:58,14034.7,N5TOO,32,25,WA7LNW
19:50:58,14035.2,VE3JM,36,27,WA7LNW
19:50:59,14034.7,N5TOO,31,9,KD2M
19:51:00,14029.2,K5SJC,32,23,TI7W
19:51:00,14034.0,F6HKA,32,14,TI7W
19:51:00,14034.7,N5TOO,30,10,DL8LAS
19:51:00,14034.7,N5TOO,30,30,W1NT-2
19:51:00,14034.7,N5TOO,33,18,TI7W
19:51:00,14034.7,N5TOO,32,17,W2NNN
19:51:00,14050.0,N7JMS,22,9,TI7W
19:51:01,14034.7,N5TOO,30,10,DL8LAS-3
19:51:01,14034.7,N5TOO,34,9,K7CO
19:51:01,14035.3,K3ATO,39,16,VE4DRK
19:51:01,14043.2,K5UV,37,10,N2EPE
19:51:02,14017.7,OE6JTD,21,16,BD8CS
19:51:02,14030.0,IU3UJX,27,3,LZ4AE
19:51:02,14036.3,W5TM,38,10,S53A
19:51:02,14056.0,N1BS,24,11,WE9V
19:51:03,14014.0,IZ4VSZ,24,4,PI4CC
19:51:03,14034.0,F6HKA,32,9,EA5WU
19:51:03,14035.5,K3ATO,36,20,K4PP
19:51:03,14035.5,K0PC,29,38,K5TR
19:51:03,14037.7,W6SX,37,16,W1NT-6
19:51:04,14042.6,W7JET,39,22,AA4PA
19:51:04,14056.0,N1BS,24,12,AA4PA
19:51:05,14017.7,OE6JTD,21,27,RU9CZD
19:51:05,14035.5,K3ATO,35,33,ZF9CW
19:51:05,14051.0,F8KIG,26,8,IT9GSF
19:51:06,14039.3,K7RL,38,34,N6TV
19:51:07,14026.6,W1WEF,38,41,N9CO
19:51:07,14036.2,W5TM,38,19,N4HAC
19:51:07,14037.1,K0SN,38,26,K1RA-4
19:51:07,14041.1,N5RZ,39,30,ND7K
19:51:07,14041.1,N5RZ,38,18,N9CO
19:51:07,14041.1,N5RZ,40,25,K3PA-1
19:51:07,14046.0,N3CI,25,39,AC0C-1
19:51:07,14058.0,WV0H,23,4,ND7K
19:51:08,14025.0,IT9BGE,20,20,DO4DXA
19:51:08,14025.0,IT9BGE,20,18,SM1HEV
19:51:08,14046.0,N3CI,25,12,WA7LNW
19:51:09,14025.0,IT9BGE,20,23,DK0KK
19:51:10,14025.0,IT9BGE,20,13,DL8LAS
19:51:10,14025.0,IT9BGE,20,32,MM0ZBH
19:51:10,14025.0,IT9BGE,20,22,LZ4UX
19:51:10,14025.0,IT9BGE,20,10,W1NT-2
19:51:10,14025.1,IT9BGE,20,21,HB9EMP
19:51:10,14025.5,K7SS,36,27,W8WWV
19:51:10,14031.9,K5OHY,31,18,W3RGA
19:51:10,14036.8,K0VBU,37,21,W1NT-2
19:51:10,14036.8,K0VBU,37,27,W3RGA
19:51:10,14037.0,K0SN,38,33,W8WWV
19:51:10,14037.1,K0AN,35,7,W2NAF
19:51:10,14046.0,N3CI,25,5,K9LC
19:51:10,14051.1,F8KIG,26,17,BG7IEJ
19:51:11,14025.0,IT9BGE,20,15,TI7W
19:51:11,14025.0,IT9BGE,20,22,LZ5DI
19:51:11,14025.1,IT9BGE,20,17,LZ5DI
19:51:11,14031.9,K5OHY,30,13,W2NNN
19:51:11,14032.7,N4BP,31,6,F4GOU
19:51:11,14034.7,N5TOO,34,8,DM6EE
19:51:11,14035.5,K3ATO,35,30,TI7W
19:51:11,14036.8,K0VBU,38,17,WC2L
19:51:11,14036.8,K0VBU,37,19,W2NNN
19:51:11,14037.1,K0SN,37,19,N2EPE
19:51:11,14041.2,N5RZ,40,28,K7CO
19:51:11,14058.0,WV0H,23,3,N2EPE
19:51:12,14025.0,IT9BGE,20,18,LZ4AE
19:51:12,14025.0,IT9BGE,20,18,LZ4AE
19:51:12,14025.0,IT9BGE,20,9,S53A
19:51:12,14025.0,IT9BGE,20,13,DL8LAS-1
19:51:12,14025.0,IT9BGE,20,37,ES5PC
19:51:12,14025.0,IT9BGE,20,10,LB9KJ
19:51:12,14025.0,IT9BGE,21,26,BD8CS
19:51:12,14025.0,IT9BGE,20,25,S53WW
19:51:12,14026.6,W1WEF,38,36,WE9V
19:51:12,14034.0,F6HKA,32,8,BD8CS
19:51:12,14036.8,K0VBU,36,13,K5EM
19:51:12,14041.1,N5RZ,38,11,WE9V
19:51:12,14046.0,N3CI,25,14,WE9V
19:51:13,14020.1,KC6PGA,24,15,NG7M
19:51:13,14025.0,IT9BGE,21,24,YO2KAR
19:51:13,14025.0,IT9BGE,20,13,EA5WU
19:51:13,14025.0,IT9BGE,20,11,DC8YZ
19:51:13,14025.0,IT9BGE,20,26,OH6BG
19:51:13,14025.0,IT9BGE,20,11,PI4CC
19:51:13,14025.0,IT9BGE,20,9,W1NT-6
19:51:13,14025.0,IT9BGE,20,15,LZ3CB
19:51:13,14025.0,IT9BGE,20,24,LZ7AA
19:51:13,14025.0,IT9BGE,20,14,DK0TE
19:51:13,14026.6,W1WEF,38,15,K4PP
19:51:13,14037.1,K0SN,39,20,KC4YVA
19:51:13,14037.1,K0SN,35,10,N2YCH
19:51:13,14041.2,N5RZ,40,26,KC4YVA
19:51:13,14051.0,F8KIG,26,3,LZ3CB
19:51:13,14051.1,F8KIG,26,3,N2YCH
19:51:14,14020.0,KC6PGA,24,18,VE6WZ
19:51:14,14020.1,KC6PGA,24,13,VE6WZ
19:51:14,14024.9,IT9BGE,20,14,YO2CK
19:51:14,14025.0,IT9BGE,20,15,DL1HWS-3
19:51:14,14025.0,IT9BGE,20,8,PA5KT-4
19:51:14,14026.6,W1WEF,39,28,K5TR
19:51:14,14036.8,K0VBU,37,28,K5TR
19:51:14,14058.0,WV0H,23,2,WT8P
19:51:15,14024.9,IT9BGE,20,25,OK1HRA
19:51:15,14025.0,IT9BGE,20,17,R4NCU
19:51:15,14025.0,IT9BGE,21,24,UY2RA
19:51:15,14025.0,IT9BGE,20,22,RU9CZD
19:51:15,14031.9,K5OHY,31,23,ZF9CW
19:51:16,14020.1,KC6PGA,24,11,N7VVX
19:51:16,14020.1,KC6PGA,24,11,ZL4YL
19:51:16,14025.0,IT9BGE,21,35,EI4HQ
19:51:16,14025.0,IT9BGE,20,14,DF7GB
19:51:16,14025.0,IT9BGE,20,32,ES2RR
19:51:16,14025.0,IT9BGE,20,23,OK1FCJ
19:51:16,14025.0,IT9BGE,20,25,GI4DOH
19:51:16,14034.0,F6HKA,32,7,ES2RR
19:51:16,14036.8,K0VBU,37,30,IT9GSF
19:51:16,14037.1,K0SN,38,51,KD7EFG
19:51:17,14020.1,KC6PGA,24,9,N4HAC
19:51:17,14020.1,KC6PGA,24,15,K6FOD
19:51:17,14025.0,IT9BGE,20,20,G0KTN
19:51:17,14025.0,IT9BGE,20,21,SE5E
19:51:17,14037.1,K0SN,36,22,N4HAC
19:51:18,14020.0,KC6PGA,24,17,ND7K
19:51:18,14020.1,KC6PGA,24,15,K1RA-4
19:51:18,14020.1,KC6PGA,24,20,AC0C-1
19:51:18,14020.1,KC6P,25,16,K3PA-1
19:51:18,14025.0,IT9BGE,20,14,ON6ZQ
19:51:18,14025.0,IT9BGE,21,28,HB9BXE
19:51:18,14025.0,IT9BGE,20,32,SM7IUN
19:51:18,14025.0,IT9BGE,20,25,DR4W
19:51:18,14025.5,K7SS,38,33,N9CO
19:51:18,14025.5,K7SS,38,21,ND7K
19:51:18,14034.7,N5TOO,37,7,W2MV
19:51:18,14036.8,K0VBU,37,24,ND7K
19:51:18,14043.2,K5UV,38,33,N9CO
19:51:19,14020.0,KC6PGA,24,8,KM3T-5
19:51:19,14020.0,KC6PGA,24,18,VE6WZ-3
19:51:19,14020.1,KC6PGA,24,36,WA7LNW
19:51:19,14020.1,KC6PGA,24,27,W6YX
19:51:19,14025.0,IT9BGE,20,34,MM9PSY
19:51:19,14035.5,K3ATO,40,21,VE6WZ-3
19:51:19,14035.5,K3ATO,40,17,W6YX
19:51:19,14039.2,K7RL,39,15,VE6WZ-3
19:51:19,14041.1,N5RZ,38,37,W6YX
19:51:20,14020.0,KC6P,24,16,VE6AO
19:51:20,14020.0,KC6PGA,24,17,W8WWV
19:51:20,14020.0,KC6PGA,24,12,K9LC
19:51:20,14025.5,K7SS,37,16,K9LC
19:51:20,14029.1,K5SJC,33,27,W8WWV
19:51:20,14040.0,KX2P,28,15,K9LC
19:51:20,14043.2,K5UV,37,17,W8WWV
19:51:21,14020.1,KC6PGA,24,9,W1NT-2
19:51:21,14020.1,KC6PGA,24,12,W3RGA
19:51:21,14020.1,KC6P,25,8,WC2L
19:51:21,14020.1,KC6PGA,24,9,VE7CC
19:51:21,14020.1,KC6PGA,24,9,VE7CC
19:51:21,14025.0,IT9BGE,20,9,W3RGA
19:51:21,14040.0,KX2P,28,14,W3RGA
19:51:21,14040.1,KX2P,28,12,W1NT-2
19:51:22,14020.1,KC6PGA,24,6,N2EPE
19:51:22,14025.0,IT9BGE,21,24,JN1ILK
19:51:22,14034.0,F6HKA,32,6,S53A
19:51:23,14020.1,KC6PGA,24,8,KM3T-3
19:51:23,14031.0,K3WW,41,17,EA5WU
19:51:23,14034.0,F6HKA,32,10,OH6BG
19:51:23,14034.7,N5TOO,37,20,N2YCH
19:51:23,14036.8,K0VBU,37,24,KC4YVA
19:51:23,14039.8,K0RX,33,9,KC4YVA
19:51:23,14040.0,KX2P,28,8,WE9V
19:51:23,14043.3,K5UV,37,15,K5EM
19:51:24,14020.0,KC6PGA,24,12,K5TR
19:51:24,14020.1,KC6PGA,24,13,WT8P
19:51:24,14025.5,K7SS,38,21,NG7M
19:51:24,14029.1,K5SJC,32,31,AA4PA
19:51:24,14040.0,KX2P,28,9,AA4PA
19:51:24,14040.0,KX2P,28,31,K5TR
19:51:25,14034.7,N5TOO,36,12,KM3T-2
19:51:25,14034.9,N5TOO,35,6,DL5RCN
19:51:25,14035.5,K3ATO,40,21,VE6WZ
19:51:25,14039.2,K7RL,39,15,VE6WZ
19:51:25,14042.6,W7JET,39,25,KM3T-2
19:51:25,14046.0,N3CI,25,4,KM3T-2
19:51:25,14046.0,N3CI,25,13,VE6WZ
19:51:25,14046.0,N3CI,25,12,VE6WZ
19:51:26,14035.5,K3ATO,38,31,WX7V/5
19:51:26,14039.3,K7RL,38,25,WX7V/5
19:51:26,14040.0,KX2P,28,15,K9IMM
19:51:26,14040.1,KX2P,28,21,ZF9CW
19:51:26,14040.5,NE5A,29,14,IT9GSF
19:51:26,14046.0,N3CI,25,19,ZF9CW
19:51:26,14046.0,N3CI,25,12,K9IMM
19:51:26,14068.6,DL8NBM,23,17,RU9CZD
19:51:27,14025.0,IT9BGE,20,8,DK9IP
19:51:27,14027.6,N5EE,33,8,N6TV
19:51:27,14032.7,N4BP,31,5,DK9IP
19:51:27,14035.5,K3ATO,35,9,N6TV
19:51:27,14035.5,K3ATO,34,7,ZL4YL
19:51:27,14040.0,KX2P,28,25,WB6BEE
19:51:28,14025.0,IT9BGE,20,7,RK3TD-2
19:51:28,14026.6,W1WEF,37,27,K3PA-1
19:51:28,14027.6,N5EE,32,17,K1RA-4
19:51:28,14031.0,K3WW,36,6,AK6RI-1
19:51:28,14033.0,WJ9B,35,34,AC0C-1
19:51:28,14040.0,KX2P,28,21,K1RA-4
19:51:28,14040.0,KX2P,28,22,AC0C-1
19:51:28,14040.0,KX2P,27,20,N9CO
19:51:28,14040.0,KX2P,28,10,ND7K
19:51:28,14040.1,KX2P,28,17,K3PA-1
19:51:28,14043.2,K5UV,37,16,ND7K
19:51:28,14046.0,N3CI,25,6,K1RA-4
19:51:28,14046.0,N3CI,25,16,N9CO
19:51:28,14046.0,N3CI,25,32,K3PA-1
19:51:28,14060.0,KK7OOG,20,6,AC0C-1
19:51:28,14068.6,DL8NBM,23,13,RK3TD-2
19:51:29,14025.0,IT9BGE,20,8,DL1HWS-4
19:51:29,14040.1,KX2P,28,13,WA7LNW
19:51:29,14046.0,N3CI,25,12,VE6WZ-3
19:51:30,14025.0,IT9BGE,20,16,JJ2VLY
19:51:30,14027.6,N5EE,32,23,W8WWV
19:51:30,14032.7,N4BP,30,5,DK0KK
19:51:30,14034.6,N5TOO,35,9,VE6AO
19:51:30,14035.5,K3ATO,35,8,DK0KK
19:51:30,14040.0,KX2P,27,12,W8WWV
19:51:30,14041.6,AE1T,34,35,W8WWV
19:51:30,14042.5,W7JET,35,29,W8WWV
19:51:31,14025.1,IT9BGE,20,30,DL8LAS-3
19:51:31,14027.6,N5EE,31,15,W1NT-2
19:51:31,14034.0,F6HKA,31,6,LZ5DI
19:51:31,14034.1,F6HKA,32,5,LZ5DI
19:51:31,14035.5,K3ATO,35,5,OE9GHV
19:51:31,14040.1,KX2P,27,11,WC2L
19:51:31,14042.6,W7JET,36,24,W3RGA
19:51:31,14043.2,K5UV,36,14,W1NT-2
19:51:31,14043.2,K5UV,37,15,TI7W
19:51:32,14025.0,IT9BGE,20,16,DL1HWS
19:51:32,14025.0,IT9BGE,20,20,DP5G
19:51:32,14025.1,IT9BGE,21,5,SQ5J
19:51:32,14029.9,K0INN,29,13,VE4DRK
19:51:32,14030.2,K0INN,29,14,IK4VET
19:51:32,14032.5,N4BP,31,14,VE4DRK
19:51:32,14039.6,K0RX,31,8,VE4DRK
19:51:33,14025.0,IT9BGE,20,5,KC4YVA
19:51:33,14030.1,K0INN,29,23,WE9V
19:51:33,14030.1,K0INN,29,5,KC4YVA
19:51:33,14035.5,K3ATO,35,25,WE9V
19:51:33,14040.1,KX2P,28,3,K5EM
19:51:33,14040.1,KX2P,28,16,KC4YVA
19:51:33,14041.6,AE1T,37,15,KC4YVA
19:51:33,14041.6,AE1T,37,21,EA5WU
19:51:34,14014.1,IZ4VSZ,24,18,OH8KA
19:51:34,14025.0,IT9BGE,20,8,IZ2CPS
19:51:34,14043.2,K5UV,38,11,NG7M
19:51:35,14013.9,IZ4VSZ,24,4,YO2CK
19:51:35,14025.2,IT9BGE,20,24,DL5RCN
19:51:35,14030.1,K0INN,29,21,K5TR
19:51:35,14032.9,N4BP,31,4,DL5RCN
19:51:35,14040.1,KX2P,27,8,KM3T-2
19:51:35,14041.6,AE1T,37,5,EA4RKC
19:51:35,14053.0,VE3JTP,17,12,K5TR
19:51:36,14030.1,K0INN,29,11,KD7EFG
19:51:37,14025.0,IT9BGE,20,17,ZF9CW
19:51:37,14025.0,IT9BGE,20,13,HA1VHF
19:51:37,14025.0,IT9BGE,20,14,OZ1BZS
19:51:37,14026.0,WS7L,33,26,ZF9CW
19:51:37,14030.1,K0INN,29,15,N4HAC
19:51:37,14035.5,K3ATO,35,12,NU4F
19:51:37,14040.1,KX2P,28,7,WX7V/5
19:51:38,14026.6,W1WEF,38,17,N6TV
19:51:38,14029.6,KH7X,32,25,WB6BEE
19:51:38,14030.1,K0INN,29,23,WB6BEE
19:51:38,14030.1,K0INN,29,19,K1RA-4
19:51:38,14034.0,F6HKA,32,7,WB6BEE
19:51:39,14030.1,K0INN,31,38,AC0C-1
19:51:39,14037.1,K0SN,38,30,N9CO
19:51:39,14037.1,K0SN,37,20,KM3T-5
19:51:39,14040.0,KX2P,28,10,KM3T-5
19:51:40,14027.6,N5EE,33,16,VE6WZ-3
19:51:40,14028.0,K9UIY,31,13,W6YX
19:51:40,14031.1,K3WW,42,21,DL8LAS
19:51:40,14041.6,AE1T,37,5,KD2M
19:51:41,14025.1,IT9BGE,20,21,BG7IEJ
19:51:41,14030.1,K0INN,30,13,W1NT-2
19:51:41,14031.1,K3WW,42,21,DL8LAS-3
19:51:41,14034.0,F6HKA,32,4,LZ4UX
19:51:42,14028.0,K9UIY,31,18,K7CO
19:51:42,14029.2,K5SJC,32,27,K7CO
19:51:42,14030.1,K0INN,30,13,N2EPE
19:51:42,14032.7,N4BP,31,22,S53A
19:51:42,14039.8,K0RX,32,6,K7CO
19:51:42,14040.1,KX2P,27,13,N2EPE
19:51:43,14028.0,K9UIY,31,17,KM3T-3
19:51:43,14034.0,F6HKA,32,6,S53WW
19:51:43,14040.0,KX2P,27,9,KM3T-3
19:51:44,14031.1,K3WW,39,18,K5EM
19:51:45,14027.6,N5EE,33,16,VE6WZ
19:51:45,14031.9,K5OHY,31,4,VE6WZ
19:51:45,14037.6,W6SX,37,23,AA4PA
19:51:45,14041.6,AE1T,37,27,AA4PA
19:51:45,14041.6,AE1T,35,7,WT8P
19:51:46,14025.0,IT9BGE,20,6,DL0LA
19:51:46,14025.0,IT9BGE,20,18,IT9GSF
19:51:46,14034.7,N5TOO,36,13,IT9GSF
19:51:46,14043.2,K5UV,36,34,KD7EFG
19:51:47,14029.6,KH7X,38,20,N7VVX
19:51:47,14031.0,K3WW,42,9,DK9IP
19:51:47,14035.5,K3ATO,33,38,K9IMM
19:51:47,14043.5,W4XO,27,33,ZF9CW
19:51:48,14031.0,K3WW,41,10,G4KCM
19:51:48,14034.7,N5TOO,32,6,N6TV
19:51:48,14047.2,K6NR,25,7,N6TV
19:51:49,14032.7,N4BP,31,16,W2MV
19:51:49,14035.9,N6CHU,28,24,N9CO
19:51:50,14037.6,W6SX,37,4,KD2M
19:51:50,14039.9,KC8J,29,24,W6YX
19:51:50,14041.6,AE1T,37,17,W8WTS
19:51:50,14060.0,KK7OOG,20,16,W6YX
19:51:51,14043.5,W4XO,28,14,VE6WZ-3
19:51:51,14048.5,AB9CA,19,12,VE6WZ-3
19:51:52,14017.8,OE6JTD,21,21,BG7IEJ
19:51:52,14029.6,KH7X,37,20,W3RGA
19:51:52,14031.0,K3WW,40,9,DL1HWS
19:51:52,14034.7,N5TOO,33,9,IK4VET
19:51:52,14035.9,N6CHU,28,28,W1NT-2
19:51:53,14017.7,OE6JTD,21,14,JN1ILK
19:51:53,14031.0,K3WW,39,25,K7CO
19:51:53,14043.5,W4XO,25,9,S53A
19:51:53,14048.4,AB9CA,19,4,VE4DRK
19:51:53,14060.0,KK7OOG,20,6,K7CO
19:51:54,14020.1,KC6P,25,10,N2YCH
19:51:54,14064.0,IU4TPU,13,23,OH6BG
19:51:55,14035.9,N6CHU,28,12,KM3T-2
19:51:55,14043.5,W4XO,25,8,NG7M
19:51:56,14043.5,W4XO,28,14,VE6WZ
19:51:56,14048.5,AB9CA,19,12,VE6WZ
19:51:57,14029.6,KH7X,41,22,ZF9CW
19:51:57,14035.2,VE3JM,38,29,ZF9CW
19:51:57,14036.0,N6CHU,27,27,WX7V/5
19:51:57,14039.9,KC8J,29,20,WX7V/5
19:51:57,14043.0,N2XDD,23,21,KD7EFG
19:51:58,14027.6,N5EE,35,16,K6FOD
19:51:58,14027.6,N5EE,34,24,WB6BEE
19:51:58,14028.0,K9UIY,30,15,K6FOD
19:51:58,14031.0,K3WW,40,16,N6TV
19:51:58,14033.0,WJ9B,35,18,K9IMM
19:51:59,14026.0,WS7L,35,12,W2MV
19:51:59,14027.6,N5EE,34,36,N9CO
19:51:59,14041.6,AE1T,36,18,K1RA-4
19:51:59,14042.5,W7JET,38,28,N9CO
19:51:59,14048.5,AB9CA,19,13,ND7K
19:52:00,14027.6,N5EE,35,14,KM3T-5
19:52:02,14027.6,N5EE,36,20,W3RGA
19:52:02,14036.3,W5TT,37,5,IK4VET
19:52:03,14029.6,KH7X,39,12,N2EPE
19:52:03,14032.8,N4BP,31,14,K7CO
19:52:04,14027.6,N5EE,36,13,KM3T-3
19:52:04,14027.6,N5EE,36,19,KC4YVA
19:52:04,14035.2,VE3JM,37,7,DK0TE
19:52:04,14036.0,N6CHU,28,21,K5EM
19:52:05,14027.6,N5EE,36,21,NG7M
19:52:05,14027.6,N5EE,35,28,AA4PA
19:52:05,14041.1,N5RZ,39,23,W1NT-6
19:52:05,14043.2,K5UV,37,12,AA4PA
19:52:06,14027.6,N5EE,36,12,KM3T-2
19:52:06,14031.0,K3WW,37,32,K5TR
19:52:06,14047.2,K6NR,26,16,KM3T-2
19:52:07,14032.7,N4BP,31,23,IT9GSF
19:52:07,14035.5,K3ATO,38,14,IT9GSF
19:52:07,14039.7,K0RX,34,13,KD7EFG
19:52:07,14039.9,KC8J,31,23,KD7EFG
19:52:07,14040.5,NE5A,29,32,KD7EFG
19:52:08,14027.6,N5EE,37,28,K9IMM
19:52:08,14056.0,N1BS,24,10,K9IMM
19:52:09,14027.6,N5EE,36,36,K3PA-1
19:52:09,14029.6,KH7X,39,10,K6FOD
19:52:09,14031.0,K3WW,39,17,K6FOD
19:52:09,14032.7,N4BP,31,14,ZL4YL
19:52:09,14033.0,WJ9B,33,29,K3PA-1
19:52:09,14035.9,N6CHU,28,7,ZL4YL
19:52:10,14031.0,K3WW,38,27,ND7K
19:52:10,14047.2,K6NR,25,17,KM3T-5
19:52:11,14027.6,N5EE,35,16,W6YX
19:52:11,14029.6,KH7X,39,19,VE6AO
19:52:11,14031.0,K3WW,37,33,K9LC
19:52:11,14042.5,W7JET,37,7,KD2M
19:52:11,14050.0,N7JMS,23,4,VE6WZ-3
19:52:12,14041.1,N5RZ,39,30,WC2L
19:52:13,14029.6,KH7X,41,32,K7CO
19:52:13,14035.5,K3ATO,34,11,S53A
19:52:13,14045.5,N6TTV,25,3,VE7CC
19:52:13,14045.5,N6TTV,25,3,VE7CC
19:52:13,14047.0,K6NR,25,13,VE4DRK
19:52:14,14030.0,IU3UJX,27,30,OH6BG
19:52:14,14032.7,N4BP,32,7,PI4CC
19:52:15,14047.2,K6NR,25,11,K5EM
19:52:15,14047.2,K6NR,25,17,AA4PA
19:52:15,14048.0,WC1D,23,4,WE9V
19:52:16,14029.2,K5SJC,33,5,KM3T-2
19:52:16,14035.5,K3ATO,38,36,K5TR
19:52:16,14040.5,NE5A,30,7,VE6WZ
19:52:16,14047.2,K6NR,25,21,VE6WZ
19:52:16,14050.0,N7JMS,23,4,VE6WZ
19:52:18,14047.2,K6NR,25,29,K9IMM
19:52:18,14056.0,N1BS,24,14,ZF9CW
19:52:19,14026.6,W1WEF,38,18,WB6BEE
19:52:19,14029.6,KH7X,37,46,KD7EFG
19:52:19,14029.6,KH7X,40,13,N6TV
19:52:19,14064.0,IU4TPU,13,6,RK3TD-2
19:52:20,14031.0,K3WW,39,34,AC0C-1
19:52:20,14047.2,K6NR,25,28,AC0C-1
19:52:21,14047.2,K6NR,25,44,WA7LNW
19:52:22,14040.5,NE5A,30,21,TI7W
19:52:22,14047.2,K6NR,25,21,VE6WZ-3
19:52:24,14035.5,K3ATO,37,20,K7CO
19:52:25,14030.1,K0INN,29,6,KM3T-3
19:52:25,14030.1,IU3UJX,26,10,OH8KA
19:52:26,14030.1,K0INN,28,18,AA4PA
19:52:26,14030.1,K0INN,29,5,KM3T-2
19:52:26,14042.5,W7JET,36,5,WT8P
19:52:27,14033.0,WJ9B,36,20,K5TR
19:52:27,14064.0,IU4TPU,13,5,RK3TD
19:52:29,14030.1,K0INN,29,37,ZF9CW
19:52:29,14036.8,K0VBU,37,28,N4HAC
19:52:30,14026.6,W1WEF,38,27,AC0C-1
19:52:30,14035.2,VE3JM,37,17,ND7K
19:52:30,14039.2,K7RL,41,10,W2MV
19:52:30,14039.3,K7RL,38,13,W8WTS
19:52:30,14057.9,KN8N,23,13,KD7EFG
19:52:30,14060.0,KK7OOG,20,7,N6TV
19:52:31,14030.1,K0INN,29,6,KM3T-5
19:52:31,14030.1,K0INN,29,9,W6YX
19:52:31,14031.9,TK5OY,31,8,KM3T-5
19:52:32,14033.0,WJ9B,34,21,WA7LNW
19:52:32,14033.0,WJ9B,35,7,K9LC
19:52:32,14043.2,K5UV,37,20,WA7LNW
19:52:32,14056.0,N1BS,24,8,WA7LNW
19:52:33,14027.7,N5EE,35,20,W2NNN
19:52:33,14029.6,KH7X,41,30,W1NT-2
19:52:33,14030.1,K0INN,29,11,W3RGA
19:52:33,14035.2,VE3JM,38,7,OE9GHV
19:52:33,14035.5,K3ATO,38,11,DP5G
19:52:33,14039.3,K7RL,40,33,W1NT-2
19:52:33,14043.2,K5UV,36,9,S53A
19:52:33,14047.2,K6NR,24,17,WC2L
19:52:33,14049.0,ND9M,28,16,W2NNN
19:52:34,14005.0,CN2DX,28,30,PI4CC
19:52:34,14005.0,CN2DX,28,12,LZ7AA
19:52:34,14027.6,N5EE,34,14,N2EPE
19:52:34,14035.2,VE3JM,38,22,K7CO
19:52:35,14005.0,CN2DX,28,34,EA5WU
19:52:35,14005.0,CN2DX,27,24,OH6BG
19:52:35,14005.0,CN2DX,28,35,PA5KT-4
19:52:35,14005.0,CN2DX,28,25,IK3STG
19:52:35,14029.7,KH7X,38,18,K5EM
19:52:35,14035.9,N6CHU,28,13,KM3T-3
19:52:35,14051.1,F5MZN,26,35,OH8KA
19:52:36,14004.9,CN2DX,28,32,OK1HRA
19:52:36,14005.0,CN2DX,28,29,EA4RKC
19:52:36,14035.2,VE3JM,38,17,WE9V
19:52:37,14005.0,CN2DX,28,23,EI4HQ
19:52:37,14005.0,CN2DX,28,27,DF7GB
19:52:37,14005.0,CN2DX,28,34,S50U
19:52:37,14005.0,CN2DX,28,25,RU9CZD
19:52:37,14005.0,CN2DX,28,20,GI4DOH
19:52:37,14025.0,IT9BGE,20,12,RK3TD
19:52:37,14030.1,K0INN,29,14,VE6WZ
19:52:37,14031.0,K3WW,37,17,EI4HQ
19:52:37,14035.5,K3ATO,36,8,VE6WZ
19:52:37,14051.0,F5MZN,27,39,ES2RR
19:52:37,14051.0,F5MZN,26,11,RU9CZD
19:52:38,14005.0,CN2DX,28,29,HA2NA
19:52:38,14005.0,CN2DX,28,26,DK9IP
19:52:39,14005.0,CN2DX,28,26,HB9BXE
19:52:39,14005.0,CN2DX,28,30,DO4DXA
19:52:39,14005.0,CN2DX,28,35,DR4W
19:52:39,14029.1,K5SJC,33,11,N4HAC
19:52:39,14051.0,F5MZN,26,11,ZF9CW
19:52:39,14058.0,WV0H,23,27,WB6BEE
19:52:40,14005.0,CN2DX,28,6,SM1HEV
19:52:40,14005.0,CN2DX,28,24,MM9PSY
19:52:40,14051.0,F5MZN,26,22,W2MV
19:52:40,14051.0,F5MZN,27,19,N9CO
19:52:40,14057.9,KN8N,23,3,K3PA-1
19:52:41,14005.0,CN2DX,28,35,DK0KK
19:52:41,14005.0,CN2DX,28,36,DL8LAS
19:52:41,14005.1,CN2DX,28,28,HB9EMP
19:52:41,14037.7,W6SX,36,5,W8WTS
19:52:42,14005.0,CN2DX,28,13,LZ4UX
19:52:42,14005.0,CN2DX,27,23,MM0ZBH
19:52:42,14005.0,CN2DX,26,26,DM6EE
19:52:42,14005.0,CN2DX,28,34,DL8LAS-3
19:52:42,14005.1,CN2DX,28,9,LZ5DI
19:52:42,14030.1,K0INN,29,14,VE6WZ-3
19:52:42,14033.0,WJ9B,36,23,W8WWV
19:52:42,14042.0,WB7BWZ,30,3,W8WWV
19:52:43,14005.0,CN2DX,28,16,F4GOU
19:52:43,14005.0,CN2DX,28,9,DK0KK
19:52:43,14005.0,CN2DX,28,28,S53A
19:52:43,14035.5,K3ATO,37,16,K9LC
19:52:43,14035.9,N6CHU,28,18,W3RGA
19:52:43,14058.0,WV0H,23,31,W3RGA
19:52:44,14005.0,CN2DX,28,36,DL8LAS-1
19:52:44,14005.0,CN2DX,28,8,LB9KJ
19:52:44,14034.5,K1VUT,32,8,DL8LAS-1
19:52:44,14034.5,K1VUT,31,22,K7EK
19:52:44,14039.3,K7RL,40,7,JN1ILK
19:52:44,14051.0,F5MZN,26,18,BD8CS
19:52:44,14051.0,F5MZN,26,6,OH4KA
19:52:46,14020.1,KC6PGA,24,12,WE9V
19:52:46,14020.1,KC6PGA,24,24,K5EM
19:52:46,14020.1,KC6P,25,6,W1NT-6
19:52:46,14025.5,K7SS,36,24,WE9V
19:52:46,14026.0,WS7L,34,0,AA0O
19:52:46,14030.1,K0INN,28,11,W1NT-6
19:52:46,14034.4,K1VUT,31,20,WE9V
19:52:46,14034.5,K1VUT,31,10,K4PP
19:52:46,14040.6,NE5A,29,6,K5EM
19:52:46,14043.2,K5UV,37,12,K4PP
19:52:46,14051.0,F5MZN,27,2,UY2RA
19:52:46,14051.0,F5MZN,26,20,W1NT-6
19:52:47,14005.0,CN2DX,28,15,ES2RR
19:52:47,14034.4,K1VUT,31,15,K5TR
19:52:47,14039.3,K7RL,39,13,KM3T-2
19:52:48,14026.0,WS7L,34,14,NU4F
19:52:48,14032.7,N4BP,30,5,GI4DOH
19:52:48,14034.4,K1VUT,31,7,IT9GSF
19:52:48,14034.5,K1VUT,31,18,WX7V/5
19:52:49,14020.1,KC6PGA,25,14,ZF9CW
19:52:49,14034.5,K1VUT,31,29,ZF9CW
19:52:50,14025.5,K7SS,39,11,K6FOD
19:52:50,14025.5,K7SS,40,38,KD7EFG
19:52:50,14028.0,K9UIY,30,17,K9IMM
19:52:50,14034.4,K1VUT,31,17,K9IMM
19:52:51,14034.5,K1VUT,31,30,N9CO
19:52:51,14034.5,K1VUT,31,11,AC0C-1
19:52:51,14039.2,K7RL,38,15,KM3T-5
19:52:51,14043.2,K5UV,37,12,KM3T-5
19:52:52,14031.0,K3WW,40,10,KD2M
19:52:52,14034.5,K1VUT,32,8,DL8LAS
19:52:52,14035.2,VE3JM,37,2,KD2M
19:52:53,14030.1,K0INN,29,8,WA7LNW
19:52:53,14031.0,K3WW,35,34,WA7LNW
19:52:53,14034.4,K1VUT,32,8,K9LC
19:52:53,14034.5,K1VUT,31,16,WA7LNW
19:52:53,14064.1,IU4TPU,13,3,IK4VET
19:52:54,14025.8,WS7L,34,23,VE4DRK
19:52:54,14029.0,K5SJC,32,11,VE4DRK
19:52:54,14034.5,K1VUT,31,11,S53A
19:52:55,14029.7,KH7X,36,17,N2YCH
19:52:55,14031.6,K4XU,35,13,K7EK
19:52:55,14035.2,VE3JM,38,8,EA5WU
19:52:55,14039.3,K7RL,39,12,K7EK
19:52:56,14014.0,IZ4VSZ,24,7,R4NCU
19:52:57,14026.6,W1WEF,38,8,EI4HQ
19:52:57,14034.5,K1VUT,31,9,AA4PA
19:52:57,14037.1,K0SN,39,17,W1NT-6
19:52:57,14040.4,NE5A,31,6,OK1HRA
19:52:58,14064.0,U4TPU,13,5,RU9CZD
19:52:59,14034.4,K1VUT,32,8,NU4F
19:53:00,14033.0,WJ9B,35,22,ZF9CW
19:53:00,14041.1,N5RZ,38,37,K9IMM
19:53:00,14042.9,JE2EHP/2,25,21,ZL4YL
19:53:00,14048.0,WC1D,23,5,K9IMM
19:53:01,14033.0,WJ9B,36,22,N9CO
19:53:01,14034.4,K1VUT,32,21,ND7K
19:53:01,14036.2,W5TM,37,8,N6TV
19:53:01,14058.5,N2ETH,19,9,N9CO
19:53:02,14037.1,K0SN,37,22,W6YX
19:53:02,14051.8,KG5WAW,22,6,W6YX
19:53:03,14026.6,W1WEF,38,15,VE6AO
19:53:03,14026.6,W1WEF,38,35,WA7LNW
19:53:03,14037.1,K0SN,40,15,TI7W
19:53:03,14042.9,JE2EHP/2,25,14,BD7JNA
19:53:05,14041.2,N5RZ,38,27,N2YCH
19:53:05,14042.9,JE2EHP/2,25,14,BD8CS
19:53:05,14044.7,WT9U,37,12,N2YCH
19:53:05,14047.3,K6NR,25,13,K7EK
19:53:07,14030.0,IU3UJX,26,11,R4NCU
19:53:07,14030.0,IU3UJX,27,4,W1NT-6
19:53:07,14031.0,K3WW,36,31,AA4PA
19:53:07,14031.9,K5OHY,31,7,KM3T-2
19:53:07,14037.1,K0SN,37,16,KM3T-2
19:53:08,14042.9,JE2EHP/2,25,15,BI7JMD
19:53:08,14047.2,K6NR,25,20,IT9GSF
19:53:09,14031.0,K3WW,39,14,NU4F
19:53:10,14024.9,W8FJ,42,19,K6FOD
19:53:11,14024.9,W8FJ,43,47,KD7EFG
19:53:11,14039.3,K7RL,39,50,KD7EFG
19:53:11,14050.5,WA2VJL,15,6,K1RA-4
19:53:12,14034.1,DL5YAD,23,10,KM3T-5
19:53:12,14050.5,WA2VJL,15,11,AC0C-1
19:53:13,14032.7,N4BP,30,11,VE6AO
19:53:13,14034.5,K1VUT,31,8,DL8LAS-3
19:53:13,14068.7,DL8NBM,23,5,BG7IEJ
19:53:14,14033.0,WJ9B,35,13,W1NT-2
19:53:14,14033.1,WJ9B,35,11,W2NNN
19:53:14,14035.8,N6CHU,28,19,VE4DRK
19:53:14,14036.8,K0VBU,38,14,TI7W
19:53:14,14037.1,K0SN,34,17,K9LC
19:53:15,14012.9,SM7FCU,24,26,EA5WU
19:53:15,14034.1,DL5YAD,23,21,BD8CS
19:53:15,14037.7,W6SX,37,6,K7EK
19:53:15,14043.3,K5UV,37,10,K7EK
19:53:16,14012.9,SM7FCU,25,15,EA4RKC
19:53:16,14033.0,WJ9B,35,15,KC4YVA
19:53:16,14033.0,WJ9B,34,12,KM3T-3
19:53:16,14034.1,DL5YAD,23,9,KM3T-3
19:53:16,14035.2,VE3JM,38,10,G4ZFE
19:53:16,14040.5,NE5A,32,11,KC4YVA
19:53:16,14042.6,W7JET,35,16,KC4YVA
19:53:17,14047.2,K6NR,25,7,EI4HQ
19:53:18,14029.1,K5SJC,33,22,K5TR
19:53:18,14034.1,DL5YAD,23,8,KM3T-2
19:53:18,14034.1,DL5YAD,23,26,RK3TD
19:53:19,14012.9,SM7FCU,24,37,RU9CZD
19:53:19,14012.9,SM7FCU,25,44,IT9GSF
19:53:19,14034.1,DL5YAD,23,19,RU9CZD
19:53:19,14042.5,W7JET,36,21,IT9GSF
19:53:20,14034.1,DL5YAD,23,33,RK3TD-2
19:53:21,14026.6,W1WEF,37,27,ZF9CW
19:53:21,14029.1,K5SJC,33,9,WB6BEE
19:53:21,14031.0,K3WW,37,33,ZF9CW
19:53:21,14036.2,W5TM,37,15,K6FOD
19:53:21,14050.5,WA2VJL,15,5,K6FOD
19:53:21,14066.5,WJ0L,21,5,K3PA-1
19:53:22,14015.0,JA5TX,18,15,9M2CNC
19:53:22,14024.9,W8FJ,44,9,N6TV
19:53:23,14015.0,JA5TX,18,6,LZ5DI
19:53:24,14013.0,SM7FCU,24,22,BG7IEJ
19:53:24,14031.1,K3WW,40,12,IK4VET
19:53:24,14034.2,DL5YAD,22,15,BG7IEJ
19:53:24,14043.0,JE2EHP/2,25,14,BG7IEJ
19:53:25,14026.0,WS7L,34,16,N2YCH
19:53:25,14028.0,K9UIY,30,6,N2EPE
19:53:25,14034.1,DL5YAD,23,2,LZ7AA
19:53:26,14012.9,SM7FCU,24,29,BD8CS
19:53:26,14026.0,WS7L,32,10,K7EK
19:53:26,14029.2,K5SJC,33,7,K7EK
19:53:26,14031.0,K3WW,38,7,K7EK
19:53:26,14035.2,VE3JM,38,43,K7EK
19:53:26,14042.6,W7JET,37,13,K7EK
19:53:26,14057.9,KN8N,24,3,K7CO
19:53:27,14024.9,W8FJ,44,21,K5EM
19:53:27,14025.0,IT9BGE,20,11,CX6VM
19:53:27,14029.1,K5SJC,33,5,KM3T-3
19:53:27,14034.1,DL5YAD,23,25,R4NCU
19:53:28,14020.1,KC6PGA,24,7,W1NT-6
19:53:28,14024.9,W8FJ,44,17,NG7M
19:53:28,14029.5,AI5IN,37,10,VE6WZ
19:53:28,14029.5,AI5IN,38,32,W1NT-6
19:53:28,14030.7,N4HAI,31,7,VE6WZ
19:53:29,14012.9,SM7FCU,24,8,BI7JMD
19:53:29,14034.1,DL5YAD,23,12,IT9GSF
19:53:30,14029.5,AI5IN,37,24,NU4F
19:53:30,14029.5,AI5IN,37,19,N4HAC
19:53:31,14013.0,SM7FCU,24,6,SZ1A
19:53:31,14029.5,AI5IN,37,32,K9IMM
19:53:31,14029.5,AI5IN,38,24,K6FOD
19:53:31,14029.5,AI5IN,37,34,ZF9CW
19:53:31,14034.1,DL5YAD,23,17,ZL4YL
19:53:31,14039.3,K7RL,38,27,K6FOD
19:53:32,14029.5,AI5IN,38,20,ND7K
19:53:32,14029.5,AI5IN,38,22,K1RA-4
19:53:32,14029.5,AI5IN,38,34,N9CO
19:53:32,14029.5,AI5IN,38,17,W8WTS
19:53:32,14029.5,AI5IN,38,14,KD2M
19:53:32,14029.5,AI5IN,37,13,N6TV
19:53:32,14040.5,NE5A,30,47,AC0C-1
19:53:32,14049.0,ND9M,28,20,AC0C-1
19:53:32,14057.9,KN8N,23,5,AC0C-1
19:53:32,14066.5,WJ0L,21,4,AC0C-1
19:53:33,14029.1,K5SJC,32,5,KM3T-5
19:53:33,14029.5,AI5IN,38,29,KM3T-5
19:53:33,14029.5,AI5IN,37,12,W2NAF
19:53:33,14029.5,AI5IN,38,18,W6YX
19:53:33,14029.5,AI5IN,38,23,W8WWV
19:53:33,14049.0,ND9M,28,21,W8WWV
19:53:34,14029.5,AI5IN,38,26,W3RGA
19:53:34,14029.5,AI5IN,38,26,WA7LNW
19:53:34,14029.5,AI5IN,38,17,S53A
19:53:34,14034.1,DL5YAD,23,10,W1NT-2
19:53:34,14034.1,DL5YAD,23,11,TI7W
19:53:34,14041.6,AE1T,37,17,DP5G
19:53:34,14043.2,K5UV,37,4,K9LC
19:53:34,14049.0,ND9M,28,17,W3RGA
19:53:34,14049.0,ND9M,28,20,TI7W
19:53:34,14057.9,KN8N,23,3,W1NT-2
19:53:35,14029.5,AI5IN,37,23,WC2L
19:53:35,14029.5,AI5IN,38,14,N2EPE
19:53:35,14029.6,AI5IN,38,27,W2NNN
19:53:35,14036.0,N6CHU,28,23,W2NNN
19:53:35,14042.4,W7JET,41,28,VE4DRK
19:53:36,14026.6,W1WEF,38,31,K7EK
19:53:36,14028.0,K9UIY,31,34,K7CO
19:53:36,14029.5,AI5IN,37,22,N2YCH
19:53:36,14029.5,AI5IN,38,6,EA5WU
19:53:36,14029.5,AI5IN,37,33,K7EK
19:53:36,14029.5,AI5IN,37,26,K7CO
19:53:36,14029.5,AI5IN,37,22,KC4YVA
19:53:36,14041.6,AE1T,37,7,G4ZFE
19:53:36,14041.7,AE1T,37,24,K7EK
19:53:37,14026.6,W1WEF,38,14,WT8P
19:53:37,14029.5,AI5IN,38,25,K4PP
19:53:37,14029.5,AI5IN,38,28,KM3T-3
19:53:38,14026.0,WS7L,35,21,AA4PA
19:53:38,14026.6,W1WEF,38,24,AA4PA
19:53:38,14029.5,AI5IN,38,33,AA4PA
19:53:38,14029.5,AI5IN,38,18,KM3T-2
19:53:38,14029.5,AI5IN,35,13,NG7M
19:53:38,14034.4,K1VUT,32,14,VE6WZ
19:53:38,14035.5,K3ATO,37,27,AA4PA
19:53:38,14049.0,ND9M,28,32,AA4PA
19:53:38,14057.9,KN8N,24,6,AA4PA
19:53:39,14029.5,AI5IN,38,21,N7VVX
19:53:39,14034.9,N7NR,34,27,WX7V/5
19:53:39,14043.2,K5UV,37,25,WX7V/5
19:53:40,14035.5,K3ATO,34,8,DR4W
19:53:40,14049.0,ND9M,28,12,NU4F
19:53:41,14026.6,W1WEF,37,11,DK0KK
19:53:41,14029.5,AI5IN,37,15,W2MV
19:53:41,14029.5,AI5IN,38,27,WB6BEE
19:53:41,14036.8,K0VBU,36,15,MM9PSY
19:53:41,14049.0,ND9M,28,16,WB6BEE
19:53:41,14049.0,ND9M,28,17,K9IMM
19:53:42,14029.5,AI5IN,37,26,KD7EFG
19:53:42,14029.5,AI5IN,37,20,ZL4YL
19:53:42,14049.0,ND9M,28,32,ZF9CW
19:53:42,14049.0,ND9M,28,27,K1RA-4
19:53:42,14049.0,ND9M,28,14,N9CO
19:53:42,14056.0,N1BS,24,12,N9CO
19:53:43,14035.2,VE3JM,38,12,MM0ZBH
19:53:43,14035.5,K3ATO,38,10,KD2M
19:53:43,14036.8,K0VBU,37,17,W8WTS
19:53:43,14040.5,NE5A,30,6,N6TV
19:53:43,14048.5,AB9CA,19,24,AC0C-1
19:53:43,14060.0,KK7OOG,20,7,AC0C-1
19:53:44,14024.9,W8FJ,44,13,VE6AO
19:53:44,14034.4,K1VUT,32,14,VE6WZ-3
19:53:44,14038.1,G3YMC,39,7,SQ5J
19:53:45,14026.6,W1WEF,37,19,TI7W
19:53:45,14026.6,W1WEF,34,4,VE7CC
19:53:45,14026.6,W1WEF,34,4,VE7CC
19:53:45,14047.2,K6NR,25,13,TI7W
19:53:47,14035.7,K3ATO,34,5,DL5RCN
19:53:47,14039.3,K7RL,40,17,K4PP
19:53:48,14026.7,W1WEF,37,21,K5EM
19:53:49,14026.6,W1WEF,38,10,NG7M
19:53:49,14029.5,AI5IN,37,8,K5TR
19:53:49,14038.0,G3YMC,39,22,G0KTN
19:53:51,14025.5,K7AS,39,8,AK6RI-1
19:53:51,14026.0,WS7L,34,27,WB6BEE
19:53:53,14033.0,WJ9B,35,29,AC0C-1
19:53:53,14033.0,WJ9B,36,23,W6YX
19:53:54,14002.1,OH3GD,24,12,F4GOU
19:53:54,14035.2,VE3JM,38,12,DL1HWS
19:53:55,14060.0,KK7OOG,20,8,WA7LNW
19:53:56,14014.0,IZ4VSZ,24,4,OH4KA
19:53:56,14033.0,WJ9B,36,15,N2EPE
19:53:56,14048.5,AB9CA,18,4,DK0TE
19:53:57,14031.9,K5OHY,30,14,KC4YVA
19:53:58,14002.1,OH3GD,24,29,EI4HQ
19:53:58,14035.2,VE3JM,38,24,AA4PA
19:53:59,14033.0,WJ9B,36,10,KM3T-2
19:53:59,14048.5,AB9CA,18,4,DK9IP
19:54:00,14048.5,AB9CA,18,7,DK9IP-1
19:54:01,14033.0,WJ9B,35,13,N4HAC
19:54:01,14049.0,ND9M,28,18,N4HAC
19:54:02,14026.0,WS7L,35,10,AK6RI-1
19:54:02,14033.0,WJ9B,36,5,AK6RI-1
19:54:02,14033.0,WJ9B,35,20,ND7K
19:54:02,14034.4,K1VUT,31,22,K3PA-1
19:54:02,14035.9,N6CHU,28,42,KD7EFG
19:54:02,14036.2,W5TM,35,39,K3PA-1
19:54:02,14049.0,ND9M,28,20,K3PA-1
19:54:03,14033.0,WJ9B,36,21,K1RA-4
19:54:03,14033.0,WJ9B,34,13,KM3T-5
19:54:04,14024.0,VE2FK,34,9,N6TV
19:54:04,14029.5,AI5IN,37,38,AC0C-1
19:54:04,14033.0,WJ9B,35,13,N6TV
19:54:05,14024.0,VE2FK,33,17,S53A
19:54:05,14029.5,AI5IN,38,36,W1NT-2
19:54:05,14036.0,N6CHU,28,18,TI7W
19:54:05,14036.2,W5TM,38,21,VE6AO
19:54:06,14029.2,K5SJC,33,19,W2NNN
19:54:06,14030.0,IU3UJX,26,6,EA5WU
19:54:06,14049.0,ND9M,28,15,N2EPE
19:54:09,14034.1,DL5YAD,23,10,W1NT-6
19:54:10,14035.2,VE3JM,38,24,IT9GSF
19:54:12,14024.9,W8FJ,43,29,K3PA-1
19:54:12,14040.5,NE5A,30,2,AK6RI-1
19:54:13,14012.9,SM7FCU,24,23,ZL4YL
19:54:13,14014.0,IZ4VSZ,24,12,ZL4YL
19:54:13,14024.9,W8FJ,40,36,ZF9CW
19:54:13,14031.9,K5OHY,30,18,ND7K
19:54:13,14047.2,K6NR,25,6,ZL4YL
19:54:14,14024.9,W8FJ,44,8,DL8LAS-3
19:54:14,14024.9,W8FJ,44,26,W6YX
19:54:14,14035.9,N6CHU,27,24,KM3T-5
19:54:14,14039.8,K0RX,35,9,W6YX
19:54:14,14048.5,AB9CA,18,6,OE9GHV
19:54:15,14024.8,W8FJ,44,27,VE6WZ-3
19:54:16,14042.9,JE2EHP/2,25,5,BI4MPH
19:54:18,14024.9,W8FJ,44,33,K4PP
19:54:18,14036.8,K0VBU,37,26,K4PP
19:54:19,14024.8,W8FJ,44,27,VE6WZ
19:54:19,14024.9,W8FJ,41,26,WE9V
19:54:19,14042.5,W7JET,38,29,KM3T-3
19:54:20,14026.0,WS7L,36,13,WT9U
19:54:20,14032.7,N4BP,34,14,WT9U
19:54:20,14036.2,W5TM,35,18,WX7V/5
19:54:20,14036.2,W5TM,35,11,IT9GSF
19:54:20,14040.5,NE5A,30,13,WT9U
19:54:23,14024.0,UE2FK,33,49,N9CO
19:54:23,14024.9,W8FJ,44,8,DL8LAS
19:54:23,14042.6,W7JET,39,38,K3PA-1
19:54:23,14060.0,KK7OOG,20,2,ND7K
19:54:23,14066.5,WJ0L,21,5,ND7K
19:54:24,14037.1,K0SN,33,11,ZL4YL
19:54:24,14042.6,W7JET,37,32,AC0C-1
19:54:25,14029.5,AI5IN,37,3,VE6WZ-3
19:54:25,14029.6,AI5IN,37,14,IK4VET
19:54:25,14035.2,VE3JM,38,33,S53A
19:54:26,14029.5,AI5IN,36,5,ZL3X
19:54:26,14029.5,AI5IN,36,15,TI7W
19:54:26,14030.1,K0INN,29,21,K9LC
19:54:26,14034.1,DL5YAD,23,3,W3RGA
19:54:28,14024.0,VE2FK,34,2,AA0O
19:54:28,14024.9,W8FJ,44,11,WT8P
19:54:28,14041.1,N5RZ,39,6,WT8P
19:54:29,14032.8,N4NEP,31,10,K5EM
19:54:30,14024.9,W8FJ,44,8,IT9GSF
19:54:30,14029.5,AI5IN,37,3,VE6WZ
19:54:30,14037.1,K0SN,36,34,N7VVX
19:54:32,14005.0,CN2DX,28,14,RN4WA
19:54:32,14013.0,SM7FCU,24,21,RN4WA
19:54:32,14014.0,IZ4VSZ,23,5,RN4WA
19:54:32,14017.8,OE6JTD,21,19,RN4WA
19:54:32,14025.0,IT9BGE,21,8,RN4WA
19:54:32,14034.1,DL5YAD,23,12,RN4WA
19:54:33,14029.5,AI5IN,35,6,DL8LAS
19:54:34,14031.9,TK5OHY,30,12,W6YX
19:54:34,14037.1,K0SN,35,26,ZF9CW
19:54:34,14040.5,NE5A,32,3,W8WTS
19:54:35,14029.5,AI5IN,35,6,DL8LAS-1
19:54:35,14030.1,K0INN,29,8,W8WWV
19:54:35,14043.5,W4XO,29,27,W1NT-2
19:54:36,14025.3,K7SS,39,13,VE4DRK
19:54:36,14025.3,K7IS,40,13,VE4DRK
19:54:36,14032.8,WJ9B,35,12,VE4DRK
19:54:36,14043.5,W4XO,28,31,W3RGA
19:54:36,14066.5,WJ0L,21,2,VE6WZ-3
19:54:37,14043.5,W4XO,29,19,WA7LNW
19:54:38,14030.1,K0INN,29,7,N2YCH
19:54:38,14030.7,N4HAI,31,30,K7CO
19:54:38,14036.0,N6CHU,27,20,KC4YVA
19:54:38,14037.7,W6SX,37,16,KC4YVA
19:54:39,14032.8,N4BP,31,10,K5EM
19:54:39,14043.5,W4XO,28,25,K4PP
19:54:39,14043.5,W4XO,28,14,KM3T-3
19:54:39,14043.5,W4XO,29,38,AA4PA
19:54:39,14060.0,EA2CAR,20,10,ES2RR
19:54:40,14032.8,N4BP,31,5,PY2KNK
19:54:40,14033.0,WJ9B,35,9,WX7V/5
19:54:40,14043.5,W4XO,28,29,WX7V/5
19:54:40,14048.5,AB9CA,19,5,NG7M
19:54:40,14060.0,EA2CAR,20,18,SE5E
19:54:40,14066.5,WJ0L,21,2,VE6WZ
19:54:41,14026.6,W1WEF,35,9,DR4W
19:54:41,14029.5,AI5TN,35,12,WT9U
19:54:41,14043.5,W4XO,28,15,IT9GSF
19:54:41,14047.2,K6NR,25,13,NU4F
19:54:41,14060.0,EA2CAR,20,19,IT9GSF
19:54:42,14043.2,K5UV,37,19,K6FOD
19:54:43,14020.0,KC6P,25,9,K9IMM
19:54:43,14043.5,W4XO,28,29,K3PA-1
19:54:43,14044.7,K0RX,33,16,WB6BEE
19:54:44,14020.1,KC6P,24,12,N9CO
19:54:44,14031.9,K5OHY,30,20,K1RA-4
19:54:44,14037.1,K0SN,37,9,W8WTS
19:54:44,14044.7,K0RX,33,24,K1RA-4
19:54:44,14044.7,K0RX,33,12,W8WTS
19:54:44,14044.7,K0RX,33,17,KM3T-5
19:54:45,14030.1,K0INN,27,32,AC0C-1
19:54:45,14035.5,K3ATO,37,29,AC0C-1
19:54:45,14043.5,W4XO,29,20,W6YX
19:54:45,14044.6,K0RX,33,29,W8WWV
19:54:46,14024.9,WO4EJ,39,27,TI7W
19:54:46,14043.7,F5PLC,24,7,W3RGA
19:54:46,14044.7,K0RX,33,19,W1NT-2
19:54:46,14044.7,K0RX,33,15,W3RGA
19:54:46,14060.0,EA2CAR,20,13,LZ7AA
19:54:47,14028.0,K9UIY,29,5,WC2L
19:54:47,14040.5,NE5A,30,3,WC2L
19:54:47,14044.7,K0RX,33,25,N2EPE
19:54:48,14043.7,F5PLC,24,31,OH6BG
19:54:48,14044.7,K0RX,33,8,KC4YVA
19:54:49,14020.1,KC6P,24,28,K7CO
19:54:50,14020.1,KC6PGA,24,8,KM3T-2
19:54:50,14037.1,K0SN,37,18,KM3T-3
19:54:50,14044.7,K0RX,33,15,KM3T-2
19:54:50,14044.7,K0RX,33,16,KM3T-3
19:54:50,14044.7,K0RX,33,15,AA4PA
19:54:50,14044.7,K0RX,33,11,W1NT-6
19:54:51,14024.9,W8FJ,44,9,VE6WZ
19:54:51,14042.0,WB7BWZ,30,15,K5TR
19:54:51,14043.7,F5PLC,24,27,IT9GSF
19:54:51,14044.7,K0RX,33,8,K5TR
19:54:51,14056.0,N1BS,24,7,K5TR
19:54:52,14047.2,K6NR,25,4,W2MV
19:54:53,14036.8,K0VBU,37,24,KD7EFG
19:54:53,14042.0,WB7BWZ,30,8,WB6BEE
19:54:54,14060.0,EA2CAR,20,3,LZ4UX
19:54:55,14026.6,W1WEF,38,46,N9CO
19:54:55,14035.2,VE3JM,37,7,DP5G
19:54:55,14042.0,WB7BWZ,30,15,ZL4YL
19:54:55,14042.0,WB7BWZ,30,8,W6YX
19:54:56,14060.0,EA2CAR,20,14,ES5PC
19:54:57,14042.6,W7JET,37,17,W2NNN
19:54:58,14042.0,WB7BWZ,30,22,WA7LNW
19:55:00,14025.0,IT9BGE,20,19,S50U
19:55:00,14029.2,K5SJC,33,8,K4PP
19:55:00,14035.2,VE3JM,38,10,G0KTN
19:55:01,14037.1,K0SN,36,28,WE9V
19:55:01,14039.3,K7RL,35,28,NG7M
19:55:01,14042.0,WB7BWZ,30,6,N7VVX
19:55:01,14042.0,WB7BWZ,30,12,NG7M
19:55:01,14048.0,WC1D,23,6,WX7V/5
19:55:02,14025.0,IT9BGE,20,11,PE5TT
19:55:02,14032.2,K0TG,39,10,NU4F
19:55:03,14025.0,IT9BGE,20,15,OZ1AAB
19:55:03,14026.6,W1WEF,38,16,K6FOD
19:55:04,14032.2,K0TG,39,6,KD2M
19:55:04,14032.8,N4BP,30,10,DL8LAS
19:55:04,14032.8,N4BP,30,10,DL8LAS-3
19:55:04,14036.8,K0VBU,37,15,DL8LAS
19:55:04,14037.1,K0SN,37,37,ND7K
19:55:04,14037.1,K0SN,35,33,K9IMM
19:55:04,14042.0,WB7BWZ,30,13,ND7K
19:55:04,14044.3,WT9U,41,44,KD7EFG
19:55:04,14044.3,WT9U,37,17,ND7K
19:55:04,14044.7,K0RX,33,24,ZF9CW
19:55:04,14046.8,N4VI,31,7,ND7K
19:55:04,14046.8,N4VI,30,20,K9IMM
19:55:04,14046.8,N4VI,31,14,W8WTS
19:55:04,14046.8,N4VI,30,18,K1RA-4
19:55:05,14032.2,K0TG,38,10,N6TV
19:55:05,14032.7,N4BP,30,7,DP5G
19:55:05,14042.0,WB7BWZ,30,16,AC0C-1
19:55:05,14046.8,N4VI,30,24,AC0C-1
19:55:06,14025.0,IT9BGE,20,3,F4GOU
19:55:06,14025.0,IT9BGE,20,8,PY2PE
19:55:06,14036.8,K0VBU,37,15,DL8LAS-1
19:55:06,14046.8,N4VI,31,9,W6YX
19:55:07,14044.5,K0RX,33,7,VE4DRK
19:55:07,14044.7,K0RX,33,22,VE6WZ-3
19:55:07,14046.8,N4VI,31,19,W3RGA
19:55:07,14046.8,N4VI,30,15,K9LC
19:55:07,14047.2,K6NR,27,3,VE7CC
19:55:07,14047.2,K6NR,27,3,VE7CC
19:55:08,14025.0,IT9BGE,20,3,DM5GG
19:55:08,14036.8,K0VBU,36,22,N2YCH
19:55:08,14044.7,K0RX,33,17,WC2L
19:55:08,14044.7,K0RX,33,33,WA7LNW
19:55:08,14046.8,N4VI,31,21,N2EPE
19:55:08,14046.9,N4VI,31,9,N2YCH
19:55:09,14036.8,K0VBU,35,14,K7CO
19:55:09,14042.1,WB7BWZ,29,11,K7CO
19:55:09,14044.7,K0RX,33,20,K7CO
19:55:10,14025.0,IT9BGE,20,5,KM3T-3
19:55:10,14043.5,W4XO,26,14,KM3T-2
19:55:11,14032.2,K0TG,36,7,VE6WZ
19:55:11,14036.8,K0VBU,36,10,DK9IP-1
19:55:11,14040.5,NE5A,30,18,WX7V/5
19:55:11,14043.5,W4XO,27,23,W1NT-6
19:55:11,14043.7,F5PLC,23,12,W1NT-6
19:55:11,14044.7,K0RX,33,22,VE6WZ
19:55:11,14044.7,K0RX,33,20,WX7V/5
19:55:11,14046.8,N4VI,31,18,WX7V/5
19:55:11,14046.8,N4VI,31,17,IT9GSF
19:55:11,14046.8,N4VI,31,12,WE9V
19:55:12,14031.0,K3WW,39,15,DL1HWS-4
19:55:12,14046.8,N4VI,30,7,K5TR
19:55:12,14046.8,N4VI,31,11,N4HAC
19:55:13,14047.2,K6NR,26,6,AK6RI-1
19:55:14,14035.5,K3ATO,38,22,K3PA-1
19:55:14,14035.5,K3ATO,36,31,KD7EFG
19:55:14,14042.0,WB7BWZ,30,13,K3PA-1
19:55:14,14046.8,N4VI,30,32,K3PA-1
19:55:15,14024.9,W8FJ,45,6,DM6EE
19:55:15,14025.0,IT9BGE,21,6,KM3T-5
19:55:15,14034.9,K3GG,35,7,ND7K
19:55:15,14036.8,K0VBU,37,14,DL8LAS-3
19:55:15,14036.8,K0VBU,37,30,K1RA-4
19:55:15,14043.7,F5PLC,23,11,ZF9CW
19:55:15,14046.8,N4VI,31,15,ZF9CW
19:55:15,14046.8,N4VI,31,20,N9CO
19:55:15,14046.8,N4VI,31,7,KM3T-5
19:55:15,14066.5,WJ0L,21,0,K1RA-4
19:55:16,14031.0,K3WW,39,32,AC0C-1
19:55:16,14031.0,K3WW,39,16,S53A
19:55:16,14031.0,K3WW,39,25,W6YX
19:55:16,14036.8,K0VBU,36,24,AC0C-1
19:55:16,14036.8,K0VBU,37,22,S53A
19:55:16,14036.8,TK0VBU,36,16,W6YX
19:55:16,14042.5,W7JET,37,28,W8WWV
19:55:16,14043.7,F5PLC,23,12,W1NT-2
19:55:16,14043.7,F5PLC,24,1,LZ7AA
19:55:16,14044.7,K0RX,34,7,N6TV
19:55:16,14046.8,N4VI,31,13,W1NT-2
19:55:16,14046.8,N4VI,31,30,W8WWV
19:55:16,14062.5,KJ7VSF,17,8,W8WWV
19:55:17,14034.9,K3GG,29,20,TI7W
19:55:17,14044.7,K0RX,33,13,W2NNN
19:55:17,14046.9,N4VI,31,8,W2NNN
19:55:18,14035.5,K3ATO,38,29,WA7LNW
19:55:18,14039.3,K7RL,39,29,WA7LNW
19:55:18,14042.6,W7JET,37,19,WC2L
19:55:18,14046.8,N4VI,31,25,WA7LNW
19:55:20,14008.7,YT2ISM,23,11,SE5E
19:55:20,14046.8,N4VI,31,5,KM3T-2
19:55:20,14046.9,N4VI,31,12,K5EM
19:55:21,14046.8,N4VI,31,6,KM3T-3
19:55:21,14046.8,N4VI,31,8,AA4PA
19:55:22,14036.8,K0VBU,36,8,M1GEO
19:55:24,14024.9,W8FJ,39,9,AK6RI-1
19:55:24,14025.5,K7SS,39,30,K3PA-1
19:55:24,14031.0,K3WW,40,24,K3PA-1
19:55:24,14036.2,W5TM,37,23,WB6BEE
19:55:24,14046.8,N4VI,32,33,WB6BEE
19:55:25,14008.7,YT2ISM,23,8,MM0ZBH
19:55:25,14030.1,K0INN,29,5,ND7K
19:55:25,14031.0,K3WW,40,35,KD7EFG
19:55:25,14036.2,W5TM,38,26,K9IMM
19:55:25,14036.2,W5TM,37,21,K1RA-4
19:55:25,14036.2,W5TM,33,23,ZF9CW
19:55:26,14008.7,YT2IIM,23,10,ZL4YL
19:55:26,14008.8,YT2ISM,23,14,BG7IEJ
19:55:26,14027.3,OH3BCX,33,21,F4GOU
19:55:26,14027.3,OH3BCX,33,37,S53A
19:55:26,14027.3,OH3BCX,33,24,LZ7AA
19:55:26,14036.2,W5TM,34,25,W1NT-2
19:55:26,14042.5,W7JET,35,30,N9CO
19:55:27,14008.7,YT2ISM,23,13,JN1ILK
19:55:27,14027.3,OH3BCX,32,20,LZ3CB
19:55:27,14027.3,OH3BCX,32,19,IZ2CPS
19:55:27,14031.0,K3WW,39,8,VE6AO
19:55:27,14036.2,W5TM,39,12,W6YX
19:55:27,14060.0,KK7OOG,21,4,W8WWV
19:55:27,14066.5,WJ0L,22,4,W8WWV
19:55:28,14008.6,YT2ISM,23,7,EA5WU
19:55:28,14008.7,YT2ISM,22,13,BD8CS
19:55:28,14008.7,YT2ISM,23,24,EA4RKC
19:55:28,14010.8,SM7FCU,24,20,EA5WU
19:55:28,14014.0,IZ4VSZ,25,7,G4ZFE
19:55:28,14027.3,OH3BCX,32,14,EA5WU
19:55:28,14035.9,N6CHU,27,15,WC2L
19:55:28,14036.2,W5TM,38,19,K9LC
19:55:28,14060.0,EA2CAR,20,15,OH6BG
19:55:29,14008.7,YT2ISM,23,27,EI4HQ
19:55:29,14008.7,YT2ISM,23,10,DF7GB
19:55:29,14027.3,OH3BCX,33,34,EI4HQ
19:55:29,14031.0,K3WW,39,7,DF7GB
19:55:29,14035.5,K3ATO,38,11,WT8P
19:55:29,14057.9,KN8N,24,2,WA7LNW
19:55:30,14024.9,W8FJ,44,30,K7CO
19:55:31,14008.7,YT2ISM,23,19,DO4DXA
19:55:31,14027.3,OH3BCX,32,26,G4KCM
19:55:31,14027.3,OH3BCX,33,35,HB9BXE
19:55:31,14036.2,W5TM,37,25,AA4PA
19:55:32,14008.6,YT2ISM,23,12,DR4W
19:55:32,14008.7,YT2ISM,23,18,RK3TD-2
19:55:32,14027.3,OH3BCX,32,30,IT9GSF
19:55:32,14031.0,K3WW,41,10,VE6WZ
19:55:32,14037.1,K0SN,37,29,NG7M
19:55:32,14046.8,N4VI,32,9,W1NT-6
19:55:33,14008.7,YT2ISM,23,21,MM9PSY
19:55:33,14027.3,OH3BCX,32,15,G4IRN
19:55:33,14027.3,OH3BCX,32,13,HB9EMP
19:55:33,14031.0,K3WW,38,8,MM9PSY
19:55:34,14025.0,IT9BGE,20,6,PT2FHC
19:55:34,14025.0,IT9BGE,20,9,WB6BEE
19:55:35,14027.3,OH3BCX,33,30,IK3STG
19:55:35,14027.3,OH3BCX,32,24,LZ5DI
19:55:35,14027.4,OH3BCX,32,31,IK4VET
19:55:35,14060.0,KK7OOG,20,18,KD7EFG
19:55:36,14032.2,K0TG,38,7,AC0C-1
19:55:36,14035.5,K3ATO,38,22,ND7K
19:55:36,14035.5,K3ATO,37,17,N9CO
19:55:37,14027.3,OH3BCX,33,11,ES5PC
19:55:37,14029.2,TK5SJC,33,13,W6YX
19:55:37,14048.0,WC1D,19,3,W1NT-2
19:55:37,14060.1,EA2CAR,20,6,BG7IEJ
19:55:38,14027.3,OH3BCX,33,8,EA4RKC
19:55:38,14031.0,K3WW,39,7,EA4RKC
19:55:38,14036.3,W5TM,37,12,W2NNN
19:55:38,14064.0,IU4TPU,13,4,EA5WU
19:55:39,14032.7,N4BP,30,15,EI4HQ
19:55:39,14036.3,W5TM,37,8,N2YCH
19:55:39,14036.3,W5TM,38,18,KC4YVA
19:55:40,14027.3,OH3BCX,32,38,G0KTN
19:55:41,14025.0,IT9BGE,20,7,DK9IP-1
19:55:42,14031.9,K5OHY,31,20,WE9V
19:55:44,14044.3,WT9U,40,5,K6FOD
19:55:45,14032.2,K0TG,37,5,W2NAF
19:55:46,14027.3,OH3BCX,33,34,IK7YTT
19:55:46,14035.2,VE3JM,37,40,K9IMM
19:55:46,14036.2,W5TM,37,16,ND7K
19:55:46,14044.7,K0RX,33,25,ND7K
19:55:47,14037.1,K0AN,35,39,AC0C-1
19:55:47,14041.5,AE1T,37,21,VE4DRK
19:55:48,14027.3,OH3BCX,32,10,VU2TUM
19:55:48,14036.2,W5TM,36,23,W3RGA
19:55:48,14037.1,K0SN,36,31,VE6AO
19:55:48,14043.2,K5UV,36,13,W3RGA
19:55:49,14008.6,YT2ISM,23,13,R4NCU
19:55:49,14008.7,YT2ISM,23,9,OH6BG
19:55:49,14035.9,N6CHU,28,22,K9LC
19:55:49,14040.5,NE5A,28,9,WT8P
19:55:50,14008.7,YT2ISM,23,6,GI4DOH
19:55:50,14027.3,OH3BCX,33,14,ES2RR
19:55:51,14036.2,W5TM,37,20,K4PP
19:55:51,14041.6,AE1T,34,6,DK9IP-1
19:55:51,14044.3,WT9U,36,7,N7VVX
19:55:52,14024.0,VE2FK,36,11,IT9GSF
19:55:52,14039.3,K7RL,39,18,KM3T-3
19:55:52,14043.2,K5UV,36,9,IT9GSF
19:55:53,14024.0,VE2FK,33,10,NG7M
19:55:55,14026.0,WS7L,34,42,K3PA-1
19:55:55,14026.6,W1WEF,38,10,DM6EE
19:55:55,14027.6,N8KLX,34,25,K3PA-1
19:55:56,14027.3,OH3BCX,32,14,OE9GHV
19:55:56,14032.2,K0TG,41,20,K1RA-4
19:55:57,14032.2,K0TG,40,21,ND7K
19:55:57,14032.2,K0TG,38,11,W1NT-2
19:55:57,14038.0,G3YMC,34,48,S53WW
19:55:58,14032.2,K0TG,34,6,W3RGA
19:55:59,14031.9,K5OHY,31,8,WC2L
19:55:59,14032.2,K0TG,40,17,W2NNN
19:55:59,14032.2,K0TG,40,14,N2EPE
19:55:59,14032.2,K0TG,39,10,WC2L
19:55:59,14042.6,W7JET,38,26,N2YCH
19:55:59,14043.5,W4XO,28,16,W2NNN
19:56:00,14032.7,N4BP,31,6,HA2NA
19:56:00,14049.0,ND9M,28,8,AA0O
19:56:01,14035.2,VE3JM,37,8,DK9IP-1
19:56:02,14035.2,VE3JM,37,5,PE5TT
19:56:03,14024.9,W8FJ,41,8,NU4F
19:56:03,14026.6,W1WEF,38,32,WE9V
19:56:03,14033.0,WJ9B,35,22,WE9V
19:56:03,14042.3,JN1RKE,21,15,JA1CCA
19:56:03,14049.0,ND9M,28,15,WE9V
19:56:04,14027.3,OH3BCX,33,7,SZ1A
19:56:04,14042.3,JN1RKE,21,13,HS0ZGZ
19:56:05,14044.7,K0RX,33,8,W2NAF
19:56:05,14047.2,K6NR,25,23,WB6BEE
19:56:06,14023.6,OH3GD,24,23,IK4VET
19:56:06,14042.3,JN1RKE,21,12,JQ1BVI
19:56:06,14042.3,JN1RKE,21,19,BI4UYX
19:56:06,14042.3,JN1RKE,21,20,BD7JNA
19:56:07,14024.9,W8FJ,44,6,S53A
19:56:07,14026.0,WS7L,35,9,ZL4YL
19:56:07,14031.9,K5OHY,31,23,AC0C-1
19:56:07,14042.3,JN1RKE,21,30,ZL4YL
19:56:07,14057.0,W1WC,20,12,N9CO
19:56:08,14032.1,K0TG,39,21,W8WWV
19:56:08,14042.3,JN1RKE,21,15,JH7CSU1
19:56:08,14042.3,JN1RKE,21,21,BI4MPH
19:56:08,14042.4,JN1RKE,21,24,BG7IEJ
19:56:08,14044.3,WT9U,39,7,N6TV
19:56:08,14048.9,ND9M,28,6,VE4DRK
19:56:08,14056.0,N1BS,24,23,TI7W
19:56:09,14014.0,IZ4VSZ,24,8,BD8CS
19:56:09,14014.0,IZ4VSZ,24,34,OH6BG
19:56:09,14024.9,W8FJ,40,35,K9LC
19:56:09,14026.6,TW1WE,37,23,K9LC
19:56:09,14035.2,VE3JM,34,9,EA4RKC
19:56:09,14042.3,JN1RKE,21,24,BD8CS
19:56:10,14023.6,OH3GD,24,24,EI4HQ
19:56:10,14025.5,K7SS,40,16,WC2L
19:56:10,14032.2,K0TG,39,19,KC4YVA
19:56:10,14035.5,K3ATO,38,6,DF7GB
19:56:11,14032.2,K0TG,37,10,K7CO
19:56:11,14035.6,K3ATO,37,21,K5EM
19:56:11,14042.3,JN1RKE,21,24,BI7JMD
19:56:11,14044.3,WT9U,40,31,WA7LNW
19:56:11,14049.0,ND9M,28,8,WA7LNW
19:56:12,14035.5,K3ATO,37,7,DK9IP-1
19:56:12,14041.6,AE1T,31,23,DR4W
19:56:12,14042.3,JN1RKE,21,13,BD4UNT
19:56:12,14044.3,WT9U,38,31,WX7V/5
19:56:13,14025.5,K7SS,40,13,N4HAC
19:56:13,14032.2,K0TG,40,11,N4HAC
19:56:13,14035.2,VE3JM,38,8,W1NT-6
19:56:14,14032.2,K0TG,39,21,K5TR
19:56:14,14035.2,VE3JM,38,15,NG7M
19:56:14,14036.2,W5TM,38,28,WE9V
19:56:14,14044.3,WT9U,38,17,K5TR
19:56:14,14048.0,WC1D,20,7,K5TR
19:56:14,14049.0,ND9M,28,10,K5TR
19:56:15,14032.2,K0TG,40,19,WB6BEE
19:56:16,14020.1,KC6PGA,24,43,KD7EFG
19:56:16,14034.4,K1VUT,32,7,DM6EE
19:56:16,14041.6,AE1T,35,8,DL1HWS
19:56:17,14024.0,VE2FK,34,31,K1RA-4
19:56:17,14024.0,VE2FK,35,36,K9IMM
19:56:17,14024.0,VE2FK,34,22,ND7K
19:56:17,14041.1,N5RZ,36,19,KM3T-5
19:56:17,14044.3,WT9U,38,17,KM3T-5
19:56:18,14024.0,VE2FK,35,34,AC0C-1
19:56:18,14024.0,VE2FK,35,35,W8WWV
19:56:18,14035.2,VE3JM,38,8,VE6AO
19:56:18,14035.5,K3ATO,38,10,DK0TE
19:56:18,14037.6,W6SX,37,19,VE6WZ-3
19:56:18,14037.7,W6SX,40,23,AC0C-1
19:56:18,14044.7,K0RX,32,22,W6YX
19:56:19,14024.0,VE2FK,34,19,W3RGA
19:56:19,14024.0,VE2FK,35,29,TI7W
19:56:19,14026.6,W1WEF,38,18,N2EPE
19:56:19,14032.2,K0TG,35,15,TI7W
19:56:19,14048.5,AB9CA,18,13,TI7W
19:56:20,14024.0,VE2FK,34,23,K9LC
19:56:20,14024.0,VE2FK,34,19,KC4YVA
19:56:20,14035.2,VE3JM,37,21,EI4HQ
19:56:20,14035.2,VE3JM,37,8,WT8P
19:56:21,14024.0,VE2FK,34,26,WA7LNW
19:56:21,14024.0,VE2FK,34,23,K4PP
19:56:22,14024.0,VE2FK,34,28,AA4PA
19:56:22,14037.6,W6SX,37,19,VE6WZ
19:56:22,14042.5,W7JET,40,21,VE6WZ
19:56:22,14043.2,K5UV,37,14,KM3T-2
19:56:22,14044.3,WT9U,39,35,K7CO
19:56:22,14044.3,WT9U,38,15,KM3T-2
19:56:23,14014.0,IZ4VSZ,24,8,RK3TD-2
19:56:23,14017.2,ON4KLV,17,19,IT9GSF
19:56:23,14024.0,VE2FK,34,16,NU4F
19:56:23,14030.0,IU3UJX,27,15,RK3TD-2
19:56:23,14032.2,K0TG,38,6,W1NT-6
19:56:23,14037.6,W6SX,37,22,KM3T-3
19:56:23,14039.3,K7RL,37,10,NU4F
19:56:23,14043.2,K5UV,37,15,KM3T-3
19:56:23,14044.3,WT9U,39,16,KM3T-3
19:56:24,14024.0,VE2FK,34,28,N4HAC
19:56:24,14024.0,VE2FK,34,34,WE9V
19:56:24,14024.0,VE2FK,34,28,K5TR
19:56:24,14037.1,K0SN,39,35,K5TR
19:56:24,14042.5,W7JET,38,25,WE9V
19:56:24,14048.5,AB9CA,18,16,K5TR
19:56:25,14029.6,KH7X,39,20,NG7M
19:56:26,14024.0,VE2FK,34,15,KD2M
19:56:26,14024.0,VE2FK,33,26,K3PA-1
19:56:26,14044.3,WT9U,36,42,K3PA-1
19:56:26,14048.5,AB9CA,18,26,K3PA-1
19:56:26,14057.0,W1WC,20,8,K3PA-1
19:56:27,14024.0,VE2FK,35,27,ZF9CW
19:56:27,14029.6,KH7X,38,12,ZL4YL
19:56:27,14037.6,W6SX,37,22,KM3T-5
19:56:27,14037.7,W6SX,36,23,ZF9CW
19:56:27,14048.5,AB9CA,18,23,ZF9CW
19:56:27,14048.5,AB9CA,18,20,KM3T-5
19:56:28,14032.2,K0TG,39,13,W6YX
19:56:28,14034.5,K1VUT,32,15,W6YX
19:56:28,14035.0,VE3JM,37,16,VE4DRK
19:56:28,14044.3,WT9U,38,40,AC0C-1
19:56:28,14044.3,WT9U,37,14,W1NT-2
19:56:28,14048.5,AB9CA,19,21,W1NT-2
19:56:28,14065.0,WA7PGE,16,17,ND7K
19:56:28,14065.0,WA7PGE,16,25,W6YX
19:56:29,14033.0,WJ9B,35,8,TI7W
19:56:29,14035.2,VE3JM,38,26,TI7W
19:56:29,14037.6,W6SX,37,13,VE6AO
19:56:29,14037.7,N9FZ,32,18,TI7W
19:56:29,14042.5,W7JET,40,21,VE6WZ-3
19:56:29,14046.8,AI5ZI,27,20,W2NNN
19:56:29,14065.0,WA7PGE,16,7,VE6WZ-3
19:56:30,14029.6,KH7X,39,17,WC2L
19:56:30,14030.0,IU3UJX,26,16,RK3TD
19:56:30,14034.2,OH3GD,24,10,BD8CS
19:56:30,14034.2,OH3GD,23,23,EI4HQ
19:56:31,14029.6,KH7X,38,17,KC4YVA
19:56:31,14035.2,VE3JM,37,22,K5EM
19:56:31,14036.3,W5TM,38,10,K5EM
19:56:32,14005.0,CN2DX,28,29,DO4DXA
19:56:32,14008.7,YT2ISM,23,4,DK9IP-1
19:56:32,14014.0,IZ4VSZ,24,7,RU9CZD
19:56:32,14024.0,VE2FK,35,18,K7CO
19:56:32,14029.6,KH7X,38,17,AA4PA
19:56:32,14033.0,WJ9B,35,15,AA4PA
19:56:32,14037.1,K0SN,35,36,WA7LNW
19:56:32,14041.6,AE1T,37,6,N7VVX
19:56:32,14048.5,AB9CA,18,18,KM3T-2
19:56:33,14024.5,N3OC,40,17,DR4W
19:56:33,14024.5,N3OC,40,8,VE6WZ
19:56:33,14034.2,OH3GD,24,16,IT9GSF
19:56:33,14034.4,K1VUT,32,5,DR4W
19:56:33,14036.7,AC3U,32,29,IT9GSF
19:56:33,14044.3,WT9U,38,17,VE6WZ
19:56:33,14048.5,AB9CA,19,21,WX7V/5
19:56:33,14048.5,AB9CA,18,19,KM3T-3
19:56:33,14065.0,WA7PGE,16,7,VE6WZ
19:56:34,14029.6,KH7X,38,18,W1NT-6
19:56:34,14036.2,W5TM,37,16,W1NT-6
19:56:34,14037.6,W6SX,37,14,WE9V
19:56:34,14048.5,AB9CA,18,14,W1NT-6
19:56:34,14060.0,EA2CAR,20,4,W1NT-6
19:56:35,14029.6,KH7X,36,35,K5TR
19:56:35,14029.6,KH7X,39,9,AK6RI-1
19:56:35,14065.0,WA7PGE,16,14,K5TR
19:56:36,14032.7,N4BP,31,8,IK7YTT
19:56:36,14034.2,OH3GD,23,31,IK4VET
19:56:36,14037.1,K0SN,37,38,K3PA-1
19:56:36,14060.0,EA2CAR,21,3,IK7YTT
19:56:37,14008.7,YT2ISM,23,6,DC8YZ
19:56:37,14024.5,N3OC,42,15,N9CO
19:56:37,14024.5,N3OC,39,27,S53A
19:56:37,14029.6,KH7X,39,28,N9CO
19:56:37,14029.6,KH7X,39,17,K1RA-4
19:56:37,14036.2,W5TM,37,40,N9CO
19:56:37,14037.6,W6SX,37,14,N9CO
19:56:38,14024.5,N3OC,37,31,AC0C-1
19:56:38,14029.6,KH7X,39,25,K9IMM
19:56:38,14029.6,KH7X,38,35,AC0C-1
19:56:38,14033.7,N4DW,31,25,AC0C-1
19:56:38,14035.2,VE3JM,38,7,PI4CC
19:56:38,14037.1,K0SN,36,37,AC0C-1
19:56:39,14024.5,N3OC,40,15,W6YX
19:56:39,14024.5,N3OC,40,10,N6TV
19:56:39,14024.5,N3OC,39,27,VE6WZ-3
19:56:39,14026.6,W1WEF,37,16,W8WWV
19:56:39,14029.6,KH7X,39,24,W6YX
19:56:39,14033.7,N4DW,31,18,W1NT-2
19:56:39,14033.7,N4DW,29,14,W6YX
19:56:39,14033.7,N4DW,30,20,VE6WZ-3
19:56:39,14036.2,W5TM,34,30,W8WWV
19:56:39,14044.3,WT9U,38,17,VE6WZ-3
19:56:40,14024.5,N3OC,39,27,TI7W
19:56:40,14024.5,N3OC,40,8,K9LC
19:56:40,14029.6,KH7X,40,27,TI7W
19:56:40,14033.7,N4DW,30,21,TI7W
19:56:40,14033.7,N4DW,30,8,EI4HQ
19:56:40,14033.8,N4DW,30,12,W2NNN
19:56:40,14033.8,N4DW,30,21,N2YCH
19:56:40,14049.0,ND9M,28,11,N2YCH
19:56:41,14026.6,W1WEF,38,23,KC4YVA
19:56:41,14032.7,N4BP,31,4,EA2RCF-4
19:56:41,14033.7,N4DW,30,22,WC2L
19:56:42,14030.2,K0INN,29,7,K5EM
19:56:42,14033.7,N4DW,30,18,KM3T-2
19:56:42,14033.8,N4DW,30,11,K7CO
19:56:42,14044.4,WT9U,38,13,K5EM
19:56:43,14024.5,N3OC,39,24,IT9GSF
19:56:43,14024.5,N3OC,39,27,VE6WZ
19:56:43,14029.6,KH7X,39,21,VE6WZ
19:56:43,14033.7,N4DW,30,20,VE6WZ
19:56:43,14033.7,N4DW,30,19,KM3T-3
19:56:43,14036.7,AC3U,32,25,WX7V/5
19:56:44,14029.6,KH7X,37,10,NU4F
19:56:44,14033.7,N4DW,31,20,W1NT-6
19:56:44,14035.2,VE3JM,38,10,DK0KK
19:56:45,14024.0,VE2FK,34,8,WS3W
19:56:45,14024.5,N3OC,39,11,WS3W
19:56:45,14029.6,KH7X,35,18,N4HAC
19:56:45,14035.5,K3ATO,37,9,K6FOD
19:56:45,14041.6,AE1T,35,4,AK6RI-1
19:56:46,14024.0,VE2FK,34,17,W8WTS
19:56:46,14024.5,N3OC,40,15,DP5G
19:56:46,14024.5,N3OC,37,12,DL1HWS
19:56:46,14035.2,VE3JM,38,9,DL8LAS
19:56:46,14042.6,W7JET,38,10,W8WTS
19:56:47,14024.5,N3OC,40,32,K3PA-1
19:56:47,14024.5,N3OC,40,36,KD7EFG
19:56:47,14024.5,N3OC,40,16,OE9GHV
19:56:47,14026.6,W1WEF,38,8,OE9GHV
19:56:47,14030.1,K0INN,29,27,K3PA-1
19:56:47,14033.7,N4DW,31,17,K3PA-1
19:56:47,14035.2,VE3JM,38,9,DL8LAS-1
19:56:47,14039.9,TN8J,30,9,ZF9CW
19:56:47,14057.0,W1WC,20,9,ZF9CW
19:56:48,14024.5,N3OC,41,13,K1RA-4
19:56:48,14024.5,N3OC,39,29,ND7K
19:56:48,14033.7,N4DW,29,20,KM3T-5
19:56:48,14033.7,N4DW,32,10,K9IMM
19:56:49,14024.5,N3OC,40,15,G4ZFE
19:56:49,14057.0,W1WC,20,10,AC0C-1
19:56:49,14057.0,W1WC,21,8,W3RGA
19:56:50,14026.5,W1WEF,36,9,OK1HRA
19:56:50,14032.8,N4BP,31,24,N2YCH
19:56:50,14035.5,K3ATO,38,10,VE6AO
19:56:50,14042.5,W7JET,38,14,N2EPE
19:56:51,14024.5,N3OC,41,11,EI4HQ
19:56:51,14029.6,KH7X,39,14,K9LC
19:56:52,14024.5,N3OC,39,33,WA7LNW
19:56:52,14024.6,N3OC,41,13,K5EM
19:56:52,14032.7,N4BP,31,30,KC4YVA
19:56:52,14032.7,N4BP,30,28,WA7LNW
19:56:52,14033.7,N4DW,31,18,WA7LNW
19:56:52,14036.2,W5TM,35,37,WA7LNW
19:56:53,14024.5,N3OC,40,21,K7CO
19:56:53,14041.6,AE1T,33,6,DL1HWS-4
19:56:54,14030.0,IU3U,26,7,W1NT-6
19:56:54,14032.2,K0TG,36,12,KM3T-3
19:56:54,14032.7,N4BP,31,25,WX7V/5
19:56:54,14032.7,N4BP,31,23,W1NT-6
19:56:54,14033.7,N4DW,32,14,WX7V/5
19:56:54,14033.7,N4DW,32,13,W2MV
19:56:54,14042.6,W7JET,39,36,WX7V/5
19:56:55,14029.6,KH7X,41,23,WE9V
19:56:55,14032.7,N4BP,31,29,WE9V
19:56:55,14042.5,W7JET,40,15,NU4F
19:56:56,14024.5,N3OC,41,11,DL8LAS
19:56:56,14024.5,N3OC,41,11,DL8LAS-3
19:56:56,14026.6,W1WEF,36,11,DL8LAS
19:56:56,14032.7,N4BP,31,20,W8WTS
19:56:57,14024.6,N3OC,38,9,IK4VET
19:56:57,14032.7,N4BP,31,26,K3PA-1
19:56:57,14036.3,M5TM,29,6,IK4VET
19:56:58,14024.5,N3OC,40,11,DK0TE
19:56:58,14033.7,N4TIW,33,28,ZF9CW
19:56:59,14014.1,IZ4VSZ,23,7,BG7IEJ
19:56:59,14026.6,W1WEF,37,39,K9IMM
19:56:59,14029.0,WA3AAN,31,25,KD7EFG
19:56:59,14032.7,N4BP,29,30,K9IMM
19:56:59,14032.7,N4BP,31,30,W1NT-2
19:56:59,14032.7,N4BP,29,36,W8WWV
19:56:59,14032.7,N4BP,31,17,W6YX
19:56:59,14032.7,N4BP,31,36,AC0C-1
19:56:59,14046.7,N4VI,31,6,VE4DRK
19:56:59,14049.0,ND9M,28,22,W1NT-2
19:56:59,14066.5,WJ0L,22,2,W6YX
19:57:00,14032.7,N4BP,31,37,W3RGA
19:57:00,14032.7,N4BP,31,26,VE6WZ-3
19:57:00,14032.7,N4BP,31,29,N2EPE
19:57:00,14032.8,N4BP,31,28,W2NNN
19:57:00,14038.2,SV1ME,30,28,DL5RCN
19:57:01,14028.9,WA3AAN,31,14,K9LC
19:57:01,14029.0,WA3AAN,30,29,TI7W
19:57:01,14032.7,N4BP,29,21,K9LC
19:57:01,14032.7,N4BP,31,23,WC2L
19:57:01,14037.6,W6SX,35,10,WC2L
19:57:01,14037.7,W6SX,36,11,N2YCH
19:57:01,14044.7,K0RX,33,15,N2YCH
19:57:03,14024.5,N3OC,39,10,DL1HWS-4
19:57:03,14029.0,WA3AAN,31,29,WA7LNW
19:57:03,14032.7,N4BP,30,24,KM3T-2
19:57:03,14037.7,W6SX,37,20,KM3T-2
19:57:03,14048.0,WC1D,22,16,WA7LNW
19:57:04,14028.9,WA3AAN,32,18,IT9GSF
19:57:04,14032.7,N4BP,31,26,VE6WZ
19:57:04,14032.7,N4BP,29,25,KM3T-3
19:57:05,14028.9,WA3AAN,30,10,NU4F
19:57:06,14028.9,WA3AAN,30,16,K5TR
19:57:06,14029.0,WA3AAN,31,8,WE9V
19:57:06,14029.6,KH7X,37,8,W2NAF
19:57:06,14032.7,N4BP,31,30,K5TR
19:57:06,14032.7,N4BP,30,20,NG7M
19:57:06,14032.7,N4BP,31,5,DL8LAS
19:57:06,14035.2,VE3JM,38,8,K6FOD
19:57:06,14035.2,VE3JM,38,10,DL8LAS-3
19:57:06,14042.3,JN1RKE,21,21,BH4XDZ
19:57:07,14024.5,N3OC,39,10,DL8LAS-1
19:57:07,14029.0,WA3AAN,31,11,K3PA-1
19:57:07,14067.0,KE8NJW,22,2,K3PA-1
19:57:08,14024.5,N3OC,39,32,ZF9CW
19:57:08,14029.0,WA3AAN,31,29,ZF9CW
19:57:08,14032.7,N4BP,27,34,K1RA-4
19:57:08,14032.7,N4BP,30,25,KM3T-5
19:57:08,14042.3,JN1RKE,21,20,S53A
19:57:09,14024.0,VE2FK,34,32,KD7EFG
19:57:09,14028.9,WA3AAN,30,19,ND7K
19:57:09,14028.9,WA3AAN,30,26,K9IMM
19:57:10,14024.9,WO4EJ,37,23,N6TV
19:57:10,14028.9,WA3AAN,32,16,VE6WZ-3
19:57:10,14029.0,WA3AAN,32,7,W6YX
19:57:10,14044.3,WT9U,40,18,W6YX
19:57:11,14042.5,W7JET,36,27,K9LC
19:57:12,14029.0,WA3AAN,31,12,K4PP
19:57:12,14029.6,KH7X,38,12,K4PP
19:57:12,14032.7,N4BP,32,21,K4PP
19:57:13,14028.9,WA3AAN,32,9,DR4W
19:57:13,14029.0,WA3AAN,32,13,AA4PA
19:57:13,14032.2,K0TG,38,11,KM3T-2
19:57:13,14036.2,W5TM,37,13,KM3T-2
19:57:13,14044.3,WT9U,39,17,AA4PA
19:57:14,14026.6,W1WEF,37,15,VE6WZ
19:57:14,14028.9,WA3AAN,32,16,VE6WZ
19:57:14,14029.0,WA3AAN,32,11,K7CO
19:57:14,14036.2,W5TM,38,12,VE6WZ
19:57:14,14039.3,K7RL,39,45,K7CO
19:57:14,14042.3,JN1RKE,20,15,IT9GSF
19:57:15,14036.2,W5TM,38,14,KM3T-3
19:57:16,14024.5,N3OC,37,13,K6FOD
19:57:16,14024.5,N3OC,40,38,K5TR
19:57:16,14024.5,N3OC,38,8,NG7M
19:57:16,14056.9,W1WC,20,9,WE9V
19:57:17,14024.5,N3OC,36,10,DM6EE
19:57:17,14029.0,WA3AAN,32,11,DL1HWS
19:57:17,14035.9,N6CHU,28,8,W8WTS
19:57:18,14029.0,WA3AAN,31,16,N9CO
19:57:18,14029.0,WA3AAN,32,8,S53A
19:57:19,14014.0,IZ4VSZ,24,5,ZF9CW
19:57:19,14024.5,N3OC,39,9,DL1HWS-3
19:57:19,14027.7,N5EE,37,25,ZF9CW
19:57:19,14032.2,K0TG,40,12,KM3T-5
19:57:19,14032.7,N4BP,31,38,KD7EFG
19:57:19,14039.3,K7RL,38,31,ZF9CW
19:57:19,14044.3,WT9U,38,13,ZF9CW
19:57:20,14014.0,IZ4VSZ,24,5,VU2TUM
19:57:20,14028.9,WA3AAN,31,13,AC0C-1
19:57:20,14036.2,W5TM,38,7,OK1HRA
19:57:20,14042.5,W7JET,38,37,K9IMM
19:57:21,14028.9,WA3AAN,30,9,VE6AO
19:57:21,14029.6,KH7X,38,39,VE6WZ-3
19:57:21,14029.7,KH7X,39,20,W2NNN
19:57:21,14032.7,N4BP,31,28,TI7W
19:57:21,14039.3,K7RL,39,21,N2EPE
19:57:21,14043.2,K5UV,37,25,VE6WZ-3
19:57:21,14048.5,AB9CA,19,18,N2YCH
19:57:22,14030.1,K0INN,30,15,WC2L
19:57:23,14026.0,WS7L,34,22,KM3T-2
19:57:23,14027.6,N5EE,29,23,K4PP
19:57:23,14029.0,WA3AAN,31,11,DL1HWS-4
19:57:24,14024.9,UA5V,32,35,AA4PA
19:57:24,14032.2,K0TG,38,25,WA7LNW
19:57:24,14048.5,AB9CA,18,10,IT9GSF
19:57:24,14065.0,WA7PGE,17,14,WX7V/5
19:57:25,14026.0,WS7L,35,23,KM3T-3
19:57:25,14029.6,KH7X,38,39,VE6WZ
19:57:25,14033.0,WJ9B,36,10,VE6WZ
19:57:25,14043.2,K5UV,37,25,VE6WZ
19:57:25,14043.2,K5UV,37,26,VE6WZ
19:57:26,14032.2,K0TG,41,4,AK6RI-1
19:57:26,14032.7,N4BP,31,6,KD2OGR
19:57:26,14049.0,ND9M,28,20,W1NT-6
19:57:27,14041.6,AE1T,34,20,WB6BEE
19:57:27,14047.2,K6NR,28,18,K6FOD
19:57:28,14029.6,KH7X,38,42,K3PA-1
19:57:28,14032.7,N4BP,31,36,N9CO
19:57:28,14033.7,N4DW,31,7,S53A
19:57:29,14032.2,K0TG,40,18,ZF9CW
19:57:29,14032.7,N4BP,31,20,ND7K
19:57:30,14036.2,W5TM,37,42,AC0C-1
19:57:30,14038.2,SV1ME,33,28,DL5RCN
19:57:30,14048.5,AB9CA,18,16,KD7EFG
19:57:31,14024.5,N3OC,37,7,VE6AO
19:57:32,14033.0,WJ9B,36,10,VE6WZ-3
19:57:32,14063.0,VE4GH,17,9,VE6WZ-3
19:57:34,14026.6,W1WEF,38,23,IT9GSF
19:57:34,14029.6,KH7X,39,7,W2MV
19:57:34,14031.9,K5OHY,31,24,WA7LNW
19:57:34,14032.7,N4BP,32,30,AA4PA
19:57:34,14033.7,N4DW,34,22,AA4PA
19:57:35,14032.7,N4BP,31,28,N4HAC
19:57:35,14057.0,W1WC,20,9,WX7V/5
19:57:35,14063.0,VE4GH,17,9,VE6WZ
19:57:37,14035.2,VE3JM,38,3,AK6RI-1
19:57:37,14039.2,K7RL,39,29,K5TR
19:57:37,14039.3,K7RL,40,22,AK6RI-1
19:57:38,14032.7,N4BP,31,12,DL8LAS-1
19:57:38,14036.2,W5TM,37,7,W8WTS
19:57:39,14031.9,K5OHY,30,18,K1RA-4
19:57:39,14039.3,K7RL,37,27,N9CO
19:57:39,14063.0,VE4GH,17,8,N9CO
19:57:40,14026.6,W1WEF,38,37,KD7EFG
19:57:40,14033.7,N4DW,32,25,ND7K
19:57:40,14034.5,K1VUT,30,40,KD7EFG
19:57:40,14036.1,W5TM,37,10,VE4DRK
19:57:40,14048.5,AB9CA,19,25,AC0C-1
19:57:41,14028.9,WA3AAN,30,3,WT8P
19:57:42,14039.3,K7RL,36,25,WC2L
19:57:42,14049.0,ND9M,28,9,K9LC
19:57:43,14024.5,N3OC,40,6,DK9IP-1
19:57:43,14033.8,N4DW,32,6,K5EM
19:57:44,14049.0,ND9M,29,24,KM3T-2
19:57:45,14030.6,N4HAI,32,16,AA4PA
19:57:45,14033.7,N4DW,32,12,IT9GSF
19:57:46,14036.2,W5TM,36,16,VE6WZ
19:57:48,14032.7,N4BP,31,5,S53WW
19:57:48,14032.7,N4BP,31,6,OE9GHV
19:57:48,14048.5,AB9CA,19,9,S53A
19:57:49,14036.2,W5TM,37,15,KM3T-5
19:57:49,14049.0,ND9M,28,25,KM3T-5
19:57:50,14033.7,N4DW,32,27,ZF9CW
19:57:50,14065.0,WA7PGE,17,9,W8WWV
19:57:51,14033.7,N4DW,34,43,KD7EFG
19:57:51,14065.0,WA7PGE,17,13,AC0C-1
19:57:52,14035.5,K3ATO,36,5,DK9IP
19:57:52,14036.2,W5TM,36,16,VE6WZ-3
19:57:53,14043.2,K5UV,37,5,KC4YVA
19:57:54,14039.3,K7RL,39,27,K5EM
19:57:54,14065.1,WA7PGE,17,7,K5EM
19:57:55,14008.7,YT2ISM,23,3,HB9EMP
19:57:56,14033.0,WJ9B,36,20,W1NT-6
19:57:57,14036.0,N6CHU,28,6,W2NAF
19:57:59,14039.3,K7RL,37,41,K3PA-1
19:58:00,14014.0,IZ4VSZ,25,6,EA5WU
19:58:02,14035.2,VE3JM,38,6,N6TV
19:58:03,14027.6,N5EE,35,6,WC2L
19:58:03,14048.5,AB9CA,19,10,WC2L
19:58:03,14055.1,KG5DKG,25,6,VE6WZ-3
19:58:04,14034.5,K1VUT,31,10,PE5TT
19:58:05,14044.7,K0RX,34,5,W2MV
19:58:05,14050.5,WA2VJL,15,13,WX7V/5
19:58:05,14055.1,KG5DKG,24,28,AA4PA
19:58:05,14055.1,KG5DKG,25,32,WX7V/5
19:58:06,14041.6,AE1T,35,15,VE6WZ
19:58:06,14050.5,WA2VJL,15,20,WA7LNW
19:58:06,14055.1,KG5DKG,25,6,VE6WZ
19:58:08,14024.9,W8FJ,43,38,K5TR
19:58:08,14032.2,K0TG,32,11,NG7M
19:58:08,14033.7,N4DW,32,17,NG7M
19:58:08,14041.6,AE1T,32,42,WE9V
19:58:08,14050.5,WA2VJL,15,10,WE9V
19:58:08,14055.1,KG5DKG,25,15,WB6BEE
19:58:08,14055.1,KG5DKG,25,13,WE9V
19:58:08,14055.1,KG5DKG,25,18,K5TR
19:58:09,14024.5,N3OC,39,8,DK3WW
19:58:09,14032.2,K0TG,41,29,K3PA-1
19:58:09,14041.6,AE1T,36,18,S53A
19:58:09,14055.1,KG5DKG,25,14,N9CO
19:58:09,14055.1,KG5DKG,25,17,K3PA-1
19:58:10,14055.1,KG5DKG,25,18,K1RA-4
19:58:11,14032.2,K0TG,39,47,KD7EFG
19:58:11,14032.7,N4BP,32,42,ZF9CW
19:58:11,14036.0,N6CHU,28,19,ZF9CW
19:58:11,14041.6,AE1T,35,33,ZF9CW
19:58:11,14050.5,WA2VJL,15,9,W6YX
19:58:11,14050.5,WA2VJL,15,13,W8WWV
19:58:11,14055.1,KG5DKG,25,7,W6YX
19:58:11,14055.1,KG5DKG,24,19,W8WWV
19:58:12,14035.5,K3ATO,37,5,EI4HQ
19:58:12,14041.6,AE1T,34,32,AC0C-1
19:58:12,14043.7,F5PLC,24,14,TI7W
19:58:12,14046.8,N4VI,33,26,TI7W
19:58:12,14055.1,KG5DKG,25,9,K9IMM
19:58:12,14055.1,KG5DKG,25,24,AC0C-1
19:58:12,14055.1,KG5DKG,25,8,N2EPE
19:58:12,14055.1,KG5DKG,25,3,N2YCH
19:58:12,14055.1,KG5DKG,25,18,TI7W
19:58:13,14029.0,WA3AAN,31,5,N6TV
19:58:13,14041.6,AE1T,35,20,K9LC
19:58:13,14041.6,AE1T,35,15,VE6WZ-3
19:58:13,14042.5,W7JET,39,21,N7VVX
19:58:13,14055.2,KG5DKG,25,3,W2NNN
19:58:14,14030.7,N4HAI,31,15,KM3T-2
19:58:14,14041.6,AE1T,35,20,K4PP
19:58:15,14030.6,N4HAI,31,7,IT9GSF
19:58:15,14033.0,OH3BCX,32,18,IT9GSF
19:58:16,14024.5,N3OC,39,40,AA4PA
19:58:16,14030.7,N4HAI,31,23,WA7LNW
19:58:16,14032.2,K0TG,39,23,AA4PA
19:58:16,14034.5,K1VUT,31,35,K7CO
19:58:16,14055.1,KG5DKG,25,14,N4HAC
19:58:16,14055.1,KG5DKG,25,14,N4HAC
19:58:17,14030.6,N4HAI,31,16,KM3T-3
19:58:17,14030.7,N4HAI,31,13,W1NT-6
19:58:17,14033.0,OH3BCX,33,30,LZ5DI
19:58:17,14033.1,OH3BCX,32,23,LZ5DI
19:58:17,14039.3,K7RL,38,24,W1NT-6
19:58:18,14033.0,OH3BCX,33,32,IK7YTT
19:58:18,14033.1,OH3BCX,33,35,IK4VET
19:58:19,14033.0,OH3BCX,32,25,LZ7AA
19:58:19,14033.0,OH3BCX,32,18,S53WW
19:58:19,14033.0,OH3BCX,32,21,F4GOU
19:58:20,14030.6,N4HAI,31,17,KM3T-5
19:58:20,14030.7,N4HAI,31,19,K3PA-1
19:58:20,14031.9,K5OHY,31,16,N9CO
19:58:20,14033.0,OH3BCX,32,17,LZ3CB
19:58:20,14033.0,OH3BCX,32,13,EA5WU
19:58:20,14039.2,K7RL,38,32,K1RA-4
19:58:20,14039.3,K7RL,36,7,VE7CC
19:58:20,14039.3,K7RL,36,7,VE7CC
19:58:20,14043.7,F5PLC,24,9,K1RA-4
19:58:20,14048.0,WC1D,23,26,N9CO
19:58:21,14026.4,W1WEF,38,13,VE4DRK
19:58:21,14030.7,N4HAI,31,19,W1NT-2
19:58:21,14030.7,N4HAI,31,9,W6YX
19:58:21,14030.7,N4HAI,31,29,ZF9CW
19:58:21,14035.1,VE3JM,38,10,OK1HRA
19:58:21,14039.2,K7RL,38,25,W3RGA
19:58:21,14055.1,KG5DKG,25,17,ZF9CW
19:58:21,14055.1,KG5DKG,25,10,W3RGA
19:58:22,14030.6,N4HAI,31,25,AC0C-1
19:58:22,14033.0,OH3BCX,31,34,EI4HQ
19:58:22,14036.2,W5TM,37,42,KD7EFG
19:58:22,14055.1,KG5DKG,25,23,KD7EFG
19:58:23,14030.6,N4HAI,31,11,VE6AO
19:58:23,14030.7,N4HAI,31,18,TI7W
19:58:23,14033.0,OH3BCX,32,24,G4KCM
19:58:23,14033.0,OH3BCX,33,35,HB9BXE
19:58:23,14034.4,K1VUT,30,13,KC4YVA
19:58:23,14034.5,K1VUT,32,28,TI7W
19:58:23,14039.3,K7RL,37,26,W2NNN
19:58:23,14039.3,K7RL,38,26,KC4YVA
19:58:24,14039.3,K7RL,38,23,N7VVX
19:58:25,14035.2,VE3JM,37,13,MM9PSY
19:58:25,14043.7,F5PLC,24,7,W2MV
19:58:26,14033.1,OH3BCX,32,10,HB9EMP
19:58:26,14037.1,K0AN,32,6,JJ2VLY
19:58:27,14014.0,W2KS,20,3,KM3T-3
19:58:27,14033.0,OH3BCX,32,30,IK3STG
19:58:27,14037.6,W6SX,37,20,N4HAC
19:58:28,14035.2,VE3JM,37,24,IK4VET
19:58:29,14030.6,N4HAI,31,14,K5TR
19:58:29,14033.0,OH3BCX,33,45,S53A
19:58:29,14037.6,W6SX,37,17,NG7M
19:58:29,14037.6,W6SX,37,27,K5TR
19:58:30,14029.0,WA3AAN,32,7,DL1HWS-3
19:58:30,14037.7,W6SX,36,25,K3PA-1
19:58:31,14008.6,YT2ISM,24,3,LB9KJ
19:58:31,14024.5,N3OC,39,6,EA5WU
19:58:31,14033.0,OH3BCX,31,9,EA4RKC
19:58:32,14014.0,W2KS,19,5,W8WWV
19:58:32,14031.9,K5OHY,31,20,K9IMM
19:58:32,14033.0,WJ9B,35,14,W3RGA
19:58:32,14033.0,OH3BCX,32,15,ES2RR
19:58:32,14037.6,W6SX,37,49,KD7EFG
19:58:32,14037.6,W6SX,37,21,AC0C-1
19:58:32,14037.7,W6SX,36,16,W3RGA
19:58:33,14014.1,W2KS,20,2,W2NNN
19:58:33,14044.3,WT9U,39,5,VE6AO
19:58:34,14037.6,W6SX,34,16,K9LC
19:58:35,14014.0,W2KS,19,3,KM3T-2
19:58:35,14044.3,WT9U,38,6,K4PP
19:58:35,14068.6,DL8NBM,23,21,RK3TD-2
19:58:37,14032.7,N4BP,30,12,NU4F
19:58:37,14037.7,W6SX,36,31,WA7LNW
19:58:38,14026.6,W1WEF,38,6,DL1HWS
19:58:40,14041.6,AE1T,37,8,G4ZFE
19:58:41,14041.6,AE1T,37,29,K3PA-1
19:58:41,14041.6,AE1T,37,25,ND7K
19:58:41,14052.9,WG0Y,19,20,K3PA-1
19:58:41,14052.9,WG0Y,19,22,ND7K
19:58:41,14067.0,KE8NJW,22,5,ND7K
19:58:42,14035.5,K3ATO,34,13,W3RGA
19:58:42,14041.6,AE1T,37,11,EI4HQ
19:58:42,14041.6,AE1T,36,8,WT8P
19:58:42,14052.9,WG0Y,19,14,ZF9CW
19:58:42,14052.9,WG0Y,19,16,W3RGA
19:58:43,14041.6,AE1T,28,6,GI4DOH
19:58:43,14041.6,AE1T,37,40,K9IMM
19:58:43,14052.9,WG0Y,19,19,AC0C-1
19:58:44,14030.6,N4HAI,31,16,VE6WZ-3
19:58:44,14036.3,W5TM,36,27,K7EK
19:58:44,14049.1,ND9M,28,11,K7EK
19:58:45,14028.9,WA3AAN,29,7,DK0KK
19:58:45,14030.7,N4HAI,31,7,K5EM
19:58:45,14032.2,M0TG,36,17,K5EM
19:58:45,14043.7,F5PLC,24,12,KM3T-2
19:58:45,14053.0,WG0Y,19,8,K5EM
19:58:46,14025.5,K7SS,40,24,AA4PA
19:58:46,14041.6,AE1T,36,36,WX7V/5
19:58:47,14024.5,N3OC,41,5,NU4F
19:58:47,14030.6,N4HAI,31,16,VE6WZ
19:58:47,14030.6,N4HAI,31,10,NU4F
19:58:47,14032.7,N4BP,31,7,WS3W
19:58:47,14041.6,AE1T,37,22,K7CO
19:58:47,14041.6,AE1T,36,27,NU4F
19:58:47,14043.7,F5PLC,24,7,N4HAC
19:58:47,14052.9,WG0Y,19,40,WA7LNW
19:58:48,14026.6,M1WEF,23,9,AK6RI-1
19:58:48,14035.9,N6CHU,28,17,K6FOD
19:58:48,14035.9,N6CHU,27,13,AK6RI-1
19:58:48,14041.6,AE1T,35,13,DP5G
19:58:48,14052.9,WG0Y,19,14,K6FOD
19:58:49,14050.5,WA2VJL,15,11,WB6BEE
19:58:50,14035.9,N6CHU,28,26,NG7M
19:58:50,14035.9,N6CHU,28,31,K5TR
19:58:50,14052.9,WG0Y,19,30,NG7M
19:58:50,14052.9,WG0Y,19,13,K5TR
19:58:51,14042.6,W7JET,37,24,K1RA-4
19:58:51,14050.5,WA2VJL,15,9,K3PA-1
19:58:52,14014.0,W2KS,19,7,W1NT-2
19:58:52,14014.0,W2KS,20,13,W3RGA
19:58:52,14052.9,WG0Y,19,9,W1NT-2
19:58:52,14052.9,WG0Y,19,15,W6YX
19:58:52,14052.9,WG0Y,19,8,W8WWV
19:58:53,14014.0,W2KS,20,9,N2EPE
19:58:53,14037.1,K0SN,34,37,AC0C-1
19:58:53,14037.7,W6SX,34,26,K9IMM
19:58:53,14039.3,K7RL,40,12,N2YCH
19:58:53,14043.7,F5PLC,24,25,AC0C-1
19:58:53,14052.9,WG0Y,19,4,N2EPE
19:58:54,14014.0,W2KS,19,15,KC4YVA
19:58:54,14025.5,K7SS,39,9,N6TV
19:58:54,14029.6,KH7X,38,13,K7EK
19:58:54,14037.1,K0SN,38,10,K7EK
19:58:54,14044.8,K0RX,33,5,K7EK
19:58:54,14048.1,WC1D,23,11,K7EK
19:58:54,14050.5,WA2VJL,15,5,N6TV
19:58:55,14033.0,WJ9B,35,14,K4PP
19:58:56,14052.9,WG0Y,19,9,WX7V/5
19:58:57,14042.6,W7JET,39,35,K7CO
19:58:57,14042.6,W7JET,38,11,VE6WZ
19:58:57,14052.9,WG0Y,19,11,AA4PA
19:58:58,14031.9,K5OHY,31,12,N4HAC
19:58:58,14033.0,OH3BCX,32,7,LZ4UX
19:58:58,14033.7,N4DW,32,6,KD2M
19:58:58,14036.0,N6CHU,28,27,WA7LNW
19:58:58,14036.0,N6CHU,27,9,W1NT-6
19:58:58,14038.9,AC3U,32,12,WA7LNW
19:58:58,14042.6,W7JET,37,26,W1NT-6
19:58:58,14044.3,WT9M,39,14,W1NT-6
19:58:59,14014.0,W2KS,19,21,WB6BEE
19:58:59,14024.5,N3OC,40,4,S53WW
19:58:59,14029.6,KH7X,38,13,W8WTS
19:58:59,14033.0,OH3NECX,32,12,LZ4AE
19:58:59,14037.1,K0SN,34,4,AK6RI-1
19:58:59,14042.5,W7JET,38,10,AK6RI-1
19:58:59,14043.7,F5PLC,24,11,IK7YTT
19:59:00,14033.0,OH3BCX,32,15,OE9GHV
19:59:00,14035.9,N6CHU,28,27,WE9V
19:59:00,14066.1,R2AJA/B,23,5,S53A
19:59:01,14014.0,W2KS,21,6,KM3T-5
19:59:01,14042.5,W7JET,36,30,KM3T-5
19:59:02,14014.0,W2KS,20,14,K1RA-4
19:59:02,14033.0,OH3BCX,32,9,VU2TUM
19:59:02,14041.1,N5RZ,38,44,ZF9CW
19:59:02,14042.6,W7JET,36,37,W1NT-2
19:59:03,14042.3,JN1RKE,20,8,LU8XW
19:59:03,14047.2,K6NR,25,40,KD7EFG
19:59:03,14047.2,K6NR,25,2,WT8P
19:59:04,14041.2,N5RZ,37,22,K7EK
19:59:04,14042.6,W7JET,40,24,TI7W
19:59:04,14044.3,WT9U,38,13,TI7W
19:59:04,14047.3,K6NR,25,14,K7EK
19:59:05,14033.0,OH3BCX,31,8,S50U
19:59:05,14035.9,N6CHU,27,29,N7VVX
19:59:05,14041.1,N5RZ,38,27,N7VVX
19:59:05,14041.1,N5RZ,38,30,N6TV
19:59:05,14041.1,N5RZ,36,16,VE6WZ-3
19:59:05,14042.6,W7JET,37,12,N6TV
19:59:05,14042.6,W7JET,40,17,K5EM
19:59:06,14029.6,KH7X,33,21,KM3T-2
19:59:06,14038.9,AC3U,32,13,IT9GSF
19:59:06,14041.1,N5RZ,37,17,KM3T-2
19:59:06,14052.9,WG0Y,19,8,KM3T-2
19:59:07,14033.0,OH3BCX,32,9,SZ1A
19:59:07,14035.9,N6CHU,28,17,AA4PA
19:59:07,14042.3,JN1RKE,20,16,RU9CZD
19:59:07,14047.2,K6NR,25,27,WX7V/5
19:59:08,14026.6,W1WEF,35,23,K7CO
19:59:08,14026.6,W1WEF,35,16,DL8LAS-3
19:59:08,14026.6,W1WEF,35,16,DL8LAS
19:59:08,14032.8,N4BP,31,17,IK4VET
19:59:08,14033.0,WJ9B,35,5,VE6WZ
19:59:08,14036.0,N6CHU,28,43,K7CO
19:59:08,14041.1,N5RZ,36,13,VE6WZ
19:59:08,14041.1,N5RZ,36,16,VE6WZ
19:59:08,14047.2,K6NR,25,38,K7CO
19:59:08,14047.2,K6NR,25,21,N4HAC
19:59:08,14055.1,KG5DKG,25,7,WA7LNW
19:59:09,14041.1,N5RZ,36,19,K6FOD
19:59:09,14041.6,AE1T,37,8,KD2M
19:59:09,14042.3,JN1RKE,20,9,LZ4AE
19:59:09,14043.2,K5UV,37,17,W1NT-6
19:59:09,14047.2,K6NR,25,14,W1NT-6
19:59:09,14052.9,WG0Y,19,8,KM3T-3
19:59:10,14032.7,N4BP,30,9,DK3WW
19:59:10,14033.0,OH3BCX,32,19,5Z4GO
19:59:10,14041.1,N5RZ,37,26,NG7M
19:59:10,14042.3,JN1RKE,20,17,5Z4GO
19:59:10,14042.5,W7JET,35,24,NG7M
19:59:10,14044.3,WT9U,39,17,NG7M
19:59:10,14047.2,K6NR,25,27,NG7M
19:59:11,14047.2,K6NR,25,37,K3PA-1
19:59:11,14052.9,WG0Y,19,9,KM3T-5
19:59:12,14035.9,N6CHU,28,31,W6YX
19:59:12,14041.6,AE1T,32,17,W1NT-2
19:59:12,14052.9,WG0Y,19,10,K1RA-4
19:59:13,14033.0,OH3BCX,32,37,G0KTN
19:59:13,14041.6,AE1T,37,39,KD7EFG
19:59:13,14047.2,K6NR,25,29,ZF9CW
19:59:14,14035.9,N6CHU,28,15,K9IMM
19:59:15,14035.1,VE3JM,36,10,DR4W
19:59:15,14035.2,VE3JM,33,6,M1GEO
19:59:15,14035.5,K3ATO,35,8,PE5TT
19:59:15,14036.0,N6CHU,28,10,K7EK
19:59:15,14036.2,W5TM,37,10,WC2L
19:59:15,14043.8,F5PLC,24,9,K7EK
19:59:15,14047.2,K6NR,25,21,N7VVX
19:59:15,14053.0,WG0Y,19,2,K7EK
19:59:16,14042.3,JN1RKE,21,17,BH4RRG
19:59:16,14042.3,JN1RKE,21,16,BH4RRG0
19:59:16,14056.0,KE4WL,21,6,VE6WZ-3
19:59:18,14035.2,VE3JM,38,15,NU4F
19:59:18,14037.7,W6SX,36,12,VE6WZ
19:59:18,14050.0,N7JMS,20,4,AA4PA
19:59:18,14056.0,KE4WL,21,6,VE6WZ
19:59:19,14032.8,N4BP,31,8,W2NAF
19:59:19,14038.0,OK2NAJ,34,46,DL8LAS
19:59:19,14038.0,OK2NAJ,34,46,DL8LAS-1
19:59:19,14052.9,WG0Y,19,4,W1NT-6
19:59:21,14005.1,CN2DX,28,14,OH8KA
19:59:21,14050.0,N7JMS,20,15,K5TR
19:59:21,14052.9,WG0Y,19,2,N9CO
19:59:22,14024.4,N3OC,41,7,OK1HRA
19:59:22,14025.8,WS7L,34,23,VE4DRK
19:59:22,14030.6,N4HAI,31,20,ND7K
19:59:22,14035.2,VE3JM,38,31,K3PA-1
19:59:22,14037.6,W6SX,37,20,K1RA-4
19:59:22,14037.6,W6SX,38,29,ND7K
19:59:23,14033.0,OH3BCX,33,11,BD8CS
19:59:23,14035.9,N6CHU,28,35,W8WWV
19:59:23,14037.6,W6SX,38,24,W8WWV
19:59:23,14038.0,OK2NAJ,33,53,OH6BG
19:59:23,14067.0,KE8NJW,22,5,ZF9CW
19:59:24,14005.0,CN2DX,28,18,ON6ZQ
19:59:24,14030.7,N4HAI,31,27,KD7EFG
19:59:24,14036.2,W5TM,36,6,N2EPE
19:59:24,14037.6,W6SX,36,10,N2EPE
19:59:24,14038.9,AC3U,33,19,KD7EFG
19:59:24,14039.3,K7RL,38,38,AC0C-1
19:59:24,14052.9,WG0Y,19,20,KD7EFG
19:59:24,14052.9,WG0Y,19,7,TI7W
19:59:25,14032.7,N4BP,30,8,DK9IP-1
19:59:25,14037.6,W6SX,37,16,N7VVX
19:59:26,14005.0,CN2DX,28,24,RK3TD-2
19:59:26,14034.4,K1VUT,30,4,DK0KK
19:59:26,14035.2,VE3JM,38,17,K4PP
19:59:26,14037.7,W6SX,37,20,K5EM
19:59:26,14046.8,N4VI,31,24,WC2L
19:59:27,14037.7,W6SX,37,28,WX7V/5
19:59:27,14049.0,ND9M,28,29,WX7V/5
19:59:28,14005.0,CN2DX,28,15,LZ5DI
19:59:28,14034.4,K1VUT,32,6,DP5G
19:59:28,14039.3,K7RL,37,20,AA4PA
19:59:29,14026.7,W1WEF,37,9,IK4VET
19:59:29,14035.2,VE3JM,37,8,IK7YTT
19:59:30,14005.0,CN2DX,28,36,DK0TE
19:59:30,14033.0,WJ9B,34,21,WB6BEE
19:59:30,14033.0,WJ9B,36,11,K6FOD
19:59:30,14039.2,K7RL,39,35,WB6BEE
19:59:30,14043.2,K5UV,37,9,WB6BEE
19:59:31,14024.5,N3OC,40,6,WE9V
19:59:32,14032.7,N4BP,30,13,OK1HRA
19:59:33,14028.2,AI5IN,36,21,K1RA-4
19:59:33,14028.2,AI5IN,34,31,W1NT-2
19:59:33,14028.2,AI5IN,33,30,ND7K
19:59:33,14028.2,AI5IN,33,32,W3RGA
19:59:33,14028.2,AI5IN,34,19,W6YX
19:59:33,14028.2,AI5IN,33,30,W8WWV
19:59:33,14047.2,K6NR,25,25,K1RA-4
19:59:33,14047.2,K6NR,25,23,W1NT-2
19:59:34,14028.2,AI5IN,35,26,ZF9CW
19:59:34,14028.2,AI5IN,33,25,N2YCH
19:59:34,14029.6,KH7X,38,9,WT8P
19:59:34,14042.6,W7JET,42,28,ZF9CW
19:59:34,14043.2,K5UV,37,7,WT8P
19:59:34,14047.2,K6NR,25,15,N2EPE
19:59:34,14047.2,K6NR,25,21,N2YCH
19:59:34,14060.0,EA2CAR,17,13,BD8CS
19:59:34,14065.0,WA7PGE,12,20,KD7EFG
19:59:35,14008.7,YT2ISM,23,10,RN4WA
19:59:35,14028.2,AI5IN,35,16,K9IMM
19:59:35,14028.2,AI5IN,34,15,KC4YVA
19:59:35,14028.2,AI5IN,33,38,AC0C-1
19:59:35,14028.2,AI5IN,34,29,K7EK
19:59:35,14030.1,K2INN,31,19,TI7W
19:59:35,14035.2,VE3JM,35,9,DL1HWS-4
19:59:35,14039.3,K7RL,38,29,K9IMM
19:59:35,14039.3,K7RL,38,24,TI7W
19:59:35,14047.2,K6NR,25,11,VE6AO
19:59:35,14047.2,K6NR,24,47,AC0C-1
19:59:35,14056.0,KE4WLE,21,19,AC0C-1
19:59:35,14068.7,DL8NBM,23,5,RN4WA
19:59:36,14028.2,AI5IN,34,10,N6TV
19:59:36,14028.2,AI5IN,35,6,N7VVX
19:59:36,14028.2,AI5IN,34,36,WC2L
19:59:36,14028.2,AI5IN,35,10,K4PP
19:59:36,14028.2,AI5IN,35,19,W2MV
19:59:36,14028.2,AI5IN,35,20,K9LC
19:59:36,14028.3,AI5IN,35,11,K5EM
19:59:36,14029.0,WA3AAN,33,6,K5EM
19:59:36,14037.6,W6SX,37,13,K4PP
19:59:36,14042.6,W7JET,43,12,W2MV
19:59:36,14047.2,K6NR,25,21,K9LC
19:59:36,14056.0,KE4WLE,20,11,KM3T-2
19:59:37,14028.2,AI5IN,35,13,IT9GSF
19:59:38,14028.2,AI5IN,35,3,KD2OGR
19:59:38,14029.0,WA3AAN,33,7,DP5G
19:59:38,14042.6,W7JET,43,26,AA4PA
19:59:38,14052.0,KD9UDV,26,10,WX7V/5
19:59:39,14028.2,AI5IN,34,24,N4HAC
19:59:39,14028.2,AI5IN,34,13,VE6WZ
19:59:39,14028.2,AI5IN,35,10,KD2M
19:59:39,14028.3,AI5IN,36,13,IK4VET
19:59:39,14033.1,OH3BCX,32,6,DL8LAS-3
19:59:39,14033.1,OH3BCX,32,6,DL8LAS
19:59:39,14035.1,VE3JM,37,16,VE6WZ
19:59:39,14056.0,KE4WLE,21,12,K7CO
19:59:40,14028.2,AI5IN,35,12,W2NAF
19:59:40,14028.2,AI5IN,33,30,W1NT-6
19:59:40,14028.2,AI5IN,34,8,AK6RI-1
19:59:40,14028.2,AI5IN,34,19,K6FOD
19:59:40,14035.2,VE3JM,38,15,5Z4GO
19:59:40,14056.0,KE4WLE,20,12,KM3T-3
19:59:40,14056.0,KE4WLE,21,9,W1NT-6
19:59:41,14022.8,VE3BXG,28,19,K5TR
19:59:41,14028.2,AI5IN,35,16,ZL4YL
19:59:41,14028.2,AI5IN,34,8,K5TR
19:59:41,14028.2,AI5IN,34,25,WE9V
19:59:41,14047.2,K6NR,25,24,K5TR
19:59:42,14022.8,VE3BXG,28,21,N9CO
19:59:42,14034.4,K1VUT,31,5,OK1HRA
19:59:42,14056.0,KE4WLE,19,14,KM3T-5
19:59:43,14022.8,VE3BXG,28,10,K3PA-1
19:59:43,14028.2,AI5IN,33,37,K3PA-1
19:59:43,14035.2,VE3JM,38,15,W6YX
19:59:43,14056.0,KE4WLE,21,12,K3PA-1
19:59:43,14056.0,KE4WLE,22,16,W1NT-2
19:59:44,14022.8,VE3BXG,28,18,ZF9CW
19:59:44,14028.2,AI5IN,33,29,N2EPE
19:59:44,14047.1,K6NR,25,27,W8WWV
19:59:44,14056.0,KE4WLE,21,18,ZF9CW
19:59:44,14056.0,KE4WLE,20,16,KD7EFG
19:59:45,14022.8,VE3BXG,28,11,K9IMM
19:59:45,14028.2,AI5IN,34,22,TI7W
19:59:45,14032.7,N4BP,31,6,DR4W
19:59:45,14035.9,N6CHU,29,35,AC0C-1
19:59:45,14036.2,W5TM,38,44,WT9U
19:59:46,14022.8,VE3BXG,28,16,K7EK
19:59:46,14032.2,K0TG,39,21,VE6WZ-3
19:59:46,14035.1,VE3JM,37,16,VE6WZ-3
19:59:47,14028.2,AI5IN,34,40,KM3T-2
19:59:47,14035.1,VE3JM,35,34,K9LC
19:59:49,14028.2,AI5IN,35,15,NU4F
19:59:49,14028.2,AI5IN,36,20,K7CO
19:59:49,14032.2,K0TG,39,21,VE6WZ
19:59:49,14047.2,K6NR,25,8,VE6WZ
19:59:50,14022.8,VE3BXG,28,14,WA7LNW
19:59:50,14028.2,AI5IN,32,40,WA7LNW
19:59:50,14028.2,AI5IN,32,41,KM3T-3
19:59:50,14028.2,AI5IN,32,38,WB6BEE
19:59:50,14067.0,KE8NJW,22,3,WA7LNW
19:59:51,14028.2,AI5IN,34,12,S53A
19:59:51,14033.0,OH3BCX,31,8,ES5PC
19:59:51,14049.0,ND9M,28,8,S53A
19:59:52,14024.5,N3OC,40,4,ZL4YL
19:59:52,14028.2,AI5IN,35,5,EA4RKC
19:59:52,14028.2,AI5IN,34,41,KM3T-5
19:59:52,14032.9,OH3BCX,32,5,OK1HRA
19:59:52,14039.3,K7RL,40,5,ZL4YL
19:59:52,14060.0,KK7OOG,21,3,K5TR
19:59:53,14037.5,W6SX,37,16,VE4DRK
19:59:53,14047.2,K6NR,26,29,ND7K
19:59:54,14031.9,K5OHY,30,33,W6YX
19:59:55,14028.2,AI5IN,36,6,VE6AO
19:59:55,14040.3,KX2P,28,4,N2YCH
19:59:55,14052.0,KD9UDV,26,9,KD7EFG
19:59:56,14025.0,IT9BGE,20,14,RK3TD-2
19:59:56,14028.3,AI5IN,34,25,W2NNN
19:59:57,14026.6,W1WEF,37,22,K9LC
19:59:58,14005.0,CN2DX,28,29,IK3STG
19:59:58,14025.0,IT9BGE,20,22,IK3STG
19:59:59,14005.0,CN2DX,28,29,DL1HWS
19:59:59,14005.0,CN2DX,28,23,DL8LAS
19:59:59,14022.8,VE3BXG,28,7,NU4F
19:59:59,14028.2,AI5IN,33,42,AA4PA
19:59:59,14038.9,N0KO,32,3,NU4F
20:00:00,14005.0,CN2DX,28,22,DC8YZ
20:00:00,14005.0,CN2DX,28,35,DK0TE
20:00:00,14026.0,WS7L,34,29,VE6WZ
20:00:00,14049.0,ND9M,28,16,KD2M
